{
 "type": "FeatureCollection",
 "features": [
  {
   "type": "Feature",
   "properties": {
    "name": "Noontootla Creek (+ upper Chester Creek reach)",
    "category": "waterway",
    "note": "Three Forks to Toccoa River confluence, stitched from OSM ways; the reach from Three Forks to ~34.6726,-84.1968 is OSM-tagged \"Chester Creek\" even though it is common-usage \"Noontootla Creek\" from Three Forks.",
    "coord_source": "OpenStreetMap contributors, via api.openstreetmap.org/api/0.6/map and /api/0.6/way/<id>/full, 2026-09-21 (ODbL). Georgia land lot polygons: GA Geospatial Info Office \"Georgia_Landlots_and_Militia_Districts\" ArcGIS Feature Service (services7.arcgis.com/Za9Nk6CPIPbvR1t7). Ownership: USFS EDW_BasicOwnership_01 MapServer point query. Elevation: api.opentopodata.org aster30m."
   },
   "geometry": {
    "type": "LineString",
    "coordinates": [
     [
      -84.18463,
      34.663407
     ],
     [
      -84.184774,
      34.66354
     ],
     [
      -84.184868,
      34.663815
     ],
     [
      -84.184931,
      34.664184
     ],
     [
      -84.185156,
      34.664524
     ],
     [
      -84.185266,
      34.664628
     ],
     [
      -84.185681,
      34.664919
     ],
     [
      -84.186467,
      34.665437
     ],
     [
      -84.186806,
      34.665741
     ],
     [
      -84.186995,
      34.666019
     ],
     [
      -84.187058,
      34.666387
     ],
     [
      -84.187002,
      34.666659
     ],
     [
      -84.18669,
      34.667347
     ],
     [
      -84.186622,
      34.667681
     ],
     [
      -84.186582,
      34.66832
     ],
     [
      -84.186602,
      34.66857
     ],
     [
      -84.186743,
      34.668862
     ],
     [
      -84.187083,
      34.669128
     ],
     [
      -84.187295,
      34.669101
     ],
     [
      -84.187576,
      34.66923
     ],
     [
      -84.187722,
      34.669303
     ],
     [
      -84.187922,
      34.669334
     ],
     [
      -84.188103,
      34.669312
     ],
     [
      -84.188423,
      34.669258
     ],
     [
      -84.188846,
      34.669268
     ],
     [
      -84.189035,
      34.669316
     ],
     [
      -84.189136,
      34.669458
     ],
     [
      -84.189176,
      34.669538
     ],
     [
      -84.189323,
      34.669576
     ],
     [
      -84.189428,
      34.669605
     ],
     [
      -84.189612,
      34.669784
     ],
     [
      -84.189735,
      34.669901
     ],
     [
      -84.189839,
      34.669965
     ],
     [
      -84.189978,
      34.669933
     ],
     [
      -84.190499,
      34.669884
     ],
     [
      -84.190764,
      34.669872
     ],
     [
      -84.190952,
      34.669938
     ],
     [
      -84.191052,
      34.670115
     ],
     [
      -84.191184,
      34.670591
     ],
     [
      -84.191329,
      34.670708
     ],
     [
      -84.191643,
      34.670794
     ],
     [
      -84.191964,
      34.67102
     ],
     [
      -84.192056,
      34.671118
     ],
     [
      -84.192423,
      34.67124
     ],
     [
      -84.192622,
      34.671298
     ],
     [
      -84.192876,
      34.671295
     ],
     [
      -84.19332,
      34.67134
     ],
     [
      -84.193699,
      34.671401
     ],
     [
      -84.193905,
      34.671572
     ],
     [
      -84.193905,
      34.671887
     ],
     [
      -84.193922,
      34.672019
     ],
     [
      -84.194028,
      34.672166
     ],
     [
      -84.194223,
      34.672345
     ],
     [
      -84.194473,
      34.672482
     ],
     [
      -84.194778,
      34.672533
     ],
     [
      -84.195064,
      34.672548
     ],
     [
      -84.195404,
      34.672504
     ],
     [
      -84.195554,
      34.672455
     ],
     [
      -84.195776,
      34.67246
     ],
     [
      -84.196039,
      34.672518
     ],
     [
      -84.196378,
      34.672509
     ],
     [
      -84.196651,
      34.672585
     ],
     [
      -84.196837,
      34.672587
     ],
     [
      -84.197207,
      34.673575
     ],
     [
      -84.197143,
      34.674124
     ],
     [
      -84.196897,
      34.67473
     ],
     [
      -84.196915,
      34.674991
     ],
     [
      -84.196965,
      34.675128
     ],
     [
      -84.197549,
      34.675579
     ],
     [
      -84.197751,
      34.676018
     ],
     [
      -84.197752,
      34.676252
     ],
     [
      -84.197173,
      34.676858
     ],
     [
      -84.1956874,
      34.6777194
     ],
     [
      -84.195428,
      34.677925
     ],
     [
      -84.195434,
      34.6781
     ],
     [
      -84.195523,
      34.678234
     ],
     [
      -84.195759,
      34.678449
     ],
     [
      -84.196218,
      34.67873
     ],
     [
      -84.197999,
      34.679452
     ],
     [
      -84.1991,
      34.680328
     ],
     [
      -84.199268,
      34.680602
     ],
     [
      -84.199269,
      34.680849
     ],
     [
      -84.1985144,
      34.6815158
     ],
     [
      -84.19821,
      34.681869
     ],
     [
      -84.198129,
      34.68235
     ],
     [
      -84.198435,
      34.683641
     ],
     [
      -84.198287,
      34.683998
     ],
     [
      -84.198022,
      34.684288
     ],
     [
      -84.197716,
      34.684523
     ],
     [
      -84.197343,
      34.684702
     ],
     [
      -84.196141,
      34.685029
     ],
     [
      -84.195883,
      34.685146
     ],
     [
      -84.195768,
      34.685422
     ],
     [
      -84.195868,
      34.685627
     ],
     [
      -84.196534,
      34.685817
     ],
     [
      -84.196917,
      34.686022
     ],
     [
      -84.198016,
      34.687081
     ],
     [
      -84.198737,
      34.687615
     ],
     [
      -84.198983,
      34.687754
     ],
     [
      -84.199343,
      34.687829
     ],
     [
      -84.199905,
      34.687875
     ],
     [
      -84.200628,
      34.687891
     ],
     [
      -84.201315,
      34.687816
     ],
     [
      -84.2017086,
      34.6878072
     ],
     [
      -84.202161,
      34.68779
     ],
     [
      -84.202885,
      34.687781
     ],
     [
      -84.20353,
      34.687746
     ],
     [
      -84.203741,
      34.687768
     ],
     [
      -84.20398,
      34.687823
     ],
     [
      -84.204532,
      34.687852
     ],
     [
      -84.205035,
      34.687868
     ],
     [
      -84.205586,
      34.687931
     ],
     [
      -84.205996,
      34.68799
     ],
     [
      -84.206323,
      34.68813
     ],
     [
      -84.20652,
      34.688259
     ],
     [
      -84.206655,
      34.688424
     ],
     [
      -84.206703,
      34.688509
     ],
     [
      -84.206669,
      34.688632
     ],
     [
      -84.206546,
      34.68868
     ],
     [
      -84.206426,
      34.688677
     ],
     [
      -84.206195,
      34.688655
     ],
     [
      -84.205973,
      34.688675
     ],
     [
      -84.205827,
      34.688829
     ],
     [
      -84.205692,
      34.688951
     ],
     [
      -84.205284,
      34.689116
     ],
     [
      -84.205169,
      34.689254
     ],
     [
      -84.205093,
      34.689435
     ],
     [
      -84.204956,
      34.689607
     ],
     [
      -84.204769,
      34.689781
     ],
     [
      -84.204572,
      34.689968
     ],
     [
      -84.204297,
      34.690069
     ],
     [
      -84.204193,
      34.690158
     ],
     [
      -84.204178,
      34.690308
     ],
     [
      -84.204193,
      34.690466
     ],
     [
      -84.204059,
      34.690554
     ],
     [
      -84.203884,
      34.690666
     ],
     [
      -84.203601,
      34.691025
     ],
     [
      -84.203369,
      34.691328
     ],
     [
      -84.203294,
      34.691459
     ],
     [
      -84.203291,
      34.69155
     ],
     [
      -84.203309,
      34.691625
     ],
     [
      -84.203346,
      34.691717
     ],
     [
      -84.20373,
      34.691959
     ],
     [
      -84.204015,
      34.692157
     ],
     [
      -84.204145,
      34.692193
     ],
     [
      -84.204535,
      34.692243
     ],
     [
      -84.204745,
      34.692298
     ],
     [
      -84.205151,
      34.692486
     ],
     [
      -84.205625,
      34.692738
     ],
     [
      -84.205965,
      34.692812
     ],
     [
      -84.206514,
      34.692924
     ],
     [
      -84.207506,
      34.693055
     ],
     [
      -84.207855,
      34.693146
     ],
     [
      -84.208213,
      34.693271
     ],
     [
      -84.208717,
      34.693523
     ],
     [
      -84.208912,
      34.693723
     ],
     [
      -84.209033,
      34.693991
     ],
     [
      -84.209075,
      34.69425
     ],
     [
      -84.209057,
      34.694482
     ],
     [
      -84.208857,
      34.69476
     ],
     [
      -84.2087,
      34.694923
     ],
     [
      -84.208506,
      34.695018
     ],
     [
      -84.20818,
      34.695143
     ],
     [
      -84.207974,
      34.69528
     ],
     [
      -84.207929,
      34.695412
     ],
     [
      -84.207913,
      34.695607
     ],
     [
      -84.208047,
      34.695809
     ],
     [
      -84.208185,
      34.695887
     ],
     [
      -84.208729,
      34.696149
     ],
     [
      -84.208997,
      34.69628
     ],
     [
      -84.209378,
      34.696596
     ],
     [
      -84.209985,
      34.697091
     ],
     [
      -84.210307,
      34.697398
     ],
     [
      -84.2109202,
      34.6977855
     ],
     [
      -84.211302,
      34.698036
     ],
     [
      -84.211481,
      34.698089
     ],
     [
      -84.211652,
      34.698085
     ],
     [
      -84.211786,
      34.697997
     ],
     [
      -84.212019,
      34.697645
     ],
     [
      -84.212054,
      34.697496
     ],
     [
      -84.211958,
      34.696754
     ],
     [
      -84.211937,
      34.696501
     ],
     [
      -84.211995,
      34.696261
     ],
     [
      -84.21206,
      34.696113
     ],
     [
      -84.213221,
      34.695392
     ],
     [
      -84.213456,
      34.695277
     ],
     [
      -84.213628,
      34.695264
     ],
     [
      -84.213838,
      34.695294
     ],
     [
      -84.214315,
      34.695454
     ],
     [
      -84.214765,
      34.695556
     ],
     [
      -84.215156,
      34.695581
     ],
     [
      -84.215528,
      34.695607
     ],
     [
      -84.215856,
      34.695655
     ],
     [
      -84.216576,
      34.695945
     ],
     [
      -84.21686,
      34.696136
     ],
     [
      -84.217462,
      34.697055
     ],
     [
      -84.217514,
      34.697508
     ],
     [
      -84.2174098,
      34.6980397
     ],
     [
      -84.21732,
      34.698498
     ],
     [
      -84.21744,
      34.699294
     ],
     [
      -84.217574,
      34.699555
     ],
     [
      -84.218057,
      34.699842
     ],
     [
      -84.218291,
      34.700102
     ],
     [
      -84.218344,
      34.700816
     ],
     [
      -84.218563,
      34.701365
     ],
     [
      -84.2210325,
      34.70277
     ],
     [
      -84.2214267,
      34.703042
     ],
     [
      -84.2218875,
      34.7034805
     ],
     [
      -84.2222994,
      34.7038338
     ],
     [
      -84.2227084,
      34.7042571
     ],
     [
      -84.2231328,
      34.7047969
     ],
     [
      -84.2234949,
      34.7053607
     ],
     [
      -84.2235946,
      34.7054072
     ],
     [
      -84.2238204,
      34.7054273
     ],
     [
      -84.2240776,
      34.7054789
     ],
     [
      -84.2253304,
      34.7058592
     ],
     [
      -84.2262138,
      34.7061924
     ],
     [
      -84.2267977,
      34.7063435
     ],
     [
      -84.2274917,
      34.706614
     ],
     [
      -84.2281231,
      34.706856
     ],
     [
      -84.2281625,
      34.7069022
     ],
     [
      -84.2282446,
      34.7069983
     ],
     [
      -84.228334,
      34.707103
     ],
     [
      -84.228624,
      34.7072
     ],
     [
      -84.228786,
      34.707212
     ],
     [
      -84.228974,
      34.7072203
     ],
     [
      -84.2291815,
      34.7072289
     ],
     [
      -84.229417,
      34.707251
     ],
     [
      -84.2296191,
      34.7073407
     ],
     [
      -84.2297058,
      34.7073929
     ],
     [
      -84.2298167,
      34.7074556
     ],
     [
      -84.229881,
      34.707631
     ],
     [
      -84.2298584,
      34.7079879
     ],
     [
      -84.229885,
      34.7081877
     ],
     [
      -84.22991,
      34.7083887
     ],
     [
      -84.2299273,
      34.7086004
     ],
     [
      -84.2299697,
      34.7089813
     ],
     [
      -84.230131,
      34.7094292
     ],
     [
      -84.2302568,
      34.7095731
     ],
     [
      -84.2304326,
      34.7097419
     ],
     [
      -84.230585,
      34.7099152
     ],
     [
      -84.2306645,
      34.7100715
     ],
     [
      -84.2306843,
      34.7102201
     ],
     [
      -84.2306697,
      34.7103008
     ],
     [
      -84.2306163,
      34.7103378
     ],
     [
      -84.2304009,
      34.7103413
     ],
     [
      -84.2301254,
      34.7103611
     ],
     [
      -84.229804,
      34.710474
     ],
     [
      -84.2297082,
      34.710594
     ],
     [
      -84.2296812,
      34.7107433
     ],
     [
      -84.2297199,
      34.7108629
     ],
     [
      -84.2297441,
      34.7109677
     ],
     [
      -84.2297556,
      34.7110165
     ],
     [
      -84.229837,
      34.711161
     ],
     [
      -84.229835,
      34.711219
     ],
     [
      -84.229832,
      34.711324
     ],
     [
      -84.229829,
      34.711417
     ],
     [
      -84.229826,
      34.711487
     ],
     [
      -84.229811,
      34.711522
     ],
     [
      -84.22981,
      34.711568
     ],
     [
      -84.229794,
      34.711626
     ],
     [
      -84.229777,
      34.711696
     ],
     [
      -84.229774,
      34.711789
     ],
     [
      -84.229786,
      34.711847
     ],
     [
      -84.229825,
      34.711953
     ],
     [
      -84.22985,
      34.712058
     ],
     [
      -84.229862,
      34.712117
     ],
     [
      -84.229887,
      34.712199
     ],
     [
      -84.229911,
      34.712316
     ],
     [
      -84.229923,
      34.712397
     ],
     [
      -84.2299317,
      34.7124428
     ],
     [
      -84.229933,
      34.712503
     ],
     [
      -84.229945,
      34.712584
     ],
     [
      -84.229943,
      34.712654
     ],
     [
      -84.2299568,
      34.7127013
     ],
     [
      -84.2299955,
      34.7127735
     ],
     [
      -84.2300789,
      34.7128443
     ],
     [
      -84.2300766,
      34.7129135
     ],
     [
      -84.2300425,
      34.7129773
     ],
     [
      -84.2299767,
      34.7130161
     ],
     [
      -84.2299032,
      34.7130213
     ],
     [
      -84.2298057,
      34.7130291
     ],
     [
      -84.2297207,
      34.7130643
     ],
     [
      -84.2297077,
      34.7131549
     ],
     [
      -84.2297456,
      34.7132293
     ],
     [
      -84.2297896,
      34.7132722
     ],
     [
      -84.2302406,
      34.713511
     ],
     [
      -84.2302651,
      34.7135955
     ],
     [
      -84.23026,
      34.7136953
     ],
     [
      -84.2301684,
      34.7137679
     ],
     [
      -84.230012,
      34.7138178
     ],
     [
      -84.229635,
      34.714026
     ],
     [
      -84.229272,
      34.714536
     ],
     [
      -84.227696,
      34.7152
     ],
     [
      -84.227283,
      34.715614
     ],
     [
      -84.227036,
      34.716109
     ],
     [
      -84.226972,
      34.716562
     ],
     [
      -84.227056,
      34.716741
     ],
     [
      -84.228156,
      34.717493
     ],
     [
      -84.228274,
      34.717836
     ],
     [
      -84.22816,
      34.7184
     ],
     [
      -84.22758,
      34.718704
     ],
     [
      -84.227415,
      34.71891
     ],
     [
      -84.227383,
      34.71924
     ],
     [
      -84.227534,
      34.719405
     ],
     [
      -84.227535,
      34.71972
     ],
     [
      -84.228635,
      34.720486
     ],
     [
      -84.229136,
      34.720966
     ],
     [
      -84.229919,
      34.721403
     ],
     [
      -84.229953,
      34.721609
     ],
     [
      -84.229756,
      34.722035
     ],
     [
      -84.22979,
      34.7222
     ],
     [
      -84.230358,
      34.722871
     ],
     [
      -84.230978,
      34.723872
     ],
     [
      -84.231294,
      34.724105
     ],
     [
      -84.231661,
      34.724213
     ],
     [
      -84.232194,
      34.724665
     ],
     [
      -84.232396,
      34.725186
     ],
     [
      -84.23245,
      34.725969
     ],
     [
      -84.232918,
      34.726572
     ],
     [
      -84.233151,
      34.726709
     ],
     [
      -84.233783,
      34.726762
     ],
     [
      -84.234066,
      34.726871
     ],
     [
      -84.235301,
      34.728007
     ],
     [
      -84.236385,
      34.728842
     ],
     [
      -84.236934,
      34.729019
     ],
     [
      -84.238015,
      34.729084
     ],
     [
      -84.2382376,
      34.7291174
     ],
     [
      -84.2384059,
      34.7291665
     ],
     [
      -84.238518,
      34.729225
     ],
     [
      -84.238547,
      34.729233
     ],
     [
      -84.23872,
      34.729347
     ],
     [
      -84.238876,
      34.729525
     ],
     [
      -84.238974,
      34.729654
     ],
     [
      -84.239005,
      34.729739
     ],
     [
      -84.239036,
      34.729839
     ],
     [
      -84.239067,
      34.729952
     ],
     [
      -84.239064,
      34.730037
     ],
     [
      -84.239042,
      34.730191
     ],
     [
      -84.23897,
      34.730288
     ],
     [
      -84.238901,
      34.730329
     ],
     [
      -84.238813,
      34.730383
     ],
     [
      -84.2385536,
      34.7304102
     ],
     [
      -84.2384801,
      34.7303459
     ],
     [
      -84.2384461,
      34.7302775
     ],
     [
      -84.2383906,
      34.7302178
     ],
     [
      -84.238327,
      34.730196
     ],
     [
      -84.2382671,
      34.730163
     ],
     [
      -84.2382366,
      34.7301147
     ],
     [
      -84.2382349,
      34.7300572
     ],
     [
      -84.238209,
      34.7300063
     ],
     [
      -84.2381572,
      34.7299594
     ],
     [
      -84.2380854,
      34.7299241
     ],
     [
      -84.2380171,
      34.7299253
     ],
     [
      -84.2379357,
      34.7299445
     ],
     [
      -84.2378559,
      34.7299686
     ],
     [
      -84.2378112,
      34.7300025
     ],
     [
      -84.2377794,
      34.7300412
     ],
     [
      -84.2377318,
      34.7301013
     ],
     [
      -84.2376649,
      34.7301589
     ],
     [
      -84.2376071,
      34.7302076
     ],
     [
      -84.2375161,
      34.7302727
     ],
     [
      -84.2374386,
      34.7303493
     ],
     [
      -84.2373393,
      34.7304204
     ],
     [
      -84.2372564,
      34.7304746
     ],
     [
      -84.2371991,
      34.7304994
     ],
     [
      -84.2371206,
      34.7305173
     ],
     [
      -84.237043,
      34.7305219
     ],
     [
      -84.2369892,
      34.7305104
     ],
     [
      -84.2369519,
      34.7305022
     ],
     [
      -84.236916,
      34.730481
     ],
     [
      -84.236865,
      34.730494
     ],
     [
      -84.23683,
      34.730507
     ],
     [
      -84.236778,
      34.730534
     ],
     [
      -84.236727,
      34.730547
     ],
     [
      -84.236692,
      34.730546
     ],
     [
      -84.236641,
      34.730545
     ],
     [
      -84.236574,
      34.730515
     ],
     [
      -84.236489,
      34.730499
     ],
     [
      -84.236402,
      34.730509
     ],
     [
      -84.236246,
      34.73062
     ],
     [
      -84.236037,
      34.730757
     ],
     [
      -84.235967,
      34.730901
     ],
     [
      -84.235936,
      34.730966
     ],
     [
      -84.235897,
      34.731049
     ],
     [
      -84.235793,
      34.731112
     ],
     [
      -84.23566,
      34.731187
     ],
     [
      -84.235549,
      34.731268
     ],
     [
      -84.235496,
      34.731333
     ],
     [
      -84.235414,
      34.731403
     ],
     [
      -84.235309,
      34.731514
     ],
     [
      -84.235232,
      34.73162
     ],
     [
      -84.235135,
      34.731722
     ],
     [
      -84.23503,
      34.732047
     ],
     [
      -84.234826,
      34.732278
     ],
     [
      -84.234047,
      34.73352
     ],
     [
      -84.233502,
      34.734085
     ],
     [
      -84.232871,
      34.734307
     ],
     [
      -84.230977,
      34.734135
     ],
     [
      -84.230574,
      34.734121
     ],
     [
      -84.230568,
      34.734125
     ],
     [
      -84.230323,
      34.734303
     ],
     [
      -84.229959,
      34.734478
     ],
     [
      -84.229438,
      34.734761
     ],
     [
      -84.228916,
      34.735059
     ],
     [
      -84.228275,
      34.735355
     ],
     [
      -84.228033,
      34.735434
     ],
     [
      -84.22774,
      34.73554
     ],
     [
      -84.227447,
      34.735632
     ],
     [
      -84.227257,
      34.735684
     ],
     [
      -84.227153,
      34.735724
     ],
     [
      -84.227085,
      34.735736
     ],
     [
      -84.226915,
      34.735718
     ],
     [
      -84.226796,
      34.735701
     ],
     [
      -84.226677,
      34.735685
     ],
     [
      -84.226643,
      34.735684
     ],
     [
      -84.226524,
      34.735681
     ],
     [
      -84.226183,
      34.735673
     ],
     [
      -84.226045,
      34.735712
     ],
     [
      -84.225975,
      34.735767
     ],
     [
      -84.225887,
      34.735836
     ],
     [
      -84.225783,
      34.735889
     ],
     [
      -84.225629,
      34.7359
     ],
     [
      -84.225493,
      34.735883
     ],
     [
      -84.223943,
      34.735819
     ],
     [
      -84.223893,
      34.735792
     ],
     [
      -84.223606,
      34.735779
     ],
     [
      -84.223159,
      34.736014
     ],
     [
      -84.222697,
      34.736771
     ],
     [
      -84.222516,
      34.737129
     ],
     [
      -84.222433,
      34.737482
     ],
     [
      -84.222364,
      34.737614
     ],
     [
      -84.222325,
      34.737768
     ],
     [
      -84.2223053,
      34.7378458
     ],
     [
      -84.222286,
      34.737922
     ],
     [
      -84.22226,
      34.738175
     ],
     [
      -84.222287,
      34.738387
     ],
     [
      -84.222332,
      34.738571
     ],
     [
      -84.222413,
      34.738714
     ],
     [
      -84.222481,
      34.738736
     ],
     [
      -84.222576,
      34.7388749
     ],
     [
      -84.222875,
      34.739312
     ],
     [
      -84.222926,
      34.7394213
     ],
     [
      -84.223278,
      34.740176
     ],
     [
      -84.223583,
      34.741371
     ],
     [
      -84.223727,
      34.743857
     ],
     [
      -84.223479,
      34.744105
     ],
     [
      -84.222749,
      34.744313
     ],
     [
      -84.222784,
      34.744739
     ],
     [
      -84.223036,
      34.745329
     ],
     [
      -84.224388,
      34.746506
     ],
     [
      -84.226053,
      34.747202
     ],
     [
      -84.2262929,
      34.7472914
     ],
     [
      -84.2265006,
      34.7474072
     ],
     [
      -84.2268835,
      34.7476967
     ],
     [
      -84.228252,
      34.748527
     ],
     [
      -84.229317,
      34.748702
     ],
     [
      -84.2294,
      34.748662
     ],
     [
      -84.229572,
      34.74861
     ],
     [
      -84.229744,
      34.748571
     ],
     [
      -84.229949,
      34.748576
     ],
     [
      -84.229948,
      34.748603
     ],
     [
      -84.230006,
      34.748594
     ],
     [
      -84.229916,
      34.748961
     ],
     [
      -84.229458,
      34.749901
     ],
     [
      -84.229476,
      34.749945
     ],
     [
      -84.22943,
      34.750297
     ],
     [
      -84.229403,
      34.750606
     ],
     [
      -84.229376,
      34.750901
     ],
     [
      -84.229383,
      34.750991
     ],
     [
      -84.229396,
      34.75108
     ],
     [
      -84.229414,
      34.751169
     ],
     [
      -84.229439,
      34.751257
     ],
     [
      -84.229469,
      34.751344
     ],
     [
      -84.229505,
      34.751429
     ],
     [
      -84.229546,
      34.751512
     ],
     [
      -84.229593,
      34.751593
     ],
     [
      -84.229645,
      34.751673
     ],
     [
      -84.229702,
      34.751749
     ],
     [
      -84.229764,
      34.751823
     ],
     [
      -84.229831,
      34.751895
     ],
     [
      -84.229903,
      34.751963
     ],
     [
      -84.229979,
      34.752027
     ],
     [
      -84.230059,
      34.752089
     ],
     [
      -84.230143,
      34.752146
     ],
     [
      -84.2302943,
      34.7521991
     ],
     [
      -84.230473,
      34.752278
     ],
     [
      -84.230574,
      34.752313
     ],
     [
      -84.230588,
      34.752319
     ],
     [
      -84.23062,
      34.752348
     ],
     [
      -84.230786,
      34.752528
     ],
     [
      -84.230958,
      34.752768
     ],
     [
      -84.231048,
      34.753007
     ],
     [
      -84.231048,
      34.753243
     ],
     [
      -84.230899,
      34.753544
     ],
     [
      -84.230754,
      34.753736
     ],
     [
      -84.230647,
      34.753842
     ],
     [
      -84.23045,
      34.753996
     ],
     [
      -84.230294,
      34.754077
     ],
     [
      -84.23019,
      34.754117
     ],
     [
      -84.230069,
      34.754156
     ],
     [
      -84.229861,
      34.75425
     ],
     [
      -84.229725,
      34.754261
     ],
     [
      -84.229616,
      34.754269
     ],
     [
      -84.229602,
      34.754272
     ],
     [
      -84.229574,
      34.754257
     ],
     [
      -84.229352,
      34.754279
     ],
     [
      -84.229228,
      34.75433
     ],
     [
      -84.229126,
      34.754442
     ],
     [
      -84.229072,
      34.754569
     ],
     [
      -84.229079,
      34.754635
     ],
     [
      -84.229062,
      34.754668
     ],
     [
      -84.229072,
      34.75488
     ],
     [
      -84.229033,
      34.755048
     ],
     [
      -84.228996,
      34.755132
     ],
     [
      -84.228977,
      34.755188
     ],
     [
      -84.228941,
      34.755229
     ],
     [
      -84.228924,
      34.755243
     ],
     [
      -84.228888,
      34.755298
     ],
     [
      -84.228836,
      34.755325
     ],
     [
      -84.228783,
      34.755366
     ],
     [
      -84.228697,
      34.755393
     ],
     [
      -84.228679,
      34.755406
     ],
     [
      -84.228594,
      34.755404
     ],
     [
      -84.228458,
      34.755401
     ],
     [
      -84.228305,
      34.75537
     ],
     [
      -84.228238,
      34.755354
     ],
     [
      -84.228067,
      34.755336
     ],
     [
      -84.227913,
      34.755361
     ],
     [
      -84.227862,
      34.755359
     ],
     [
      -84.227657,
      34.755369
     ],
     [
      -84.22752,
      34.75538
     ],
     [
      -84.227399,
      34.755419
     ],
     [
      -84.227244,
      34.755458
     ],
     [
      -84.227055,
      34.75551
     ],
     [
      -84.227015,
      34.755518
     ],
     [
      -84.227003,
      34.755523
     ],
     [
      -84.226834,
      34.75564
     ],
     [
      -84.226827,
      34.755702
     ],
     [
      -84.22653,
      34.755892
     ],
     [
      -84.226439,
      34.755942
     ],
     [
      -84.226359,
      34.756004
     ],
     [
      -84.226293,
      34.756075
     ],
     [
      -84.226241,
      34.756154
     ],
     [
      -84.226205,
      34.756239
     ],
     [
      -84.226186,
      34.756328
     ],
     [
      -84.226185,
      34.756418
     ],
     [
      -84.226202,
      34.756507
     ],
     [
      -84.22625,
      34.756618
     ],
     [
      -84.226399,
      34.756749
     ],
     [
      -84.226448,
      34.756806
     ],
     [
      -84.226509,
      34.757019
     ],
     [
      -84.2266,
      34.757373
     ],
     [
      -84.22668,
      34.75753
     ],
     [
      -84.226738,
      34.757827
     ],
     [
      -84.226863,
      34.758182
     ],
     [
      -84.227018,
      34.758664
     ],
     [
      -84.227126,
      34.758991
     ],
     [
      -84.227268,
      34.759346
     ],
     [
      -84.227498,
      34.759619
     ],
     [
      -84.227694,
      34.759877
     ],
     [
      -84.227788,
      34.760132
     ],
     [
      -84.227882,
      34.760374
     ],
     [
      -84.227906,
      34.760684
     ],
     [
      -84.227901,
      34.760774
     ],
     [
      -84.227912,
      34.760864
     ],
     [
      -84.22794,
      34.760951
     ],
     [
      -84.227983,
      34.761033
     ],
     [
      -84.228042,
      34.761109
     ],
     [
      -84.228113,
      34.761177
     ],
     [
      -84.228262,
      34.76127
     ],
     [
      -84.22843,
      34.761344
     ],
     [
      -84.228485,
      34.761422
     ],
     [
      -84.228524,
      34.761506
     ],
     [
      -84.228548,
      34.761594
     ],
     [
      -84.228555,
      34.761685
     ],
     [
      -84.228534,
      34.761811
     ],
     [
      -84.22848,
      34.761895
     ],
     [
      -84.22845,
      34.761901
     ],
     [
      -84.228402,
      34.762
     ],
     [
      -84.228361,
      34.762146
     ]
    ]
   }
  },
  {
   "type": "Feature",
   "properties": {
    "name": "Appalachian Trail: Springer Mtn summit to Three Forks",
    "category": "trail",
    "coord_source": "OpenStreetMap contributors, via api.openstreetmap.org/api/0.6/map and /api/0.6/way/<id>/full, 2026-09-21 (ODbL). Georgia land lot polygons: GA Geospatial Info Office \"Georgia_Landlots_and_Militia_Districts\" ArcGIS Feature Service (services7.arcgis.com/Za9Nk6CPIPbvR1t7). Ownership: USFS EDW_BasicOwnership_01 MapServer point query. Elevation: api.opentopodata.org aster30m."
   },
   "geometry": {
    "type": "LineString",
    "coordinates": [
     [
      -84.1935269,
      34.6266473
     ],
     [
      -84.1938853,
      34.6268429
     ],
     [
      -84.1939,
      34.6268913
     ],
     [
      -84.1939274,
      34.6269485
     ],
     [
      -84.1939527,
      34.6270046
     ],
     [
      -84.1939557,
      34.627039
     ],
     [
      -84.1939622,
      34.6270625
     ],
     [
      -84.1939755,
      34.6271186
     ],
     [
      -84.1939888,
      34.6271616
     ],
     [
      -84.1939851,
      34.6271941
     ],
     [
      -84.1939806,
      34.62731
     ],
     [
      -84.1939842,
      34.6273381
     ],
     [
      -84.1939957,
      34.6273651
     ],
     [
      -84.1940101,
      34.6274104
     ],
     [
      -84.1940283,
      34.62747
     ],
     [
      -84.1940451,
      34.6275241
     ],
     [
      -84.1940791,
      34.6276118
     ],
     [
      -84.1941217,
      34.6276636
     ],
     [
      -84.1941708,
      34.6277183
     ],
     [
      -84.194246,
      34.6277965
     ],
     [
      -84.194296,
      34.627862
     ],
     [
      -84.194365,
      34.6279696
     ],
     [
      -84.1943851,
      34.6279946
     ],
     [
      -84.1944134,
      34.6280349
     ],
     [
      -84.1944198,
      34.6280677
     ],
     [
      -84.1944297,
      34.6281104
     ],
     [
      -84.1944312,
      34.6281573
     ],
     [
      -84.1944324,
      34.6282058
     ],
     [
      -84.1944206,
      34.6282845
     ],
     [
      -84.1944158,
      34.6283174
     ],
     [
      -84.1944176,
      34.6283547
     ],
     [
      -84.1944306,
      34.6284552
     ],
     [
      -84.1944687,
      34.6285655
     ],
     [
      -84.1944901,
      34.6286338
     ],
     [
      -84.1945108,
      34.628688
     ],
     [
      -84.1945363,
      34.628756
     ],
     [
      -84.1945412,
      34.6288157
     ],
     [
      -84.1945327,
      34.6288924
     ],
     [
      -84.1945156,
      34.6289959
     ],
     [
      -84.1945146,
      34.6290606
     ],
     [
      -84.1945012,
      34.6291333
     ],
     [
      -84.1944711,
      34.6292435
     ],
     [
      -84.1944625,
      34.6292746
     ],
     [
      -84.1944565,
      34.6293303
     ],
     [
      -84.1944613,
      34.6294289
     ],
     [
      -84.1944511,
      34.6294837
     ],
     [
      -84.194448,
      34.6295324
     ],
     [
      -84.1944275,
      34.6295802
     ],
     [
      -84.1943948,
      34.6296458
     ],
     [
      -84.1943924,
      34.6296916
     ],
     [
      -84.1944093,
      34.6297514
     ],
     [
      -84.1944335,
      34.6297872
     ],
     [
      -84.1944767,
      34.6298412
     ],
     [
      -84.1945422,
      34.6298858
     ],
     [
      -84.1945919,
      34.6299409
     ],
     [
      -84.1946789,
      34.6300805
     ],
     [
      -84.1948225,
      34.630298
     ],
     [
      -84.1949016,
      34.6303829
     ],
     [
      -84.1949705,
      34.630484
     ],
     [
      -84.1949992,
      34.6305848
     ],
     [
      -84.1950749,
      34.6307748
     ],
     [
      -84.1951581,
      34.6309204
     ],
     [
      -84.1952452,
      34.6310836
     ],
     [
      -84.1954224,
      34.6313811
     ],
     [
      -84.1955089,
      34.6314837
     ],
     [
      -84.1956192,
      34.6316312
     ],
     [
      -84.1957222,
      34.6317402
     ],
     [
      -84.1958303,
      34.63186
     ],
     [
      -84.1959685,
      34.6319734
     ],
     [
      -84.1960943,
      34.632053
     ],
     [
      -84.1962543,
      34.6322218
     ],
     [
      -84.1963677,
      34.6322919
     ],
     [
      -84.1965346,
      34.6323954
     ],
     [
      -84.1967911,
      34.6325686
     ],
     [
      -84.196943,
      34.632701
     ],
     [
      -84.197269,
      34.6330088
     ],
     [
      -84.1974428,
      34.6332122
     ],
     [
      -84.1975412,
      34.6334574
     ],
     [
      -84.1976039,
      34.6335977
     ],
     [
      -84.1976124,
      34.6337181
     ],
     [
      -84.1976171,
      34.6339277
     ],
     [
      -84.1976293,
      34.6340356
     ],
     [
      -84.1976091,
      34.634198
     ],
     [
      -84.1976068,
      34.6344421
     ],
     [
      -84.1975372,
      34.6348342
     ],
     [
      -84.197495,
      34.6351244
     ],
     [
      -84.1974612,
      34.6352031
     ],
     [
      -84.1974203,
      34.6355229
     ],
     [
      -84.1973874,
      34.6356609
     ],
     [
      -84.1974067,
      34.6358569
     ],
     [
      -84.1974128,
      34.6360371
     ],
     [
      -84.1973898,
      34.6361794
     ],
     [
      -84.1973319,
      34.6365321
     ],
     [
      -84.1973209,
      34.6366701
     ],
     [
      -84.1972713,
      34.6368552
     ],
     [
      -84.1971597,
      34.637201
     ],
     [
      -84.1971467,
      34.6372642
     ],
     [
      -84.1971237,
      34.6373209
     ],
     [
      -84.1970566,
      34.6374359
     ],
     [
      -84.19701,
      34.637511
     ],
     [
      -84.1969339,
      34.6375732
     ],
     [
      -84.1968177,
      34.6376444
     ],
     [
      -84.1967172,
      34.6376622
     ],
     [
      -84.1965999,
      34.6376971
     ],
     [
      -84.1965056,
      34.6377031
     ],
     [
      -84.1963161,
      34.6376969
     ],
     [
      -84.1961633,
      34.6376553
     ],
     [
      -84.196038,
      34.6375831
     ],
     [
      -84.1959467,
      34.637523
     ],
     [
      -84.1958415,
      34.6374652
     ],
     [
      -84.1957778,
      34.6374536
     ],
     [
      -84.1956708,
      34.6374697
     ],
     [
      -84.1955391,
      34.6375015
     ],
     [
      -84.1953246,
      34.6375307
     ],
     [
      -84.1952751,
      34.6375385
     ],
     [
      -84.1952645,
      34.637548
     ],
     [
      -84.1952776,
      34.6376157
     ],
     [
      -84.1952318,
      34.6376761
     ],
     [
      -84.1952137,
      34.6377026
     ],
     [
      -84.1951677,
      34.6377265
     ],
     [
      -84.1950855,
      34.6377424
     ],
     [
      -84.1950341,
      34.6377659
     ],
     [
      -84.1949816,
      34.6377696
     ],
     [
      -84.1948569,
      34.6377215
     ],
     [
      -84.1947138,
      34.6376756
     ],
     [
      -84.1946021,
      34.6377042
     ],
     [
      -84.1945283,
      34.63771
     ],
     [
      -84.1942178,
      34.6375996
     ],
     [
      -84.1940851,
      34.6375623
     ],
     [
      -84.1939457,
      34.6375269
     ],
     [
      -84.1938335,
      34.6375155
     ],
     [
      -84.1937338,
      34.6375161
     ],
     [
      -84.1936376,
      34.6375265
     ],
     [
      -84.1935783,
      34.6375374
     ],
     [
      -84.1933557,
      34.6376071
     ],
     [
      -84.1931181,
      34.637694
     ],
     [
      -84.1929662,
      34.637721
     ],
     [
      -84.1928067,
      34.6377734
     ],
     [
      -84.1926932,
      34.6378279
     ],
     [
      -84.1925163,
      34.6379186
     ],
     [
      -84.1923397,
      34.6380181
     ],
     [
      -84.192225,
      34.6381148
     ],
     [
      -84.1921724,
      34.638183
     ],
     [
      -84.1920276,
      34.6386013
     ],
     [
      -84.1919985,
      34.6387406
     ],
     [
      -84.1919511,
      34.638884
     ],
     [
      -84.1918715,
      34.6390432
     ],
     [
      -84.1917796,
      34.6391974
     ],
     [
      -84.1916271,
      34.6394628
     ],
     [
      -84.191574,
      34.6395786
     ],
     [
      -84.1915497,
      34.6397155
     ],
     [
      -84.1915423,
      34.6397477
     ],
     [
      -84.191533,
      34.6397884
     ],
     [
      -84.1915189,
      34.6398505
     ],
     [
      -84.1914851,
      34.6399122
     ],
     [
      -84.1913944,
      34.6400695
     ],
     [
      -84.1913472,
      34.6402108
     ],
     [
      -84.1913375,
      34.6404337
     ],
     [
      -84.1912757,
      34.640779
     ],
     [
      -84.1912891,
      34.6409731
     ],
     [
      -84.1913433,
      34.641171
     ],
     [
      -84.1915165,
      34.6415185
     ],
     [
      -84.1916154,
      34.6417556
     ],
     [
      -84.1916567,
      34.6421053
     ],
     [
      -84.1916317,
      34.642235
     ],
     [
      -84.1915497,
      34.642448
     ],
     [
      -84.1914996,
      34.6425873
     ],
     [
      -84.1915044,
      34.6428878
     ],
     [
      -84.1914464,
      34.6430789
     ],
     [
      -84.1914344,
      34.6432635
     ],
     [
      -84.191421,
      34.6433421
     ],
     [
      -84.1914252,
      34.6434217
     ],
     [
      -84.1914116,
      34.6434708
     ],
     [
      -84.1913774,
      34.6435431
     ],
     [
      -84.1913577,
      34.6436187
     ],
     [
      -84.1913835,
      34.6436713
     ],
     [
      -84.1913954,
      34.6436951
     ],
     [
      -84.1914076,
      34.6437195
     ],
     [
      -84.1914385,
      34.6437738
     ],
     [
      -84.1914378,
      34.643822
     ],
     [
      -84.1914034,
      34.6438663
     ],
     [
      -84.1913683,
      34.6438952
     ],
     [
      -84.1913154,
      34.643955
     ],
     [
      -84.1912998,
      34.6440089
     ],
     [
      -84.1912643,
      34.6441569
     ],
     [
      -84.1912075,
      34.6443102
     ],
     [
      -84.191082,
      34.6445025
     ],
     [
      -84.1909692,
      34.6446933
     ],
     [
      -84.1908975,
      34.6449419
     ],
     [
      -84.1909244,
      34.6450854
     ],
     [
      -84.1909562,
      34.6452259
     ],
     [
      -84.1910514,
      34.645375
     ],
     [
      -84.1911734,
      34.6455199
     ],
     [
      -84.1914058,
      34.6456586
     ],
     [
      -84.1916163,
      34.645775
     ],
     [
      -84.1917269,
      34.6458574
     ],
     [
      -84.1918449,
      34.6460258
     ],
     [
      -84.1920264,
      34.6462786
     ],
     [
      -84.1921062,
      34.6465014
     ],
     [
      -84.1921578,
      34.6467889
     ],
     [
      -84.1923898,
      34.6473579
     ],
     [
      -84.1923868,
      34.6474578
     ],
     [
      -84.1923687,
      34.6475686
     ],
     [
      -84.1923437,
      34.6476846
     ],
     [
      -84.1924039,
      34.6477885
     ],
     [
      -84.1925053,
      34.6478481
     ],
     [
      -84.1925789,
      34.6478525
     ],
     [
      -84.1926312,
      34.6477957
     ],
     [
      -84.1928105,
      34.6477717
     ],
     [
      -84.1929469,
      34.647794
     ],
     [
      -84.1930883,
      34.6478226
     ],
     [
      -84.1932009,
      34.6478628
     ],
     [
      -84.1932897,
      34.6479111
     ],
     [
      -84.1934434,
      34.6479531
     ],
     [
      -84.1936909,
      34.6479504
     ],
     [
      -84.1938818,
      34.6479593
     ],
     [
      -84.1940555,
      34.647908
     ],
     [
      -84.1943845,
      34.6476601
     ],
     [
      -84.1946389,
      34.6473989
     ],
     [
      -84.1949022,
      34.6470757
     ],
     [
      -84.1950938,
      34.6469652
     ],
     [
      -84.1952025,
      34.6467456
     ],
     [
      -84.1953146,
      34.6464616
     ],
     [
      -84.1954616,
      34.6463652
     ],
     [
      -84.1955621,
      34.6461999
     ],
     [
      -84.195827,
      34.6460302
     ],
     [
      -84.1960026,
      34.6459687
     ],
     [
      -84.1961669,
      34.6459641
     ],
     [
      -84.1964782,
      34.6459832
     ],
     [
      -84.196652,
      34.6459796
     ],
     [
      -84.1967964,
      34.6459836
     ],
     [
      -84.1968374,
      34.6459847
     ],
     [
      -84.1968796,
      34.6459495
     ],
     [
      -84.1969818,
      34.6460226
     ],
     [
      -84.19706,
      34.6460135
     ],
     [
      -84.1970805,
      34.6460987
     ],
     [
      -84.1972245,
      34.6462066
     ],
     [
      -84.1972742,
      34.6462568
     ],
     [
      -84.1973344,
      34.6462841
     ],
     [
      -84.197482,
      34.6462496
     ],
     [
      -84.1975936,
      34.6461956
     ],
     [
      -84.1977256,
      34.6462208
     ],
     [
      -84.1978855,
      34.6462991
     ],
     [
      -84.1979197,
      34.6464166
     ],
     [
      -84.1979728,
      34.6464477
     ],
     [
      -84.1980934,
      34.6465624
     ],
     [
      -84.1981687,
      34.6466809
     ],
     [
      -84.1982293,
      34.6467492
     ],
     [
      -84.1982993,
      34.6468064
     ],
     [
      -84.1983575,
      34.6468639
     ],
     [
      -84.1984302,
      34.646862
     ],
     [
      -84.1985899,
      34.6467652
     ],
     [
      -84.1986057,
      34.6468033
     ],
     [
      -84.198657,
      34.6468124
     ],
     [
      -84.1986622,
      34.6468953
     ],
     [
      -84.1987078,
      34.6469185
     ],
     [
      -84.1986959,
      34.6470097
     ],
     [
      -84.1986868,
      34.6471728
     ],
     [
      -84.1986245,
      34.6474118
     ],
     [
      -84.1985191,
      34.6476631
     ],
     [
      -84.1984262,
      34.6477868
     ],
     [
      -84.1984091,
      34.6479343
     ],
     [
      -84.198493,
      34.6481339
     ],
     [
      -84.1986073,
      34.6483577
     ],
     [
      -84.1986575,
      34.6484563
     ],
     [
      -84.1986914,
      34.6485399
     ],
     [
      -84.1986584,
      34.6487157
     ],
     [
      -84.1986865,
      34.6487967
     ],
     [
      -84.1987138,
      34.6489406
     ],
     [
      -84.1987677,
      34.6489716
     ],
     [
      -84.1988271,
      34.648964
     ],
     [
      -84.1988469,
      34.6490332
     ],
     [
      -84.1986986,
      34.6490101
     ],
     [
      -84.1986357,
      34.6490061
     ],
     [
      -84.1985472,
      34.6489715
     ],
     [
      -84.1984398,
      34.6488827
     ],
     [
      -84.1983738,
      34.6487851
     ],
     [
      -84.1983207,
      34.6487127
     ],
     [
      -84.1983056,
      34.6486491
     ],
     [
      -84.1982627,
      34.6485789
     ],
     [
      -84.1981674,
      34.6485094
     ],
     [
      -84.1980311,
      34.6484694
     ],
     [
      -84.1979431,
      34.648441
     ],
     [
      -84.1978942,
      34.6485021
     ],
     [
      -84.1978724,
      34.6485423
     ],
     [
      -84.1978433,
      34.6486918
     ],
     [
      -84.1978345,
      34.6487799
     ],
     [
      -84.1978576,
      34.6488462
     ],
     [
      -84.1979499,
      34.6489569
     ],
     [
      -84.1979777,
      34.6490649
     ],
     [
      -84.1979741,
      34.6492499
     ],
     [
      -84.1978984,
      34.6493973
     ],
     [
      -84.1978531,
      34.6494937
     ],
     [
      -84.197792,
      34.6495928
     ],
     [
      -84.1977249,
      34.6496738
     ],
     [
      -84.1976402,
      34.6497362
     ],
     [
      -84.1975432,
      34.6497752
     ],
     [
      -84.1975628,
      34.649846
     ],
     [
      -84.1975833,
      34.6498644
     ],
     [
      -84.1976837,
      34.6498888
     ],
     [
      -84.1977684,
      34.6498957
     ],
     [
      -84.1978132,
      34.6499196
     ],
     [
      -84.1978813,
      34.6500006
     ],
     [
      -84.1979282,
      34.6500619
     ],
     [
      -84.1979692,
      34.6500291
     ],
     [
      -84.1980318,
      34.6500035
     ],
     [
      -84.1981234,
      34.6499839
     ],
     [
      -84.1982067,
      34.6499379
     ],
     [
      -84.1982826,
      34.6499548
     ],
     [
      -84.1983325,
      34.6499952
     ],
     [
      -84.198341,
      34.6500559
     ],
     [
      -84.1983268,
      34.6501358
     ],
     [
      -84.1982835,
      34.6501901
     ],
     [
      -84.1981585,
      34.6503101
     ],
     [
      -84.1980294,
      34.6504625
     ],
     [
      -84.1980354,
      34.6505547
     ],
     [
      -84.1979953,
      34.6506324
     ],
     [
      -84.1980025,
      34.6507288
     ],
     [
      -84.1980139,
      34.6507925
     ],
     [
      -84.1980212,
      34.6508273
     ],
     [
      -84.1980532,
      34.6508525
     ],
     [
      -84.1981439,
      34.6508645
     ],
     [
      -84.1982062,
      34.6508816
     ],
     [
      -84.1982772,
      34.6509162
     ],
     [
      -84.1983591,
      34.6509779
     ],
     [
      -84.19845,
      34.651007
     ],
     [
      -84.1984646,
      34.6510388
     ],
     [
      -84.1983753,
      34.6510479
     ],
     [
      -84.1983037,
      34.6510528
     ],
     [
      -84.1982021,
      34.6510806
     ],
     [
      -84.1980846,
      34.6511325
     ],
     [
      -84.1980122,
      34.6512398
     ],
     [
      -84.1979543,
      34.6513475
     ],
     [
      -84.1979091,
      34.6514596
     ],
     [
      -84.1978855,
      34.651596
     ],
     [
      -84.1978535,
      34.6516766
     ],
     [
      -84.1977993,
      34.6518508
     ],
     [
      -84.1977331,
      34.6521049
     ],
     [
      -84.1978198,
      34.6522558
     ],
     [
      -84.1978233,
      34.6524349
     ],
     [
      -84.1978307,
      34.6525026
     ],
     [
      -84.1978077,
      34.6525772
     ],
     [
      -84.1977648,
      34.6526641
     ],
     [
      -84.197672,
      34.652824
     ],
     [
      -84.1977148,
      34.6529332
     ],
     [
      -84.1977813,
      34.6529615
     ],
     [
      -84.1978356,
      34.6529852
     ],
     [
      -84.1978552,
      34.653053
     ],
     [
      -84.1978065,
      34.6531265
     ],
     [
      -84.197749,
      34.6532023
     ],
     [
      -84.1976469,
      34.6533215
     ],
     [
      -84.1975684,
      34.6534557
     ],
     [
      -84.1975498,
      34.6535177
     ],
     [
      -84.1974976,
      34.6536132
     ],
     [
      -84.1975196,
      34.6536762
     ],
     [
      -84.1975521,
      34.6537191
     ],
     [
      -84.1976027,
      34.6537782
     ],
     [
      -84.1976608,
      34.6538203
     ],
     [
      -84.1977466,
      34.6538756
     ],
     [
      -84.1977694,
      34.6539176
     ],
     [
      -84.197841,
      34.6539463
     ],
     [
      -84.1977187,
      34.6540056
     ],
     [
      -84.1976544,
      34.6540338
     ],
     [
      -84.1975361,
      34.6540476
     ],
     [
      -84.1972732,
      34.654013
     ],
     [
      -84.1970905,
      34.6540066
     ],
     [
      -84.1969006,
      34.6539955
     ],
     [
      -84.1967478,
      34.6540047
     ],
     [
      -84.1966148,
      34.6539758
     ],
     [
      -84.1965101,
      34.6539206
     ],
     [
      -84.1963774,
      34.653897
     ],
     [
      -84.196228,
      34.6538927
     ],
     [
      -84.196145,
      34.6539608
     ],
     [
      -84.1960783,
      34.6540079
     ],
     [
      -84.1960454,
      34.6540578
     ],
     [
      -84.1960003,
      34.6541257
     ],
     [
      -84.1959784,
      34.6542017
     ],
     [
      -84.1959628,
      34.6542526
     ],
     [
      -84.1959567,
      34.6543276
     ],
     [
      -84.1959652,
      34.6543986
     ],
     [
      -84.1959611,
      34.6544735
     ],
     [
      -84.1959912,
      34.6545587
     ],
     [
      -84.1959698,
      34.6546067
     ],
     [
      -84.1959298,
      34.6546408
     ],
     [
      -84.1958903,
      34.6546859
     ],
     [
      -84.1958557,
      34.6547299
     ],
     [
      -84.1958251,
      34.6547699
     ],
     [
      -84.1957755,
      34.6548349
     ],
     [
      -84.1957451,
      34.6549387
     ],
     [
      -84.1957236,
      34.6549977
     ],
     [
      -84.1957218,
      34.6550767
     ],
     [
      -84.1957114,
      34.6551493
     ],
     [
      -84.1956905,
      34.6552086
     ],
     [
      -84.1956431,
      34.6552906
     ],
     [
      -84.1956197,
      34.6553577
     ],
     [
      -84.1955948,
      34.6554326
     ],
     [
      -84.1955661,
      34.6555077
     ],
     [
      -84.1955438,
      34.6555687
     ],
     [
      -84.1955202,
      34.6556486
     ],
     [
      -84.1954718,
      34.6556906
     ],
     [
      -84.1953459,
      34.6557267
     ],
     [
      -84.1952202,
      34.6557809
     ],
     [
      -84.1951263,
      34.6558512
     ],
     [
      -84.1950533,
      34.6559054
     ],
     [
      -84.1949883,
      34.6559642
     ],
     [
      -84.1949198,
      34.6560238
     ],
     [
      -84.1948542,
      34.6560858
     ],
     [
      -84.194747,
      34.6561766
     ],
     [
      -84.1946827,
      34.6562231
     ],
     [
      -84.194608,
      34.6562961
     ],
     [
      -84.1944637,
      34.6565499
     ],
     [
      -84.1943426,
      34.6567137
     ],
     [
      -84.1942688,
      34.6568147
     ],
     [
      -84.1942564,
      34.6568788
     ],
     [
      -84.1941975,
      34.6569208
     ],
     [
      -84.1941394,
      34.6569678
     ],
     [
      -84.1940804,
      34.6570646
     ],
     [
      -84.1940232,
      34.6571257
     ],
     [
      -84.1939746,
      34.6571638
     ],
     [
      -84.193907,
      34.6572098
     ],
     [
      -84.1938181,
      34.6572499
     ],
     [
      -84.1937055,
      34.65729
     ],
     [
      -84.1934341,
      34.6573852
     ],
     [
      -84.193244,
      34.6574969
     ],
     [
      -84.1931536,
      34.6575395
     ],
     [
      -84.1930753,
      34.6576293
     ],
     [
      -84.1930612,
      34.6576947
     ],
     [
      -84.1930508,
      34.6577988
     ],
     [
      -84.1929947,
      34.6578847
     ],
     [
      -84.1929997,
      34.6578817
     ],
     [
      -84.1929357,
      34.6579334
     ],
     [
      -84.19285,
      34.6579561
     ],
     [
      -84.192749,
      34.6580067
     ],
     [
      -84.1926783,
      34.6580199
     ],
     [
      -84.192574,
      34.6580777
     ],
     [
      -84.1924892,
      34.6581218
     ],
     [
      -84.1923957,
      34.6582475
     ],
     [
      -84.1923077,
      34.6583251
     ],
     [
      -84.1922193,
      34.6583726
     ],
     [
      -84.1921363,
      34.6584227
     ],
     [
      -84.1920757,
      34.6585356
     ],
     [
      -84.1920372,
      34.6585895
     ],
     [
      -84.1919975,
      34.6586286
     ],
     [
      -84.1919521,
      34.6586675
     ],
     [
      -84.1918892,
      34.6586974
     ],
     [
      -84.1918142,
      34.6587564
     ],
     [
      -84.1917193,
      34.6588105
     ],
     [
      -84.1916067,
      34.6588794
     ],
     [
      -84.1915101,
      34.6589344
     ],
     [
      -84.1913663,
      34.6589967
     ],
     [
      -84.191228,
      34.6590899
     ],
     [
      -84.1910723,
      34.6591331
     ],
     [
      -84.1908264,
      34.6592584
     ],
     [
      -84.190748,
      34.6593102
     ],
     [
      -84.1906664,
      34.6593428
     ],
     [
      -84.1905732,
      34.6593712
     ],
     [
      -84.1904764,
      34.6594141
     ],
     [
      -84.190352,
      34.6594696
     ],
     [
      -84.1902302,
      34.6594774
     ],
     [
      -84.1901806,
      34.6594338
     ],
     [
      -84.1901552,
      34.6593996
     ],
     [
      -84.1900925,
      34.6593021
     ],
     [
      -84.1899184,
      34.6593677
     ],
     [
      -84.1897028,
      34.6594108
     ],
     [
      -84.1895468,
      34.6594604
     ],
     [
      -84.1894036,
      34.6595626
     ],
     [
      -84.1892435,
      34.6596384
     ],
     [
      -84.1889918,
      34.6597359
     ],
     [
      -84.1888571,
      34.6598272
     ],
     [
      -84.1887846,
      34.6599278
     ],
     [
      -84.1887024,
      34.660014
     ],
     [
      -84.1885789,
      34.6600976
     ],
     [
      -84.1885476,
      34.6602036
     ],
     [
      -84.1885644,
      34.660316
     ],
     [
      -84.188568,
      34.6604343
     ],
     [
      -84.1885436,
      34.6604886
     ],
     [
      -84.1884491,
      34.6605508
     ],
     [
      -84.1884054,
      34.6605858
     ],
     [
      -84.1883316,
      34.6606138
     ],
     [
      -84.1882382,
      34.6606569
     ],
     [
      -84.1881318,
      34.6606664
     ],
     [
      -84.1879778,
      34.6606645
     ],
     [
      -84.1878008,
      34.6606537
     ],
     [
      -84.1876069,
      34.6606303
     ],
     [
      -84.1874886,
      34.6606295
     ],
     [
      -84.1873955,
      34.6606875
     ],
     [
      -84.1873646,
      34.6607683
     ],
     [
      -84.1872894,
      34.6608354
     ],
     [
      -84.1872209,
      34.6608526
     ],
     [
      -84.1871569,
      34.6608806
     ],
     [
      -84.1870944,
      34.6609047
     ],
     [
      -84.1870033,
      34.6609492
     ],
     [
      -84.1868408,
      34.6610152
     ],
     [
      -84.1866703,
      34.6610583
     ],
     [
      -84.1865497,
      34.6610983
     ],
     [
      -84.1864373,
      34.6611342
     ],
     [
      -84.1863129,
      34.6611752
     ],
     [
      -84.1861797,
      34.6612371
     ],
     [
      -84.1860478,
      34.6613241
     ],
     [
      -84.1859386,
      34.6613871
     ],
     [
      -84.1858501,
      34.6614381
     ],
     [
      -84.1857495,
      34.661525
     ],
     [
      -84.1856867,
      34.661587
     ],
     [
      -84.1856009,
      34.6616789
     ],
     [
      -84.1855557,
      34.6617615
     ],
     [
      -84.1852963,
      34.6619726
     ],
     [
      -84.1851709,
      34.662067
     ],
     [
      -84.1850705,
      34.66207
     ],
     [
      -84.1849419,
      34.6620294
     ],
     [
      -84.1848345,
      34.6619835
     ],
     [
      -84.1847611,
      34.6619317
     ],
     [
      -84.1846392,
      34.6619437
     ],
     [
      -84.1845653,
      34.6620155
     ],
     [
      -84.1845617,
      34.6622727
     ],
     [
      -84.1845638,
      34.6623176
     ],
     [
      -84.1845744,
      34.6624004
     ],
     [
      -84.1845532,
      34.662483
     ],
     [
      -84.1845263,
      34.6625261
     ],
     [
      -84.1844842,
      34.6625863
     ],
     [
      -84.1844363,
      34.6626247
     ],
     [
      -84.1843657,
      34.6627213
     ],
     [
      -84.1843188,
      34.6627562
     ],
     [
      -84.1843031,
      34.6627915
     ],
     [
      -84.184291,
      34.6628233
     ],
     [
      -84.1842862,
      34.662857
     ],
     [
      -84.184308,
      34.6629236
     ],
     [
      -84.1843774,
      34.6629804
     ],
     [
      -84.1844857,
      34.6630527
     ],
     [
      -84.1845143,
      34.663117
     ],
     [
      -84.184506,
      34.663164
     ],
     [
      -84.1844937,
      34.6631893
     ],
     [
      -84.1844348,
      34.6632336
     ]
    ]
   }
  },
  {
   "type": "Feature",
   "properties": {
    "name": "Appalachian Trail: Three Forks to Hightower Gap (via Hawk Mountain Shelter)",
    "category": "trail",
    "coord_source": "OpenStreetMap contributors, via api.openstreetmap.org/api/0.6/map and /api/0.6/way/<id>/full, 2026-09-21 (ODbL). Georgia land lot polygons: GA Geospatial Info Office \"Georgia_Landlots_and_Militia_Districts\" ArcGIS Feature Service (services7.arcgis.com/Za9Nk6CPIPbvR1t7). Ownership: USFS EDW_BasicOwnership_01 MapServer point query. Elevation: api.opentopodata.org aster30m."
   },
   "geometry": {
    "type": "LineString",
    "coordinates": [
     [
      -84.1844348,
      34.6632336
     ],
     [
      -84.1843362,
      34.6633166
     ],
     [
      -84.1842478,
      34.6633712
     ],
     [
      -84.1841939,
      34.663394
     ],
     [
      -84.1841497,
      34.6634207
     ],
     [
      -84.1840956,
      34.6634816
     ],
     [
      -84.1840984,
      34.6635004
     ],
     [
      -84.1839136,
      34.6638145
     ],
     [
      -84.1838676,
      34.6639243
     ],
     [
      -84.1838511,
      34.6639912
     ],
     [
      -84.1838047,
      34.6640607
     ],
     [
      -84.183654,
      34.6642238
     ],
     [
      -84.1833905,
      34.664433
     ],
     [
      -84.1830095,
      34.6648579
     ],
     [
      -84.1828425,
      34.6650274
     ],
     [
      -84.1827183,
      34.6651374
     ],
     [
      -84.1824151,
      34.6653493
     ],
     [
      -84.1821779,
      34.6654455
     ],
     [
      -84.1819027,
      34.6655397
     ],
     [
      -84.1817506,
      34.6655942
     ],
     [
      -84.1816354,
      34.6656348
     ],
     [
      -84.1815059,
      34.665642
     ],
     [
      -84.1813721,
      34.665701
     ],
     [
      -84.1812307,
      34.6657783
     ],
     [
      -84.1810954,
      34.6658869
     ],
     [
      -84.1809471,
      34.6659631
     ],
     [
      -84.1807345,
      34.6660474
     ],
     [
      -84.1805195,
      34.6661623
     ],
     [
      -84.1802877,
      34.6662678
     ],
     [
      -84.1800806,
      34.6663311
     ],
     [
      -84.1799413,
      34.6663545
     ],
     [
      -84.1797717,
      34.6664065
     ],
     [
      -84.1796376,
      34.6664318
     ],
     [
      -84.1794602,
      34.6665301
     ],
     [
      -84.1793737,
      34.6665857
     ],
     [
      -84.1791122,
      34.6665913
     ],
     [
      -84.1790359,
      34.6665973
     ],
     [
      -84.1786573,
      34.6667277
     ],
     [
      -84.178318,
      34.6668544
     ],
     [
      -84.1780239,
      34.6669747
     ],
     [
      -84.177812,
      34.6670359
     ],
     [
      -84.177672,
      34.6670621
     ],
     [
      -84.1775615,
      34.6670759
     ],
     [
      -84.1774578,
      34.6670826
     ],
     [
      -84.1772527,
      34.6670762
     ],
     [
      -84.1771149,
      34.6670616
     ],
     [
      -84.1769648,
      34.6670338
     ],
     [
      -84.176848,
      34.6670041
     ],
     [
      -84.1767472,
      34.6670219
     ],
     [
      -84.1766541,
      34.6670962
     ],
     [
      -84.176575,
      34.6671286
     ],
     [
      -84.1764252,
      34.667134
     ],
     [
      -84.1761778,
      34.6671342
     ],
     [
      -84.1759619,
      34.6671186
     ],
     [
      -84.1757342,
      34.6672057
     ],
     [
      -84.1756345,
      34.6672239
     ],
     [
      -84.1755109,
      34.6672256
     ],
     [
      -84.1754159,
      34.6671964
     ],
     [
      -84.1753484,
      34.6671759
     ],
     [
      -84.1752484,
      34.6671563
     ],
     [
      -84.1751645,
      34.6671391
     ],
     [
      -84.1750895,
      34.66713
     ],
     [
      -84.1750005,
      34.6671185
     ],
     [
      -84.1748988,
      34.667109
     ],
     [
      -84.1747138,
      34.6670982
     ],
     [
      -84.1744441,
      34.6670556
     ],
     [
      -84.1743035,
      34.6670025
     ],
     [
      -84.1741812,
      34.6669401
     ],
     [
      -84.1739146,
      34.6667419
     ],
     [
      -84.1738583,
      34.6667223
     ],
     [
      -84.1738112,
      34.6667509
     ],
     [
      -84.173772,
      34.6668058
     ],
     [
      -84.1737158,
      34.666934
     ],
     [
      -84.1736484,
      34.6670358
     ],
     [
      -84.1736015,
      34.6671003
     ],
     [
      -84.1734976,
      34.6672033
     ],
     [
      -84.1734384,
      34.6672611
     ],
     [
      -84.1733242,
      34.6673253
     ],
     [
      -84.1731833,
      34.6673804
     ],
     [
      -84.1730704,
      34.6674036
     ],
     [
      -84.172962,
      34.6673912
     ],
     [
      -84.1728605,
      34.667361
     ],
     [
      -84.1727611,
      34.6673297
     ],
     [
      -84.1726683,
      34.6672934
     ],
     [
      -84.172595,
      34.6672588
     ],
     [
      -84.172523,
      34.6672224
     ],
     [
      -84.1723888,
      34.667104
     ],
     [
      -84.1722759,
      34.6669868
     ],
     [
      -84.1722194,
      34.6668957
     ],
     [
      -84.1721865,
      34.66685
     ],
     [
      -84.1721399,
      34.6668197
     ],
     [
      -84.1719925,
      34.6668005
     ],
     [
      -84.1719172,
      34.6667586
     ],
     [
      -84.1718866,
      34.6667191
     ],
     [
      -84.1718481,
      34.6666941
     ],
     [
      -84.1718542,
      34.6666239
     ],
     [
      -84.171812,
      34.6665776
     ],
     [
      -84.1717611,
      34.6665092
     ],
     [
      -84.1716705,
      34.6664952
     ],
     [
      -84.1715605,
      34.666514
     ],
     [
      -84.171399,
      34.6665496
     ],
     [
      -84.1711406,
      34.6666766
     ],
     [
      -84.1709538,
      34.6667247
     ],
     [
      -84.1708104,
      34.6667526
     ],
     [
      -84.1707501,
      34.6667822
     ],
     [
      -84.1706812,
      34.666929
     ],
     [
      -84.1705538,
      34.6670909
     ],
     [
      -84.1703823,
      34.6671979
     ],
     [
      -84.1702315,
      34.6672676
     ],
     [
      -84.1701501,
      34.6672988
     ],
     [
      -84.1700788,
      34.6673022
     ],
     [
      -84.1699938,
      34.6672833
     ],
     [
      -84.1699376,
      34.6672232
     ],
     [
      -84.1699128,
      34.6671437
     ],
     [
      -84.1699206,
      34.6670714
     ],
     [
      -84.1699015,
      34.6669684
     ],
     [
      -84.1697374,
      34.6665886
     ],
     [
      -84.169645,
      34.6664441
     ],
     [
      -84.1694224,
      34.6661617
     ],
     [
      -84.1692715,
      34.6659941
     ],
     [
      -84.1692225,
      34.6658453
     ],
     [
      -84.1692187,
      34.6656964
     ],
     [
      -84.1692965,
      34.6655725
     ],
     [
      -84.1694509,
      34.6655044
     ],
     [
      -84.1696148,
      34.6654358
     ],
     [
      -84.1697408,
      34.6653681
     ],
     [
      -84.1697954,
      34.6653278
     ],
     [
      -84.1697939,
      34.6652699
     ],
     [
      -84.1697258,
      34.6652179
     ],
     [
      -84.1696091,
      34.6651891
     ],
     [
      -84.1694001,
      34.6650491
     ],
     [
      -84.1692206,
      34.6648712
     ],
     [
      -84.168998,
      34.6646028
     ],
     [
      -84.1688828,
      34.6645143
     ],
     [
      -84.1687825,
      34.6644607
     ],
     [
      -84.1686997,
      34.6644498
     ],
     [
      -84.1685926,
      34.6645237
     ],
     [
      -84.168534,
      34.6645768
     ],
     [
      -84.168436,
      34.6645842
     ],
     [
      -84.1683344,
      34.6645428
     ],
     [
      -84.1682362,
      34.6644198
     ],
     [
      -84.1681249,
      34.66426
     ],
     [
      -84.1680381,
      34.664046
     ],
     [
      -84.167988,
      34.6639357
     ],
     [
      -84.1678666,
      34.6638691
     ],
     [
      -84.167732,
      34.6637979
     ],
     [
      -84.167644,
      34.6636987
     ],
     [
      -84.167604,
      34.663544
     ],
     [
      -84.167561,
      34.663458
     ],
     [
      -84.1675004,
      34.6633628
     ],
     [
      -84.1674044,
      34.6633308
     ],
     [
      -84.1673027,
      34.6633303
     ],
     [
      -84.1671669,
      34.6633463
     ],
     [
      -84.1670561,
      34.6633349
     ],
     [
      -84.1669462,
      34.6632952
     ],
     [
      -84.1667718,
      34.6632265
     ],
     [
      -84.1666255,
      34.6631897
     ],
     [
      -84.1665007,
      34.6631893
     ],
     [
      -84.1663464,
      34.6632052
     ],
     [
      -84.1662183,
      34.6632435
     ],
     [
      -84.166122,
      34.6632952
     ],
     [
      -84.1659754,
      34.6633984
     ],
     [
      -84.1658466,
      34.6634845
     ],
     [
      -84.1657627,
      34.6636028
     ],
     [
      -84.1656844,
      34.6637155
     ],
     [
      -84.1655443,
      34.6638258
     ],
     [
      -84.1653582,
      34.6639389
     ],
     [
      -84.1652318,
      34.6640132
     ],
     [
      -84.1651129,
      34.6640584
     ],
     [
      -84.1649757,
      34.6641092
     ],
     [
      -84.1648056,
      34.6641825
     ],
     [
      -84.1647291,
      34.6642981
     ],
     [
      -84.1647245,
      34.6644881
     ],
     [
      -84.164731,
      34.6646666
     ],
     [
      -84.1646867,
      34.6648495
     ],
     [
      -84.1646669,
      34.6649996
     ],
     [
      -84.1646142,
      34.665125
     ],
     [
      -84.1645672,
      34.6652907
     ],
     [
      -84.1645302,
      34.6654668
     ],
     [
      -84.1645163,
      34.665619
     ],
     [
      -84.1645126,
      34.6657041
     ],
     [
      -84.164468,
      34.6657724
     ],
     [
      -84.1643958,
      34.6658156
     ],
     [
      -84.1643262,
      34.6658311
     ],
     [
      -84.1642603,
      34.6658327
     ],
     [
      -84.1641983,
      34.6658298
     ],
     [
      -84.1639289,
      34.6657862
     ],
     [
      -84.1637821,
      34.6657444
     ],
     [
      -84.1636496,
      34.6657181
     ],
     [
      -84.1634507,
      34.6656515
     ],
     [
      -84.1630988,
      34.665518
     ],
     [
      -84.1629794,
      34.6654821
     ],
     [
      -84.1628991,
      34.6654579
     ],
     [
      -84.1625838,
      34.6654574
     ],
     [
      -84.1623173,
      34.6654161
     ],
     [
      -84.1621648,
      34.6653759
     ],
     [
      -84.1620245,
      34.6653402
     ],
     [
      -84.1619984,
      34.6653335
     ],
     [
      -84.1618749,
      34.6653148
     ],
     [
      -84.1617598,
      34.6653117
     ],
     [
      -84.1616829,
      34.6653511
     ],
     [
      -84.1616264,
      34.6654037
     ],
     [
      -84.1614844,
      34.6654389
     ],
     [
      -84.1612035,
      34.6654954
     ],
     [
      -84.1611246,
      34.6655039
     ],
     [
      -84.1610296,
      34.6654858
     ],
     [
      -84.160947,
      34.6654408
     ],
     [
      -84.1608743,
      34.6653444
     ],
     [
      -84.1608155,
      34.6652496
     ],
     [
      -84.1607714,
      34.6651713
     ],
     [
      -84.1607521,
      34.6651054
     ],
     [
      -84.1607192,
      34.665019
     ],
     [
      -84.1607692,
      34.6649309
     ],
     [
      -84.1606932,
      34.6648149
     ],
     [
      -84.1606741,
      34.6648419
     ],
     [
      -84.1606032,
      34.6647879
     ],
     [
      -84.1605312,
      34.6646819
     ],
     [
      -84.1605172,
      34.664708
     ],
     [
      -84.1604522,
      34.6646739
     ],
     [
      -84.1603852,
      34.6646399
     ],
     [
      -84.1603352,
      34.6645999
     ],
     [
      -84.1602772,
      34.6645719
     ],
     [
      -84.1602042,
      34.66458
     ],
     [
      -84.1601252,
      34.6645599
     ],
     [
      -84.1600831,
      34.6645409
     ],
     [
      -84.1600401,
      34.6645309
     ],
     [
      -84.1599111,
      34.66442
     ],
     [
      -84.1597772,
      34.6644009
     ],
     [
      -84.1597402,
      34.664352
     ],
     [
      -84.1596732,
      34.6643039
     ],
     [
      -84.1596352,
      34.664276
     ],
     [
      -84.1595762,
      34.6642139
     ],
     [
      -84.1595071,
      34.664194
     ],
     [
      -84.1594612,
      34.6641869
     ],
     [
      -84.1594162,
      34.6641869
     ],
     [
      -84.1593572,
      34.664167
     ],
     [
      -84.1593061,
      34.664164
     ],
     [
      -84.1592422,
      34.6642029
     ],
     [
      -84.1591592,
      34.6642019
     ],
     [
      -84.1591592,
      34.664224
     ],
     [
      -84.1591031,
      34.6642309
     ],
     [
      -84.1590712,
      34.664237
     ],
     [
      -84.1590272,
      34.664234
     ],
     [
      -84.1589682,
      34.6642429
     ],
     [
      -84.1589142,
      34.664253
     ],
     [
      -84.1588761,
      34.6642749
     ],
     [
      -84.1588272,
      34.664291
     ],
     [
      -84.1587522,
      34.664324
     ],
     [
      -84.1587332,
      34.664333
     ],
     [
      -84.1586871,
      34.664367
     ],
     [
      -84.1586342,
      34.6643879
     ],
     [
      -84.1585571,
      34.664406
     ],
     [
      -84.1585212,
      34.6644319
     ],
     [
      -84.1584571,
      34.66447
     ],
     [
      -84.1583932,
      34.6645049
     ],
     [
      -84.1583172,
      34.664541
     ],
     [
      -84.1582671,
      34.664569
     ],
     [
      -84.1582001,
      34.664593
     ],
     [
      -84.1581342,
      34.664612
     ],
     [
      -84.1580501,
      34.6646339
     ],
     [
      -84.1579872,
      34.6646589
     ],
     [
      -84.1578971,
      34.664667
     ],
     [
      -84.1578442,
      34.664656
     ],
     [
      -84.1577602,
      34.6646329
     ],
     [
      -84.1576982,
      34.6646029
     ],
     [
      -84.1576381,
      34.6645749
     ],
     [
      -84.1575572,
      34.664553
     ],
     [
      -84.1574872,
      34.6645619
     ],
     [
      -84.1574112,
      34.6645619
     ],
     [
      -84.1573361,
      34.664566
     ],
     [
      -84.1572571,
      34.664538
     ],
     [
      -84.1571761,
      34.664501
     ],
     [
      -84.1570341,
      34.66452
     ],
     [
      -84.1569781,
      34.664526
     ],
     [
      -84.1568881,
      34.6645329
     ],
     [
      -84.1568232,
      34.664556
     ],
     [
      -84.1567161,
      34.664569
     ],
     [
      -84.1565511,
      34.664551
     ],
     [
      -84.1564871,
      34.664555
     ],
     [
      -84.1564821,
      34.66456
     ],
     [
      -84.1563981,
      34.664556
     ],
     [
      -84.1563371,
      34.664574
     ],
     [
      -84.1561821,
      34.66457
     ],
     [
      -84.1561241,
      34.6645479
     ],
     [
      -84.1561031,
      34.664545
     ],
     [
      -84.1560381,
      34.66452
     ],
     [
      -84.1559851,
      34.664499
     ],
     [
      -84.1559241,
      34.664485
     ],
     [
      -84.1558761,
      34.66446
     ],
     [
      -84.1558261,
      34.664433
     ],
     [
      -84.1557481,
      34.664423
     ],
     [
      -84.1556321,
      34.664425
     ],
     [
      -84.1555881,
      34.664426
     ],
     [
      -84.1555021,
      34.664416
     ],
     [
      -84.1554681,
      34.664424
     ],
     [
      -84.1554221,
      34.664427
     ],
     [
      -84.1553581,
      34.664468
     ],
     [
      -84.1552581,
      34.664477
     ],
     [
      -84.1552091,
      34.664489
     ],
     [
      -84.1551231,
      34.664503
     ],
     [
      -84.1550451,
      34.664428
     ],
     [
      -84.1549741,
      34.66444
     ],
     [
      -84.1549961,
      34.66451
     ],
     [
      -84.1549401,
      34.66452
     ],
     [
      -84.1549031,
      34.664544
     ],
     [
      -84.1548681,
      34.664558
     ],
     [
      -84.1548231,
      34.664573
     ],
     [
      -84.1547991,
      34.664517
     ],
     [
      -84.1547601,
      34.664546
     ],
     [
      -84.1546731,
      34.664477
     ],
     [
      -84.1546541,
      34.664481
     ],
     [
      -84.1546231,
      34.664493
     ],
     [
      -84.1545921,
      34.664493
     ],
     [
      -84.1545791,
      34.664498
     ],
     [
      -84.1545401,
      34.664493
     ],
     [
      -84.1545001,
      34.664491
     ],
     [
      -84.1544651,
      34.664475
     ],
     [
      -84.1544181,
      34.664473
     ],
     [
      -84.1543811,
      34.664476
     ],
     [
      -84.1543221,
      34.664463
     ],
     [
      -84.1542721,
      34.664459
     ],
     [
      -84.1542251,
      34.664502
     ],
     [
      -84.1541201,
      34.6644941
     ],
     [
      -84.1540791,
      34.664502
     ],
     [
      -84.1540291,
      34.66451
     ],
     [
      -84.1539521,
      34.664498
     ],
     [
      -84.1538991,
      34.664499
     ],
     [
      -84.1538421,
      34.664485
     ],
     [
      -84.1537651,
      34.66449
     ],
     [
      -84.1537131,
      34.664474
     ],
     [
      -84.1536631,
      34.664448
     ],
     [
      -84.1536271,
      34.664425
     ],
     [
      -84.1535771,
      34.664392
     ],
     [
      -84.1534961,
      34.664361
     ],
     [
      -84.1534471,
      34.664334
     ],
     [
      -84.153393,
      34.664303
     ],
     [
      -84.1533521,
      34.664269
     ],
     [
      -84.1532951,
      34.664234
     ],
     [
      -84.1532261,
      34.664197
     ],
     [
      -84.1531821,
      34.664173
     ],
     [
      -84.15315,
      34.664134
     ],
     [
      -84.1531031,
      34.664086
     ],
     [
      -84.153063,
      34.664045
     ],
     [
      -84.1530271,
      34.6639941
     ],
     [
      -84.1529775,
      34.663945
     ],
     [
      -84.1529441,
      34.6639
     ],
     [
      -84.152888,
      34.663857
     ],
     [
      -84.1528221,
      34.6638051
     ],
     [
      -84.152744,
      34.663754
     ],
     [
      -84.1526951,
      34.663698
     ],
     [
      -84.1526181,
      34.6636631
     ],
     [
      -84.152558,
      34.6636351
     ],
     [
      -84.152502,
      34.6635811
     ],
     [
      -84.1524481,
      34.66353
     ],
     [
      -84.152412,
      34.6634771
     ],
     [
      -84.1523481,
      34.6634321
     ],
     [
      -84.152285,
      34.6633891
     ],
     [
      -84.1522191,
      34.663328
     ],
     [
      -84.1521921,
      34.6632921
     ],
     [
      -84.1521471,
      34.6632461
     ],
     [
      -84.152098,
      34.663197
     ],
     [
      -84.1520481,
      34.663154
     ],
     [
      -84.151997,
      34.663111
     ],
     [
      -84.151937,
      34.663068
     ],
     [
      -84.151839,
      34.663053
     ],
     [
      -84.151798,
      34.663027
     ],
     [
      -84.1517281,
      34.662998
     ],
     [
      -84.1516611,
      34.6629741
     ],
     [
      -84.1515629,
      34.6629466
     ],
     [
      -84.1515148,
      34.6629445
     ],
     [
      -84.1513992,
      34.6629163
     ],
     [
      -84.151276,
      34.6628641
     ],
     [
      -84.151148,
      34.6628491
     ],
     [
      -84.151016,
      34.6628281
     ],
     [
      -84.15092,
      34.6628161
     ],
     [
      -84.1508658,
      34.6628092
     ],
     [
      -84.1508417,
      34.6628087
     ],
     [
      -84.1507641,
      34.6628101
     ],
     [
      -84.150622,
      34.6628165
     ],
     [
      -84.1505332,
      34.6628258
     ],
     [
      -84.1504476,
      34.6628344
     ],
     [
      -84.150384,
      34.6628415
     ],
     [
      -84.1502904,
      34.6628562
     ],
     [
      -84.1502045,
      34.6628706
     ],
     [
      -84.1501288,
      34.6628737
     ],
     [
      -84.1500699,
      34.6628738
     ],
     [
      -84.1499799,
      34.6628848
     ],
     [
      -84.1499174,
      34.6628986
     ],
     [
      -84.1498601,
      34.6629015
     ],
     [
      -84.1497591,
      34.662922
     ],
     [
      -84.1497097,
      34.6629349
     ],
     [
      -84.1496318,
      34.6629684
     ],
     [
      -84.149583,
      34.6629951
     ],
     [
      -84.149525,
      34.6630321
     ],
     [
      -84.149471,
      34.6630801
     ],
     [
      -84.149443,
      34.6631001
     ],
     [
      -84.149392,
      34.6631371
     ],
     [
      -84.1493461,
      34.6631957
     ],
     [
      -84.1493079,
      34.6632407
     ],
     [
      -84.1492739,
      34.6632855
     ],
     [
      -84.149242,
      34.6633511
     ],
     [
      -84.1492274,
      34.6633981
     ],
     [
      -84.1492005,
      34.6634622
     ],
     [
      -84.149166,
      34.663517
     ],
     [
      -84.149113,
      34.6635761
     ],
     [
      -84.1490599,
      34.663631
     ],
     [
      -84.1490112,
      34.6636691
     ],
     [
      -84.1489629,
      34.6637058
     ],
     [
      -84.1489078,
      34.6637508
     ],
     [
      -84.1488421,
      34.6637953
     ],
     [
      -84.148789,
      34.6638281
     ],
     [
      -84.148698,
      34.6638641
     ],
     [
      -84.14865,
      34.6638861
     ],
     [
      -84.148556,
      34.6639141
     ],
     [
      -84.148453,
      34.6639431
     ],
     [
      -84.148383,
      34.6639591
     ],
     [
      -84.14834,
      34.6639821
     ],
     [
      -84.1482666,
      34.6640165
     ],
     [
      -84.148203,
      34.6640461
     ],
     [
      -84.148097,
      34.6640751
     ],
     [
      -84.147993,
      34.6641001
     ],
     [
      -84.1479202,
      34.6641242
     ],
     [
      -84.147813,
      34.66415
     ],
     [
      -84.1477396,
      34.6641568
     ],
     [
      -84.14764,
      34.6641527
     ],
     [
      -84.1475798,
      34.6641489
     ],
     [
      -84.1475067,
      34.6641339
     ],
     [
      -84.1474203,
      34.6641205
     ],
     [
      -84.1473522,
      34.6641057
     ],
     [
      -84.1472788,
      34.6640851
     ],
     [
      -84.1471913,
      34.664052
     ],
     [
      -84.1471345,
      34.6640318
     ],
     [
      -84.1470635,
      34.6640094
     ],
     [
      -84.1470069,
      34.6639936
     ],
     [
      -84.1469233,
      34.663993
     ],
     [
      -84.1468292,
      34.6639841
     ],
     [
      -84.1467395,
      34.6639729
     ],
     [
      -84.1466646,
      34.663979
     ],
     [
      -84.1465765,
      34.6639801
     ],
     [
      -84.1465009,
      34.6639747
     ],
     [
      -84.1464167,
      34.6639628
     ],
     [
      -84.1463418,
      34.6639537
     ],
     [
      -84.14625,
      34.6639381
     ],
     [
      -84.1461816,
      34.6639253
     ],
     [
      -84.1461184,
      34.6639148
     ],
     [
      -84.1460253,
      34.6639082
     ],
     [
      -84.1459313,
      34.6639056
     ],
     [
      -84.1458347,
      34.6639128
     ],
     [
      -84.1457808,
      34.6639131
     ],
     [
      -84.1456761,
      34.6638935
     ],
     [
      -84.1455701,
      34.6638805
     ],
     [
      -84.1455388,
      34.6638732
     ],
     [
      -84.1454843,
      34.6638756
     ],
     [
      -84.1454597,
      34.6638788
     ],
     [
      -84.145329,
      34.6639014
     ],
     [
      -84.1452346,
      34.663952
     ],
     [
      -84.1450282,
      34.6640059
     ],
     [
      -84.1449589,
      34.6640381
     ],
     [
      -84.1448977,
      34.6640486
     ],
     [
      -84.1448359,
      34.6640568
     ],
     [
      -84.1447395,
      34.6640613
     ],
     [
      -84.1446699,
      34.6640522
     ],
     [
      -84.1446315,
      34.6640338
     ],
     [
      -84.14449,
      34.6640082
     ],
     [
      -84.1443739,
      34.6640257
     ],
     [
      -84.1442813,
      34.6640452
     ],
     [
      -84.1441992,
      34.6640759
     ],
     [
      -84.1441069,
      34.664127
     ],
     [
      -84.1440446,
      34.664168
     ],
     [
      -84.1439856,
      34.6641959
     ],
     [
      -84.1439043,
      34.6642431
     ],
     [
      -84.1438328,
      34.6642909
     ],
     [
      -84.1437995,
      34.6643534
     ],
     [
      -84.1437502,
      34.6644015
     ],
     [
      -84.1436955,
      34.6644462
     ],
     [
      -84.1436325,
      34.6644741
     ],
     [
      -84.1435812,
      34.6645275
     ],
     [
      -84.1435179,
      34.6646292
     ],
     [
      -84.1434126,
      34.6647066
     ],
     [
      -84.1433279,
      34.6647541
     ],
     [
      -84.1433029,
      34.6647728
     ],
     [
      -84.1432586,
      34.6647999
     ],
     [
      -84.1432016,
      34.6648298
     ],
     [
      -84.1431486,
      34.6648688
     ],
     [
      -84.1431017,
      34.6649003
     ],
     [
      -84.1430631,
      34.6649279
     ],
     [
      -84.1429883,
      34.6649644
     ],
     [
      -84.1428299,
      34.6650081
     ],
     [
      -84.1427883,
      34.6650264
     ],
     [
      -84.1426916,
      34.6650751
     ],
     [
      -84.1426183,
      34.6650921
     ],
     [
      -84.142571,
      34.6651091
     ],
     [
      -84.1425239,
      34.6651281
     ],
     [
      -84.1424029,
      34.6651711
     ],
     [
      -84.1423626,
      34.6651901
     ],
     [
      -84.1422849,
      34.6652202
     ],
     [
      -84.1422689,
      34.6652342
     ],
     [
      -84.1421808,
      34.6652926
     ],
     [
      -84.1421272,
      34.6653829
     ],
     [
      -84.1420805,
      34.665448
     ],
     [
      -84.1420398,
      34.6654925
     ],
     [
      -84.1419049,
      34.6655851
     ],
     [
      -84.1417841,
      34.6656156
     ],
     [
      -84.1415885,
      34.6656506
     ],
     [
      -84.1414358,
      34.6656226
     ],
     [
      -84.1413272,
      34.6656194
     ],
     [
      -84.1412362,
      34.6655864
     ],
     [
      -84.1411449,
      34.6655743
     ],
     [
      -84.1410819,
      34.6655672
     ],
     [
      -84.1410199,
      34.6655751
     ],
     [
      -84.1409799,
      34.6656115
     ],
     [
      -84.1408267,
      34.6657053
     ],
     [
      -84.140767,
      34.6657436
     ],
     [
      -84.1406586,
      34.6657953
     ],
     [
      -84.1405186,
      34.6658102
     ],
     [
      -84.1403992,
      34.6658008
     ],
     [
      -84.1402969,
      34.6657988
     ],
     [
      -84.1401762,
      34.6657819
     ],
     [
      -84.1400921,
      34.6657426
     ],
     [
      -84.1400105,
      34.6657369
     ],
     [
      -84.1399485,
      34.6657106
     ],
     [
      -84.1398748,
      34.6656772
     ],
     [
      -84.1398168,
      34.6656397
     ],
     [
      -84.1397428,
      34.6656222
     ],
     [
      -84.1396398,
      34.6655769
     ],
     [
      -84.1395775,
      34.6655538
     ],
     [
      -84.1394848,
      34.6655109
     ],
     [
      -84.1393849,
      34.6654701
     ],
     [
      -84.1392817,
      34.6654289
     ],
     [
      -84.1390779,
      34.6653262
     ],
     [
      -84.1389719,
      34.6652532
     ],
     [
      -84.1388995,
      34.6652319
     ],
     [
      -84.1388163,
      34.6651782
     ],
     [
      -84.1387188,
      34.6650949
     ],
     [
      -84.1386874,
      34.6650172
     ],
     [
      -84.1386698,
      34.6648884
     ],
     [
      -84.1386668,
      34.6648249
     ],
     [
      -84.1386549,
      34.6647552
     ],
     [
      -84.1386372,
      34.6646612
     ],
     [
      -84.1386295,
      34.6646087
     ],
     [
      -84.1386122,
      34.6644502
     ],
     [
      -84.13857,
      34.6643557
     ],
     [
      -84.138556,
      34.6642205
     ],
     [
      -84.1385524,
      34.6641197
     ],
     [
      -84.1385323,
      34.6640465
     ],
     [
      -84.1385361,
      34.6639707
     ],
     [
      -84.1385494,
      34.6638149
     ],
     [
      -84.138551,
      34.6637244
     ],
     [
      -84.1385727,
      34.6635751
     ],
     [
      -84.1384866,
      34.6634612
     ],
     [
      -84.1384236,
      34.6634077
     ],
     [
      -84.1383298,
      34.6633582
     ],
     [
      -84.1382688,
      34.6633332
     ],
     [
      -84.1381998,
      34.6633342
     ],
     [
      -84.1380599,
      34.6633383
     ],
     [
      -84.1379958,
      34.6633833
     ],
     [
      -84.1379179,
      34.6634423
     ],
     [
      -84.1378808,
      34.6634933
     ],
     [
      -84.1378788,
      34.6635432
     ],
     [
      -84.1378088,
      34.6636152
     ],
     [
      -84.1377628,
      34.6636602
     ],
     [
      -84.1377358,
      34.6636993
     ],
     [
      -84.1376978,
      34.6637663
     ],
     [
      -84.1376668,
      34.6638202
     ],
     [
      -84.1376391,
      34.663884
     ],
     [
      -84.1376144,
      34.6639483
     ],
     [
      -84.1376058,
      34.6640062
     ],
     [
      -84.1375709,
      34.6640423
     ],
     [
      -84.1375228,
      34.6641263
     ],
     [
      -84.1374588,
      34.6641762
     ],
     [
      -84.1373928,
      34.6642173
     ],
     [
      -84.1373478,
      34.6642522
     ],
     [
      -84.1372928,
      34.6642972
     ],
     [
      -84.1372488,
      34.6643463
     ],
     [
      -84.1372058,
      34.6643972
     ],
     [
      -84.1371108,
      34.6644987
     ],
     [
      -84.1370539,
      34.6646106
     ],
     [
      -84.1370086,
      34.6646679
     ],
     [
      -84.1369373,
      34.6646685
     ],
     [
      -84.1368281,
      34.664624
     ],
     [
      -84.1367824,
      34.6645887
     ],
     [
      -84.1367004,
      34.6645493
     ],
     [
      -84.1366154,
      34.6645162
     ],
     [
      -84.1365094,
      34.6644785
     ],
     [
      -84.1364196,
      34.6644513
     ],
     [
      -84.1363403,
      34.6644068
     ],
     [
      -84.1362589,
      34.664373
     ],
     [
      -84.1362123,
      34.6643255
     ],
     [
      -84.1361651,
      34.6642518
     ],
     [
      -84.1361517,
      34.6641682
     ],
     [
      -84.1361166,
      34.664118
     ],
     [
      -84.1360577,
      34.6640327
     ],
     [
      -84.1360002,
      34.6639335
     ],
     [
      -84.1359588,
      34.663757
     ],
     [
      -84.135932,
      34.6636322
     ],
     [
      -84.1358776,
      34.6635637
     ],
     [
      -84.1358316,
      34.6635085
     ],
     [
      -84.1357507,
      34.6634615
     ],
     [
      -84.1356562,
      34.663439
     ],
     [
      -84.1355444,
      34.6633989
     ],
     [
      -84.1353869,
      34.663396
     ],
     [
      -84.1352989,
      34.6633734
     ],
     [
      -84.1352342,
      34.663352
     ],
     [
      -84.1351502,
      34.6633585
     ],
     [
      -84.1350755,
      34.6633607
     ],
     [
      -84.1350099,
      34.6633625
     ],
     [
      -84.1349429,
      34.6633797
     ],
     [
      -84.1348411,
      34.6633912
     ],
     [
      -84.1347545,
      34.6634057
     ],
     [
      -84.1346382,
      34.6634415
     ],
     [
      -84.1345509,
      34.66344
     ],
     [
      -84.1344462,
      34.663461
     ],
     [
      -84.1343337,
      34.6634962
     ],
     [
      -84.1342089,
      34.6634995
     ],
     [
      -84.1341095,
      34.6635187
     ],
     [
      -84.1340172,
      34.6635032
     ],
     [
      -84.1339452,
      34.6634685
     ],
     [
      -84.1339037,
      34.6634695
     ],
     [
      -84.1338405,
      34.6634905
     ],
     [
      -84.1337775,
      34.663479
     ],
     [
      -84.1336942,
      34.6634742
     ],
     [
      -84.1336378,
      34.663457
     ],
     [
      -84.1335775,
      34.663464
     ],
     [
      -84.1335145,
      34.6634632
     ],
     [
      -84.1333994,
      34.6634572
     ],
     [
      -84.1333471,
      34.6634355
     ],
     [
      -84.1332871,
      34.6634365
     ],
     [
      -84.1332295,
      34.6634152
     ],
     [
      -84.1331632,
      34.6633958
     ],
     [
      -84.1330792,
      34.6633935
     ],
     [
      -84.1330025,
      34.6633738
     ],
     [
      -84.1329053,
      34.6633738
     ],
     [
      -84.1327861,
      34.6633665
     ],
     [
      -84.1327264,
      34.6633423
     ],
     [
      -84.1326421,
      34.6633265
     ],
     [
      -84.132529,
      34.6633038
     ],
     [
      -84.1324538,
      34.6632843
     ],
     [
      -84.1323981,
      34.6632825
     ],
     [
      -84.1323445,
      34.6632645
     ],
     [
      -84.132299,
      34.6632514
     ],
     [
      -84.1321993,
      34.6632315
     ],
     [
      -84.1321191,
      34.6632092
     ],
     [
      -84.1320523,
      34.6631966
     ],
     [
      -84.1319776,
      34.6631805
     ],
     [
      -84.1319077,
      34.6631801
     ],
     [
      -84.1318271,
      34.6631674
     ],
     [
      -84.1317368,
      34.6631797
     ],
     [
      -84.1316653,
      34.663178
     ],
     [
      -84.1315971,
      34.663208
     ],
     [
      -84.1315208,
      34.6632177
     ],
     [
      -84.131414,
      34.6632105
     ],
     [
      -84.1313213,
      34.6632053
     ],
     [
      -84.1311885,
      34.6632237
     ],
     [
      -84.131094,
      34.6632306
     ],
     [
      -84.1310005,
      34.663215
     ],
     [
      -84.1309211,
      34.6632041
     ],
     [
      -84.1308212,
      34.6631906
     ],
     [
      -84.1307343,
      34.6631846
     ],
     [
      -84.1306526,
      34.6631826
     ],
     [
      -84.1305715,
      34.6632234
     ],
     [
      -84.1305177,
      34.6632661
     ],
     [
      -84.1304451,
      34.6633153
     ],
     [
      -84.1303514,
      34.6633588
     ],
     [
      -84.1302948,
      34.6633799
     ],
     [
      -84.1302456,
      34.6633986
     ],
     [
      -84.1301886,
      34.6634168
     ],
     [
      -84.1301288,
      34.6634333
     ],
     [
      -84.1300546,
      34.6634632
     ],
     [
      -84.1300168,
      34.6634933
     ],
     [
      -84.1299612,
      34.6635558
     ],
     [
      -84.1298695,
      34.663575
     ]
    ]
   }
  },
  {
   "type": "Feature",
   "properties": {
    "name": "Benton MacKaye/Duncan Ridge Trail: partial, connects near 34.7124,-84.1922 to swinging bridge to ~34.8063,-84.1408",
    "category": "trail",
    "note": "NOT connected to Three Forks in OSM data; gap of ~3.7km airline exists between Three Forks and the nearest traceable BMT/Duncan Ridge segment. See report.",
    "coord_source": "OpenStreetMap contributors, via api.openstreetmap.org/api/0.6/map and /api/0.6/way/<id>/full, 2026-09-21 (ODbL). Georgia land lot polygons: GA Geospatial Info Office \"Georgia_Landlots_and_Militia_Districts\" ArcGIS Feature Service (services7.arcgis.com/Za9Nk6CPIPbvR1t7). Ownership: USFS EDW_BasicOwnership_01 MapServer point query. Elevation: api.opentopodata.org aster30m."
   },
   "geometry": {
    "type": "LineString",
    "coordinates": [
     [
      -84.1922229,
      34.7124021
     ],
     [
      -84.1918777,
      34.7126342
     ],
     [
      -84.190929,
      34.7130631
     ],
     [
      -84.1899355,
      34.713394
     ],
     [
      -84.1896904,
      34.713531
     ],
     [
      -84.189652,
      34.713547
     ],
     [
      -84.189638,
      34.713605
     ],
     [
      -84.189596,
      34.713675
     ],
     [
      -84.1896854,
      34.714046
     ],
     [
      -84.1900436,
      34.7145838
     ],
     [
      -84.1904223,
      34.715102
     ],
     [
      -84.1905682,
      34.7157061
     ],
     [
      -84.1906758,
      34.716484
     ],
     [
      -84.1907499,
      34.716731
     ],
     [
      -84.1910747,
      34.7168141
     ],
     [
      -84.1914226,
      34.7169191
     ],
     [
      -84.1916201,
      34.7172001
     ],
     [
      -84.1915835,
      34.717577
     ],
     [
      -84.191284,
      34.7181368
     ],
     [
      -84.1911286,
      34.7186149
     ],
     [
      -84.1910934,
      34.7189273
     ],
     [
      -84.1910636,
      34.7194759
     ],
     [
      -84.1909692,
      34.7199239
     ],
     [
      -84.1908191,
      34.7204118
     ],
     [
      -84.1907323,
      34.7207238
     ],
     [
      -84.1904708,
      34.7208898
     ],
     [
      -84.1901587,
      34.7209418
     ],
     [
      -84.1898046,
      34.7208798
     ],
     [
      -84.1895135,
      34.7208309
     ],
     [
      -84.1891991,
      34.7209399
     ],
     [
      -84.188782,
      34.7210109
     ],
     [
      -84.1885443,
      34.7210429
     ],
     [
      -84.1883478,
      34.7212168
     ],
     [
      -84.1880311,
      34.7213189
     ],
     [
      -84.1878201,
      34.7213939
     ],
     [
      -84.1875876,
      34.7215059
     ],
     [
      -84.1874857,
      34.7215333
     ],
     [
      -84.187393,
      34.721589
     ],
     [
      -84.187084,
      34.721768
     ],
     [
      -84.187074,
      34.721793
     ],
     [
      -84.187059,
      34.721837
     ],
     [
      -84.187027,
      34.72189
     ],
     [
      -84.187012,
      34.721916
     ],
     [
      -84.186987,
      34.721947
     ],
     [
      -84.186965,
      34.721982
     ],
     [
      -84.186942,
      34.72201
     ],
     [
      -84.186911,
      34.722078
     ],
     [
      -84.186899,
      34.722118
     ],
     [
      -84.186881,
      34.722171
     ],
     [
      -84.186878,
      34.722223
     ],
     [
      -84.186857,
      34.722379
     ],
     [
      -84.186841,
      34.722413
     ],
     [
      -84.186822,
      34.722447
     ],
     [
      -84.186804,
      34.722486
     ],
     [
      -84.186779,
      34.722527
     ],
     [
      -84.186752,
      34.722578
     ],
     [
      -84.186728,
      34.722624
     ],
     [
      -84.186705,
      34.722671
     ],
     [
      -84.186691,
      34.722712
     ],
     [
      -84.186678,
      34.722755
     ],
     [
      -84.18668,
      34.722834
     ],
     [
      -84.186662,
      34.722895
     ],
     [
      -84.18665,
      34.72295
     ],
     [
      -84.186627,
      34.722996
     ],
     [
      -84.186592,
      34.723029
     ],
     [
      -84.186563,
      34.723074
     ],
     [
      -84.186547,
      34.723152
     ],
     [
      -84.186536,
      34.723199
     ],
     [
      -84.186539,
      34.723248
     ],
     [
      -84.186526,
      34.723298
     ],
     [
      -84.186501,
      34.72335
     ],
     [
      -84.186471,
      34.723401
     ],
     [
      -84.186433,
      34.72344
     ],
     [
      -84.186409,
      34.723491
     ],
     [
      -84.186406,
      34.723559
     ],
     [
      -84.186393,
      34.723617
     ],
     [
      -84.186361,
      34.72367
     ],
     [
      -84.186348,
      34.723725
     ],
     [
      -84.186331,
      34.723773
     ],
     [
      -84.186333,
      34.723806
     ],
     [
      -84.186326,
      34.723845
     ],
     [
      -84.18631,
      34.723878
     ],
     [
      -84.186275,
      34.724073
     ],
     [
      -84.186251,
      34.724121
     ],
     [
      -84.186218,
      34.724177
     ],
     [
      -84.186194,
      34.724204
     ],
     [
      -84.186169,
      34.72424
     ],
     [
      -84.186113,
      34.724298
     ],
     [
      -84.186082,
      34.724343
     ],
     [
      -84.186046,
      34.724383
     ],
     [
      -84.186013,
      34.724413
     ],
     [
      -84.185972,
      34.724467
     ],
     [
      -84.185955,
      34.724507
     ],
     [
      -84.185925,
      34.724573
     ],
     [
      -84.185898,
      34.724665
     ],
     [
      -84.185882,
      34.724719
     ],
     [
      -84.185878,
      34.724762
     ],
     [
      -84.185873,
      34.724814
     ],
     [
      -84.185853,
      34.724854
     ],
     [
      -84.185828,
      34.724878
     ],
     [
      -84.185756,
      34.72491
     ],
     [
      -84.185647,
      34.724966
     ],
     [
      -84.185591,
      34.724988
     ],
     [
      -84.185546,
      34.725012
     ],
     [
      -84.18547,
      34.725035
     ],
     [
      -84.185387,
      34.725064
     ],
     [
      -84.185344,
      34.72508
     ],
     [
      -84.185278,
      34.725101
     ],
     [
      -84.185245,
      34.725116
     ],
     [
      -84.1852,
      34.725137
     ],
     [
      -84.185165,
      34.725163
     ],
     [
      -84.185118,
      34.725189
     ],
     [
      -84.185059,
      34.725233
     ],
     [
      -84.185028,
      34.725257
     ],
     [
      -84.184983,
      34.725295
     ],
     [
      -84.184959,
      34.725331
     ],
     [
      -84.184928,
      34.725362
     ],
     [
      -84.184902,
      34.725387
     ],
     [
      -84.184859,
      34.725428
     ],
     [
      -84.184766,
      34.725502
     ],
     [
      -84.184746,
      34.725535
     ],
     [
      -84.184724,
      34.725587
     ],
     [
      -84.184689,
      34.725629
     ],
     [
      -84.184538,
      34.725718
     ],
     [
      -84.184408,
      34.725777
     ],
     [
      -84.184358,
      34.725789
     ],
     [
      -84.184225,
      34.725842
     ],
     [
      -84.184199,
      34.72585
     ],
     [
      -84.184027,
      34.725894
     ],
     [
      -84.183955,
      34.725919
     ],
     [
      -84.183903,
      34.725949
     ],
     [
      -84.183866,
      34.725982
     ],
     [
      -84.183825,
      34.726021
     ],
     [
      -84.183782,
      34.726069
     ],
     [
      -84.183751,
      34.726113
     ],
     [
      -84.183682,
      34.726178
     ],
     [
      -84.183641,
      34.72621
     ],
     [
      -84.183594,
      34.72626
     ],
     [
      -84.183537,
      34.726308
     ],
     [
      -84.183475,
      34.7264
     ],
     [
      -84.183436,
      34.726444
     ],
     [
      -84.1834,
      34.726487
     ],
     [
      -84.183373,
      34.726514
     ],
     [
      -84.183233,
      34.726588
     ],
     [
      -84.18318,
      34.726609
     ],
     [
      -84.183132,
      34.726625
     ],
     [
      -84.182901,
      34.726714
     ],
     [
      -84.182844,
      34.726746
     ],
     [
      -84.182748,
      34.726801
     ],
     [
      -84.182696,
      34.726819
     ],
     [
      -84.182645,
      34.726862
     ],
     [
      -84.182627,
      34.726895
     ],
     [
      -84.182576,
      34.726992
     ],
     [
      -84.182553,
      34.727025
     ],
     [
      -84.182498,
      34.727046
     ],
     [
      -84.182444,
      34.727065
     ],
     [
      -84.182387,
      34.727088
     ],
     [
      -84.182337,
      34.727105
     ],
     [
      -84.182264,
      34.727135
     ],
     [
      -84.1822,
      34.727173
     ],
     [
      -84.182149,
      34.727205
     ],
     [
      -84.18209,
      34.727239
     ],
     [
      -84.18204,
      34.7273
     ],
     [
      -84.181977,
      34.727353
     ],
     [
      -84.181922,
      34.727448
     ],
     [
      -84.181917,
      34.727503
     ],
     [
      -84.181911,
      34.727552
     ],
     [
      -84.181914,
      34.727605
     ],
     [
      -84.18188,
      34.727654
     ],
     [
      -84.181696,
      34.727739
     ],
     [
      -84.181644,
      34.727758
     ],
     [
      -84.181578,
      34.727781
     ],
     [
      -84.181531,
      34.727779
     ],
     [
      -84.181495,
      34.727785
     ],
     [
      -84.181441,
      34.727775
     ],
     [
      -84.181378,
      34.727773
     ],
     [
      -84.181316,
      34.72777
     ],
     [
      -84.181282,
      34.727765
     ],
     [
      -84.181254,
      34.727763
     ],
     [
      -84.181211,
      34.727776
     ],
     [
      -84.181156,
      34.727802
     ],
     [
      -84.181119,
      34.727821
     ],
     [
      -84.181092,
      34.727827
     ],
     [
      -84.181044,
      34.727831
     ],
     [
      -84.180944,
      34.727812
     ],
     [
      -84.180888,
      34.727782
     ],
     [
      -84.180835,
      34.727763
     ],
     [
      -84.180777,
      34.727731
     ],
     [
      -84.180735,
      34.727704
     ],
     [
      -84.180708,
      34.727693
     ],
     [
      -84.180634,
      34.727679
     ],
     [
      -84.180605,
      34.727673
     ],
     [
      -84.18054,
      34.72768
     ],
     [
      -84.180496,
      34.727703
     ],
     [
      -84.180452,
      34.727726
     ],
     [
      -84.18039,
      34.727736
     ],
     [
      -84.180344,
      34.727732
     ],
     [
      -84.180286,
      34.727703
     ],
     [
      -84.180247,
      34.727703
     ],
     [
      -84.180181,
      34.727728
     ],
     [
      -84.180141,
      34.727745
     ],
     [
      -84.180094,
      34.727755
     ],
     [
      -84.180031,
      34.727766
     ],
     [
      -84.179883,
      34.727781
     ],
     [
      -84.179806,
      34.727786
     ],
     [
      -84.17967,
      34.727818
     ],
     [
      -84.179503,
      34.727836
     ],
     [
      -84.179453,
      34.727839
     ],
     [
      -84.179381,
      34.727845
     ],
     [
      -84.179271,
      34.727834
     ],
     [
      -84.179232,
      34.727834
     ],
     [
      -84.179135,
      34.727836
     ],
     [
      -84.179068,
      34.727834
     ],
     [
      -84.179034,
      34.727826
     ],
     [
      -84.178939,
      34.727812
     ],
     [
      -84.178872,
      34.727807
     ],
     [
      -84.17882,
      34.727799
     ],
     [
      -84.17869,
      34.727807
     ],
     [
      -84.178601,
      34.727821
     ],
     [
      -84.178524,
      34.727833
     ],
     [
      -84.178466,
      34.727835
     ],
     [
      -84.178384,
      34.727828
     ],
     [
      -84.178287,
      34.727808
     ],
     [
      -84.178233,
      34.727816
     ],
     [
      -84.178165,
      34.727856
     ],
     [
      -84.178107,
      34.727871
     ],
     [
      -84.178046,
      34.727903
     ],
     [
      -84.178012,
      34.727913
     ],
     [
      -84.177948,
      34.727927
     ],
     [
      -84.177883,
      34.727947
     ],
     [
      -84.177824,
      34.727963
     ],
     [
      -84.177765,
      34.727988
     ],
     [
      -84.177731,
      34.728024
     ],
     [
      -84.177647,
      34.728066
     ],
     [
      -84.177589,
      34.728082
     ],
     [
      -84.177526,
      34.728099
     ],
     [
      -84.177474,
      34.728109
     ],
     [
      -84.177404,
      34.728127
     ],
     [
      -84.177363,
      34.728146
     ],
     [
      -84.177282,
      34.728177
     ],
     [
      -84.177235,
      34.728197
     ],
     [
      -84.177194,
      34.728212
     ],
     [
      -84.177106,
      34.728233
     ],
     [
      -84.177081,
      34.728237
     ],
     [
      -84.177002,
      34.728269
     ],
     [
      -84.176946,
      34.72828
     ],
     [
      -84.176882,
      34.728295
     ],
     [
      -84.176825,
      34.728315
     ],
     [
      -84.176767,
      34.728339
     ],
     [
      -84.176704,
      34.728352
     ],
     [
      -84.176638,
      34.728347
     ],
     [
      -84.176554,
      34.728353
     ],
     [
      -84.176464,
      34.728363
     ],
     [
      -84.176411,
      34.728368
     ],
     [
      -84.176367,
      34.728377
     ],
     [
      -84.176312,
      34.728397
     ],
     [
      -84.176254,
      34.72842
     ],
     [
      -84.176172,
      34.728425
     ],
     [
      -84.176125,
      34.728443
     ],
     [
      -84.176039,
      34.728464
     ],
     [
      -84.175992,
      34.728471
     ],
     [
      -84.175941,
      34.728479
     ],
     [
      -84.175893,
      34.72848
     ],
     [
      -84.175799,
      34.72848
     ],
     [
      -84.17574,
      34.728478
     ],
     [
      -84.175687,
      34.728479
     ],
     [
      -84.175614,
      34.728499
     ],
     [
      -84.175475,
      34.728538
     ],
     [
      -84.175428,
      34.728557
     ],
     [
      -84.175392,
      34.728586
     ],
     [
      -84.175321,
      34.72861
     ],
     [
      -84.175212,
      34.728647
     ],
     [
      -84.175136,
      34.728648
     ],
     [
      -84.175058,
      34.728643
     ],
     [
      -84.174997,
      34.728643
     ],
     [
      -84.174951,
      34.728654
     ],
     [
      -84.174891,
      34.728665
     ],
     [
      -84.174808,
      34.728679
     ],
     [
      -84.174756,
      34.728692
     ],
     [
      -84.174697,
      34.72871
     ],
     [
      -84.174632,
      34.728735
     ],
     [
      -84.174571,
      34.728761
     ],
     [
      -84.174529,
      34.728795
     ],
     [
      -84.174478,
      34.728828
     ],
     [
      -84.174359,
      34.728882
     ],
     [
      -84.174315,
      34.728912
     ],
     [
      -84.174254,
      34.728958
     ],
     [
      -84.174208,
      34.728985
     ],
     [
      -84.174152,
      34.729009
     ],
     [
      -84.174068,
      34.729031
     ],
     [
      -84.173969,
      34.729056
     ],
     [
      -84.17392,
      34.729075
     ],
     [
      -84.173842,
      34.729088
     ],
     [
      -84.173789,
      34.729107
     ],
     [
      -84.173737,
      34.729122
     ],
     [
      -84.173661,
      34.729145
     ],
     [
      -84.1736,
      34.729171
     ],
     [
      -84.173537,
      34.729201
     ],
     [
      -84.173473,
      34.729212
     ],
     [
      -84.173415,
      34.729237
     ],
     [
      -84.173362,
      34.72926
     ],
     [
      -84.173311,
      34.729268
     ],
     [
      -84.173251,
      34.729276
     ],
     [
      -84.173188,
      34.729297
     ],
     [
      -84.173114,
      34.729323
     ],
     [
      -84.173068,
      34.729331
     ],
     [
      -84.173029,
      34.729345
     ],
     [
      -84.172945,
      34.729351
     ],
     [
      -84.172902,
      34.729358
     ],
     [
      -84.172842,
      34.729373
     ],
     [
      -84.172793,
      34.729383
     ],
     [
      -84.172757,
      34.7294
     ],
     [
      -84.172713,
      34.729435
     ],
     [
      -84.172663,
      34.729449
     ],
     [
      -84.172625,
      34.729467
     ],
     [
      -84.172575,
      34.729483
     ],
     [
      -84.172531,
      34.729512
     ],
     [
      -84.172504,
      34.729523
     ],
     [
      -84.172455,
      34.729544
     ],
     [
      -84.172392,
      34.729552
     ],
     [
      -84.172351,
      34.729528
     ],
     [
      -84.172283,
      34.729532
     ],
     [
      -84.172225,
      34.729554
     ],
     [
      -84.172177,
      34.729578
     ],
     [
      -84.172129,
      34.729601
     ],
     [
      -84.17207,
      34.729635
     ],
     [
      -84.172012,
      34.729668
     ],
     [
      -84.17197,
      34.729686
     ],
     [
      -84.171922,
      34.729721
     ],
     [
      -84.171889,
      34.729759
     ],
     [
      -84.171853,
      34.729792
     ],
     [
      -84.171821,
      34.729832
     ],
     [
      -84.171777,
      34.729879
     ],
     [
      -84.17174,
      34.72991
     ],
     [
      -84.17171,
      34.729938
     ],
     [
      -84.171677,
      34.729962
     ],
     [
      -84.171629,
      34.729991
     ],
     [
      -84.171515,
      34.730031
     ],
     [
      -84.171374,
      34.730086
     ],
     [
      -84.171322,
      34.730095
     ],
     [
      -84.171266,
      34.730098
     ],
     [
      -84.171196,
      34.730097
     ],
     [
      -84.17114,
      34.730085
     ],
     [
      -84.171089,
      34.730063
     ],
     [
      -84.171034,
      34.730054
     ],
     [
      -84.170969,
      34.730043
     ],
     [
      -84.170882,
      34.730027
     ],
     [
      -84.170662,
      34.730034
     ],
     [
      -84.170619,
      34.730056
     ],
     [
      -84.170588,
      34.73008
     ],
     [
      -84.170504,
      34.730108
     ],
     [
      -84.170447,
      34.730146
     ],
     [
      -84.170415,
      34.730157
     ],
     [
      -84.170374,
      34.730183
     ],
     [
      -84.170321,
      34.730214
     ],
     [
      -84.17027,
      34.730251
     ],
     [
      -84.170226,
      34.730307
     ],
     [
      -84.170178,
      34.730349
     ],
     [
      -84.170164,
      34.73037
     ],
     [
      -84.170106,
      34.730418
     ],
     [
      -84.170062,
      34.730468
     ],
     [
      -84.170026,
      34.730515
     ],
     [
      -84.169983,
      34.730554
     ],
     [
      -84.16996,
      34.730591
     ],
     [
      -84.169902,
      34.730641
     ],
     [
      -84.169878,
      34.730683
     ],
     [
      -84.169848,
      34.730733
     ],
     [
      -84.169853,
      34.730786
     ],
     [
      -84.169861,
      34.730839
     ],
     [
      -84.169904,
      34.730877
     ],
     [
      -84.169919,
      34.73092
     ],
     [
      -84.169914,
      34.730953
     ],
     [
      -84.169846,
      34.731085
     ],
     [
      -84.169824,
      34.731137
     ],
     [
      -84.169821,
      34.731188
     ],
     [
      -84.169815,
      34.731244
     ],
     [
      -84.169816,
      34.731299
     ],
     [
      -84.169805,
      34.731345
     ],
     [
      -84.169795,
      34.731466
     ],
     [
      -84.169787,
      34.731505
     ],
     [
      -84.169768,
      34.731558
     ],
     [
      -84.169738,
      34.73161
     ],
     [
      -84.169719,
      34.731654
     ],
     [
      -84.169693,
      34.731694
     ],
     [
      -84.169678,
      34.731745
     ],
     [
      -84.169648,
      34.73178
     ],
     [
      -84.169612,
      34.731814
     ],
     [
      -84.169568,
      34.73186
     ],
     [
      -84.169538,
      34.731902
     ],
     [
      -84.169509,
      34.731934
     ],
     [
      -84.169472,
      34.731957
     ],
     [
      -84.169424,
      34.731967
     ],
     [
      -84.169381,
      34.731997
     ],
     [
      -84.169352,
      34.73203
     ],
     [
      -84.169324,
      34.732069
     ],
     [
      -84.169292,
      34.732138
     ],
     [
      -84.169273,
      34.732176
     ],
     [
      -84.169254,
      34.732205
     ],
     [
      -84.16924,
      34.73223
     ],
     [
      -84.169204,
      34.732274
     ],
     [
      -84.169167,
      34.732312
     ],
     [
      -84.169135,
      34.732332
     ],
     [
      -84.169105,
      34.732364
     ],
     [
      -84.169064,
      34.73239
     ],
     [
      -84.16901,
      34.732446
     ],
     [
      -84.168995,
      34.732484
     ],
     [
      -84.168966,
      34.732527
     ],
     [
      -84.168934,
      34.732527
     ],
     [
      -84.168869,
      34.732501
     ],
     [
      -84.168793,
      34.732444
     ],
     [
      -84.16875,
      34.732419
     ],
     [
      -84.168708,
      34.732392
     ],
     [
      -84.168671,
      34.732371
     ],
     [
      -84.168621,
      34.73233
     ],
     [
      -84.168548,
      34.732282
     ],
     [
      -84.168482,
      34.732246
     ],
     [
      -84.168337,
      34.732236
     ],
     [
      -84.168203,
      34.732231
     ],
     [
      -84.168071,
      34.732222
     ],
     [
      -84.168018,
      34.732218
     ],
     [
      -84.167983,
      34.732225
     ],
     [
      -84.167929,
      34.732236
     ],
     [
      -84.167865,
      34.73225
     ],
     [
      -84.167809,
      34.732275
     ],
     [
      -84.167767,
      34.732305
     ],
     [
      -84.167716,
      34.732331
     ],
     [
      -84.167687,
      34.732376
     ],
     [
      -84.16764,
      34.732417
     ],
     [
      -84.167608,
      34.73247
     ],
     [
      -84.167582,
      34.732503
     ],
     [
      -84.167535,
      34.732544
     ],
     [
      -84.167494,
      34.732572
     ],
     [
      -84.167437,
      34.732611
     ],
     [
      -84.167409,
      34.732625
     ],
     [
      -84.167356,
      34.732684
     ],
     [
      -84.167326,
      34.732735
     ],
     [
      -84.167292,
      34.732773
     ],
     [
      -84.167239,
      34.732808
     ],
     [
      -84.167179,
      34.732844
     ],
     [
      -84.167029,
      34.732956
     ],
     [
      -84.166989,
      34.732996
     ],
     [
      -84.166949,
      34.733015
     ],
     [
      -84.166807,
      34.733128
     ],
     [
      -84.166747,
      34.733177
     ],
     [
      -84.16671,
      34.733212
     ],
     [
      -84.166598,
      34.733316
     ],
     [
      -84.166548,
      34.733396
     ],
     [
      -84.166507,
      34.733445
     ],
     [
      -84.166475,
      34.733499
     ],
     [
      -84.166405,
      34.733575
     ],
     [
      -84.166357,
      34.733615
     ],
     [
      -84.166295,
      34.73363
     ],
     [
      -84.166267,
      34.733629
     ],
     [
      -84.166224,
      34.733615
     ],
     [
      -84.166188,
      34.7336
     ],
     [
      -84.166131,
      34.733571
     ],
     [
      -84.166055,
      34.733547
     ],
     [
      -84.165944,
      34.733589
     ],
     [
      -84.16586,
      34.733665
     ],
     [
      -84.16584,
      34.733696
     ],
     [
      -84.165812,
      34.733739
     ],
     [
      -84.165796,
      34.733756
     ],
     [
      -84.165718,
      34.733843
     ],
     [
      -84.165714,
      34.733882
     ],
     [
      -84.165726,
      34.733922
     ],
     [
      -84.16577,
      34.73395
     ],
     [
      -84.165803,
      34.733976
     ],
     [
      -84.16584,
      34.734091
     ],
     [
      -84.165786,
      34.73446
     ],
     [
      -84.165736,
      34.734606
     ],
     [
      -84.165725,
      34.734699
     ],
     [
      -84.165694,
      34.734803
     ],
     [
      -84.165689,
      34.734837
     ],
     [
      -84.165691,
      34.734864
     ],
     [
      -84.165697,
      34.734899
     ],
     [
      -84.165757,
      34.734947
     ],
     [
      -84.165939,
      34.735177
     ],
     [
      -84.166059,
      34.735303
     ],
     [
      -84.166179,
      34.73558
     ],
     [
      -84.16621,
      34.73563
     ],
     [
      -84.166224,
      34.735692
     ],
     [
      -84.166242,
      34.735728
     ],
     [
      -84.166242,
      34.735769
     ],
     [
      -84.166222,
      34.735834
     ],
     [
      -84.166199,
      34.735909
     ],
     [
      -84.166194,
      34.736023
     ],
     [
      -84.166224,
      34.736078
     ],
     [
      -84.1663,
      34.736161
     ],
     [
      -84.166343,
      34.736217
     ],
     [
      -84.16641,
      34.736325
     ],
     [
      -84.1664827,
      34.7364833
     ],
     [
      -84.1664735,
      34.7365968
     ],
     [
      -84.1665146,
      34.7366731
     ],
     [
      -84.1666207,
      34.7366989
     ],
     [
      -84.1667063,
      34.7367215
     ],
     [
      -84.1668065,
      34.7367397
     ],
     [
      -84.166853,
      34.736751
     ],
     [
      -84.1674188,
      34.7368911
     ],
     [
      -84.1675082,
      34.7369091
     ],
     [
      -84.1675619,
      34.7369222
     ],
     [
      -84.1676074,
      34.7369332
     ],
     [
      -84.1676278,
      34.7369589
     ],
     [
      -84.1676394,
      34.7369924
     ],
     [
      -84.1676478,
      34.7370229
     ],
     [
      -84.167679,
      34.7370539
     ],
     [
      -84.167696,
      34.7370849
     ],
     [
      -84.1677189,
      34.7371289
     ],
     [
      -84.1677639,
      34.7371602
     ],
     [
      -84.1678073,
      34.7371831
     ],
     [
      -84.1678593,
      34.7372046
     ],
     [
      -84.1678945,
      34.7372269
     ],
     [
      -84.1679208,
      34.7372227
     ],
     [
      -84.1679586,
      34.7372558
     ],
     [
      -84.1679927,
      34.7372673
     ],
     [
      -84.1680474,
      34.73728
     ],
     [
      -84.1680804,
      34.7372799
     ],
     [
      -84.1681065,
      34.7372711
     ],
     [
      -84.1681571,
      34.7372606
     ],
     [
      -84.168186,
      34.7372541
     ],
     [
      -84.1682141,
      34.7372369
     ],
     [
      -84.1682604,
      34.73723
     ],
     [
      -84.1682998,
      34.7372377
     ],
     [
      -84.1683167,
      34.737251
     ],
     [
      -84.1683427,
      34.7372544
     ],
     [
      -84.1683739,
      34.7372387
     ],
     [
      -84.1684146,
      34.737231
     ],
     [
      -84.1684637,
      34.737223
     ],
     [
      -84.1685149,
      34.7372218
     ],
     [
      -84.1685425,
      34.7372065
     ],
     [
      -84.1686197,
      34.7371786
     ],
     [
      -84.1686455,
      34.7371717
     ],
     [
      -84.1686745,
      34.7371725
     ],
     [
      -84.1687046,
      34.7371597
     ],
     [
      -84.1687357,
      34.7371398
     ],
     [
      -84.1687773,
      34.7371234
     ],
     [
      -84.1688132,
      34.7371137
     ],
     [
      -84.1688369,
      34.7371143
     ],
     [
      -84.1688611,
      34.7371259
     ],
     [
      -84.1689358,
      34.7371313
     ],
     [
      -84.1689706,
      34.7371382
     ],
     [
      -84.1689983,
      34.7371358
     ],
     [
      -84.1690317,
      34.7371515
     ],
     [
      -84.1690374,
      34.7371766
     ],
     [
      -84.1690581,
      34.7371952
     ],
     [
      -84.1690865,
      34.7372215
     ],
     [
      -84.1691069,
      34.7372566
     ],
     [
      -84.1691314,
      34.7372771
     ],
     [
      -84.1691678,
      34.7373228
     ],
     [
      -84.1692111,
      34.7373508
     ],
     [
      -84.1692561,
      34.7373623
     ],
     [
      -84.1692808,
      34.7373792
     ],
     [
      -84.169306,
      34.7373861
     ],
     [
      -84.1693391,
      34.7374163
     ],
     [
      -84.169389,
      34.7374467
     ],
     [
      -84.1694224,
      34.7374464
     ],
     [
      -84.1694726,
      34.7374636
     ],
     [
      -84.1695147,
      34.7374717
     ],
     [
      -84.169556,
      34.7375024
     ],
     [
      -84.1695932,
      34.7375376
     ],
     [
      -84.1696454,
      34.7375493
     ],
     [
      -84.1696957,
      34.7375541
     ],
     [
      -84.1697367,
      34.7375604
     ],
     [
      -84.1697776,
      34.7375997
     ],
     [
      -84.1698495,
      34.7376382
     ],
     [
      -84.169882,
      34.7376644
     ],
     [
      -84.1699202,
      34.7376958
     ],
     [
      -84.1699505,
      34.7377119
     ],
     [
      -84.1699767,
      34.7377379
     ],
     [
      -84.1699882,
      34.7377714
     ],
     [
      -84.1699997,
      34.7378051
     ],
     [
      -84.1699953,
      34.7378246
     ],
     [
      -84.1699796,
      34.7378529
     ],
     [
      -84.1699667,
      34.737885
     ],
     [
      -84.1699702,
      34.7379279
     ],
     [
      -84.1699715,
      34.7379757
     ],
     [
      -84.1699613,
      34.7380021
     ],
     [
      -84.1699595,
      34.738058
     ],
     [
      -84.1699486,
      34.7380933
     ],
     [
      -84.1699516,
      34.7381434
     ],
     [
      -84.1699222,
      34.7381857
     ],
     [
      -84.1698882,
      34.7382463
     ],
     [
      -84.169867,
      34.7382605
     ],
     [
      -84.1698521,
      34.7382849
     ],
     [
      -84.1698202,
      34.7383378
     ],
     [
      -84.1698111,
      34.7383807
     ],
     [
      -84.1698245,
      34.7384207
     ],
     [
      -84.169846,
      34.7384571
     ],
     [
      -84.169803,
      34.738545
     ],
     [
      -84.169757,
      34.738629
     ],
     [
      -84.169724,
      34.738682
     ],
     [
      -84.169692,
      34.738736
     ],
     [
      -84.169643,
      34.738837
     ],
     [
      -84.169624,
      34.73895
     ],
     [
      -84.169825,
      34.739202
     ],
     [
      -84.169938,
      34.739321
     ],
     [
      -84.170101,
      34.739472
     ],
     [
      -84.170181,
      34.739588
     ],
     [
      -84.170196,
      34.739836
     ],
     [
      -84.170196,
      34.739886
     ],
     [
      -84.170224,
      34.739994
     ],
     [
      -84.170246,
      34.740068
     ],
     [
      -84.170307,
      34.740183
     ],
     [
      -84.170331,
      34.740348
     ],
     [
      -84.170317,
      34.740403
     ],
     [
      -84.170294,
      34.740456
     ],
     [
      -84.170272,
      34.740503
     ],
     [
      -84.170256,
      34.740626
     ],
     [
      -84.170248,
      34.740689
     ],
     [
      -84.170242,
      34.740742
     ],
     [
      -84.170221,
      34.74078
     ],
     [
      -84.170203,
      34.740833
     ],
     [
      -84.17011,
      34.740986
     ],
     [
      -84.170083,
      34.741053
     ],
     [
      -84.170019,
      34.741122
     ],
     [
      -84.169974,
      34.741171
     ],
     [
      -84.16993,
      34.741225
     ],
     [
      -84.169881,
      34.741316
     ],
     [
      -84.169832,
      34.741407
     ],
     [
      -84.169788,
      34.741489
     ],
     [
      -84.169715,
      34.741625
     ],
     [
      -84.169675,
      34.7417
     ],
     [
      -84.169637,
      34.74178
     ],
     [
      -84.169614,
      34.741834
     ],
     [
      -84.169558,
      34.741853
     ],
     [
      -84.169325,
      34.741729
     ],
     [
      -84.169091,
      34.741664
     ],
     [
      -84.168926,
      34.741665
     ],
     [
      -84.168843,
      34.741669
     ],
     [
      -84.168781,
      34.741662
     ],
     [
      -84.16864,
      34.741691
     ],
     [
      -84.16857,
      34.741718
     ],
     [
      -84.168362,
      34.741886
     ],
     [
      -84.168264,
      34.741925
     ],
     [
      -84.16819,
      34.741933
     ],
     [
      -84.168163,
      34.741945
     ],
     [
      -84.168142,
      34.741967
     ],
     [
      -84.168134,
      34.741976
     ],
     [
      -84.168131,
      34.741993
     ],
     [
      -84.168268,
      34.742005
     ],
     [
      -84.168436,
      34.742016
     ],
     [
      -84.168552,
      34.742003
     ],
     [
      -84.168614,
      34.741986
     ],
     [
      -84.168724,
      34.741954
     ],
     [
      -84.1689,
      34.741997
     ],
     [
      -84.168973,
      34.742023
     ],
     [
      -84.168988,
      34.742064
     ],
     [
      -84.169071,
      34.742147
     ],
     [
      -84.169153,
      34.742216
     ],
     [
      -84.169214,
      34.742286
     ],
     [
      -84.169257,
      34.742337
     ],
     [
      -84.169283,
      34.742534
     ],
     [
      -84.169251,
      34.742678
     ],
     [
      -84.169259,
      34.742788
     ],
     [
      -84.169333,
      34.742907
     ],
     [
      -84.169368,
      34.743011
     ],
     [
      -84.169445,
      34.743052
     ],
     [
      -84.169527,
      34.743054
     ],
     [
      -84.169567,
      34.743029
     ],
     [
      -84.169615,
      34.742998
     ],
     [
      -84.169676,
      34.742964
     ],
     [
      -84.169728,
      34.742939
     ],
     [
      -84.169787,
      34.742936
     ],
     [
      -84.169841,
      34.742924
     ],
     [
      -84.169888,
      34.742928
     ],
     [
      -84.170005,
      34.742955
     ],
     [
      -84.170048,
      34.742993
     ],
     [
      -84.170085,
      34.743028
     ],
     [
      -84.170137,
      34.743072
     ],
     [
      -84.170187,
      34.743123
     ],
     [
      -84.170232,
      34.74315
     ],
     [
      -84.170288,
      34.743153
     ],
     [
      -84.170401,
      34.743157
     ],
     [
      -84.170523,
      34.743152
     ],
     [
      -84.170617,
      34.743144
     ],
     [
      -84.170648,
      34.743148
     ],
     [
      -84.170719,
      34.743153
     ],
     [
      -84.170801,
      34.743123
     ],
     [
      -84.170838,
      34.74307
     ],
     [
      -84.170852,
      34.743019
     ],
     [
      -84.170858,
      34.742963
     ],
     [
      -84.170922,
      34.742825
     ],
     [
      -84.170959,
      34.742692
     ],
     [
      -84.170977,
      34.742647
     ],
     [
      -84.171005,
      34.742595
     ],
     [
      -84.171051,
      34.742553
     ],
     [
      -84.171081,
      34.742521
     ],
     [
      -84.171132,
      34.742489
     ],
     [
      -84.171172,
      34.742462
     ],
     [
      -84.171215,
      34.742428
     ],
     [
      -84.171258,
      34.742409
     ],
     [
      -84.171308,
      34.742422
     ],
     [
      -84.171321,
      34.742435
     ],
     [
      -84.171322,
      34.742476
     ],
     [
      -84.171331,
      34.742517
     ],
     [
      -84.171369,
      34.742564
     ],
     [
      -84.171405,
      34.742624
     ],
     [
      -84.171415,
      34.742676
     ],
     [
      -84.171417,
      34.742675
     ],
     [
      -84.171453,
      34.742799
     ],
     [
      -84.171477,
      34.742898
     ],
     [
      -84.171501,
      34.743
     ],
     [
      -84.171518,
      34.74306
     ],
     [
      -84.171524,
      34.743118
     ],
     [
      -84.171529,
      34.743166
     ],
     [
      -84.171542,
      34.743213
     ],
     [
      -84.171551,
      34.743264
     ],
     [
      -84.171542,
      34.743307
     ],
     [
      -84.171536,
      34.743347
     ],
     [
      -84.171523,
      34.743388
     ],
     [
      -84.171487,
      34.743491
     ],
     [
      -84.171453,
      34.743577
     ],
     [
      -84.171438,
      34.74363
     ],
     [
      -84.171396,
      34.743679
     ],
     [
      -84.171343,
      34.743728
     ],
     [
      -84.171276,
      34.743783
     ],
     [
      -84.171227,
      34.743826
     ],
     [
      -84.171162,
      34.743852
     ],
     [
      -84.171091,
      34.743881
     ],
     [
      -84.17104,
      34.7439
     ],
     [
      -84.170967,
      34.743918
     ],
     [
      -84.170873,
      34.74395
     ],
     [
      -84.170825,
      34.743987
     ],
     [
      -84.170819,
      34.744058
     ],
     [
      -84.170783,
      34.744091
     ],
     [
      -84.170723,
      34.744087
     ],
     [
      -84.170673,
      34.744099
     ],
     [
      -84.170621,
      34.744101
     ],
     [
      -84.170555,
      34.744122
     ],
     [
      -84.170501,
      34.744146
     ],
     [
      -84.170464,
      34.744186
     ],
     [
      -84.170426,
      34.744209
     ],
     [
      -84.170373,
      34.744258
     ],
     [
      -84.170312,
      34.744299
     ],
     [
      -84.17026,
      34.74431
     ],
     [
      -84.170203,
      34.744306
     ],
     [
      -84.170119,
      34.744338
     ],
     [
      -84.170061,
      34.744364
     ],
     [
      -84.170034,
      34.744424
     ],
     [
      -84.169956,
      34.744549
     ],
     [
      -84.169878,
      34.744628
     ],
     [
      -84.169824,
      34.744673
     ],
     [
      -84.169736,
      34.744748
     ],
     [
      -84.169697,
      34.744794
     ],
     [
      -84.16968,
      34.744842
     ],
     [
      -84.169663,
      34.744877
     ],
     [
      -84.169642,
      34.744922
     ],
     [
      -84.169586,
      34.744967
     ],
     [
      -84.169559,
      34.745015
     ],
     [
      -84.169536,
      34.745053
     ],
     [
      -84.169495,
      34.745117
     ],
     [
      -84.169441,
      34.74516
     ],
     [
      -84.169406,
      34.745207
     ],
     [
      -84.169386,
      34.745263
     ],
     [
      -84.169377,
      34.745316
     ],
     [
      -84.169395,
      34.74538
     ],
     [
      -84.169409,
      34.745443
     ],
     [
      -84.169425,
      34.745499
     ],
     [
      -84.169442,
      34.745557
     ],
     [
      -84.169425,
      34.745626
     ],
     [
      -84.169432,
      34.745691
     ],
     [
      -84.16942,
      34.745751
     ],
     [
      -84.169414,
      34.745815
     ],
     [
      -84.169318,
      34.746198
     ],
     [
      -84.169481,
      34.746492
     ],
     [
      -84.169541,
      34.746742
     ],
     [
      -84.169568,
      34.747583
     ],
     [
      -84.169506,
      34.747971
     ],
     [
      -84.169575,
      34.748306
     ],
     [
      -84.1696745,
      34.7485639
     ],
     [
      -84.1698063,
      34.7488269
     ],
     [
      -84.170025,
      34.7491337
     ],
     [
      -84.1703944,
      34.7493282
     ],
     [
      -84.1708,
      34.7494608
     ],
     [
      -84.1712023,
      34.7496624
     ],
     [
      -84.1715191,
      34.7499366
     ],
     [
      -84.171638,
      34.7501944
     ],
     [
      -84.1720278,
      34.7503401
     ],
     [
      -84.1721971,
      34.7505791
     ],
     [
      -84.1722465,
      34.7509674
     ],
     [
      -84.1722465,
      34.7513242
     ],
     [
      -84.1721078,
      34.7517016
     ],
     [
      -84.1717495,
      34.7520819
     ],
     [
      -84.1713232,
      34.7522589
     ],
     [
      -84.1707685,
      34.7523554
     ],
     [
      -84.1703229,
      34.7523989
     ],
     [
      -84.169735,
      34.752679
     ],
     [
      -84.1694253,
      34.7528057
     ],
     [
      -84.1691963,
      34.7528369
     ],
     [
      -84.1689485,
      34.7528902
     ],
     [
      -84.168774,
      34.7529282
     ],
     [
      -84.1684785,
      34.7529843
     ],
     [
      -84.1682535,
      34.7530862
     ],
     [
      -84.168166,
      34.753144
     ],
     [
      -84.167837,
      34.75334
     ],
     [
      -84.167603,
      34.753549
     ],
     [
      -84.167162,
      34.753822
     ],
     [
      -84.166835,
      34.754311
     ],
     [
      -84.1667095,
      34.7545063
     ],
     [
      -84.16658,
      34.754726
     ],
     [
      -84.1664334,
      34.7550259
     ],
     [
      -84.1662624,
      34.7552018
     ],
     [
      -84.1662269,
      34.7553024
     ],
     [
      -84.1661659,
      34.7554262
     ],
     [
      -84.1661143,
      34.7556425
     ],
     [
      -84.1661933,
      34.7559071
     ],
     [
      -84.1661297,
      34.7562225
     ],
     [
      -84.1658904,
      34.7566198
     ],
     [
      -84.1657604,
      34.756751
     ],
     [
      -84.165664,
      34.756836
     ],
     [
      -84.165425,
      34.757156
     ],
     [
      -84.165348,
      34.757493
     ],
     [
      -84.165385,
      34.757714
     ],
     [
      -84.165134,
      34.758368
     ],
     [
      -84.1648981,
      34.7585245
     ],
     [
      -84.1645259,
      34.7585857
     ],
     [
      -84.1639997,
      34.7585048
     ],
     [
      -84.1637978,
      34.7584152
     ],
     [
      -84.1634209,
      34.7583721
     ],
     [
      -84.163249,
      34.758432
     ],
     [
      -84.162821,
      34.758878
     ],
     [
      -84.1623508,
      34.7591028
     ],
     [
      -84.1619072,
      34.7592502
     ],
     [
      -84.16164,
      34.759425
     ],
     [
      -84.1614295,
      34.7594859
     ],
     [
      -84.1611475,
      34.7593318
     ],
     [
      -84.1608975,
      34.7593172
     ],
     [
      -84.160538,
      34.759374
     ],
     [
      -84.1602148,
      34.7594804
     ],
     [
      -84.1599364,
      34.7595243
     ],
     [
      -84.1596132,
      34.7595929
     ],
     [
      -84.1592651,
      34.7595818
     ],
     [
      -84.1589849,
      34.7595
     ],
     [
      -84.1586842,
      34.7594818
     ],
     [
      -84.158522,
      34.75949
     ],
     [
      -84.158368,
      34.759548
     ],
     [
      -84.15831,
      34.7598256
     ],
     [
      -84.158419,
      34.7600613
     ],
     [
      -84.1585918,
      34.7601826
     ],
     [
      -84.15911,
      34.7603594
     ],
     [
      -84.1592211,
      34.7604503
     ],
     [
      -84.1592841,
      34.7605853
     ],
     [
      -84.1594311,
      34.7609871
     ],
     [
      -84.1595611,
      34.76114
     ],
     [
      -84.1596836,
      34.7611908
     ],
     [
      -84.159855,
      34.761196
     ],
     [
      -84.159936,
      34.761173
     ],
     [
      -84.1600629,
      34.7610486
     ],
     [
      -84.160212,
      34.7609771
     ],
     [
      -84.1603624,
      34.7610215
     ],
     [
      -84.1604294,
      34.7611054
     ],
     [
      -84.160513,
      34.7612521
     ],
     [
      -84.1605163,
      34.7615362
     ],
     [
      -84.1605983,
      34.7617873
     ],
     [
      -84.160642,
      34.76199
     ],
     [
      -84.160749,
      34.762095
     ],
     [
      -84.160895,
      34.762395
     ],
     [
      -84.1608621,
      34.7627265
     ],
     [
      -84.1609141,
      34.763074
     ],
     [
      -84.161071,
      34.7633676
     ],
     [
      -84.1611551,
      34.7635741
     ],
     [
      -84.161165,
      34.763946
     ],
     [
      -84.1610087,
      34.7640912
     ],
     [
      -84.160833,
      34.764139
     ],
     [
      -84.160786,
      34.764295
     ],
     [
      -84.160761,
      34.7645691
     ],
     [
      -84.1609858,
      34.7648779
     ],
     [
      -84.1611331,
      34.7650873
     ],
     [
      -84.1614933,
      34.7656392
     ],
     [
      -84.1616698,
      34.7657143
     ],
     [
      -84.1619,
      34.76581
     ],
     [
      -84.162164,
      34.765834
     ],
     [
      -84.162234,
      34.765831
     ],
     [
      -84.1645095,
      34.7662897
     ],
     [
      -84.1645921,
      34.7664666
     ],
     [
      -84.1645857,
      34.7666199
     ],
     [
      -84.1645517,
      34.7667859
     ],
     [
      -84.1645147,
      34.7669168
     ],
     [
      -84.1644466,
      34.7670668
     ],
     [
      -84.1643936,
      34.7671477
     ],
     [
      -84.1642686,
      34.7672437
     ],
     [
      -84.1640251,
      34.7673545
     ],
     [
      -84.1639577,
      34.7674955
     ],
     [
      -84.1638856,
      34.767724
     ],
     [
      -84.1638512,
      34.7678305
     ],
     [
      -84.1638292,
      34.7679895
     ],
     [
      -84.1639475,
      34.7683406
     ],
     [
      -84.1639331,
      34.7686866
     ],
     [
      -84.1641548,
      34.7688828
     ],
     [
      -84.1642366,
      34.7690768
     ],
     [
      -84.1643593,
      34.769456
     ],
     [
      -84.1643496,
      34.7696914
     ],
     [
      -84.1641451,
      34.770035
     ],
     [
      -84.1638361,
      34.770172
     ],
     [
      -84.1635681,
      34.770203
     ],
     [
      -84.1633141,
      34.7702409
     ],
     [
      -84.1630981,
      34.770182
     ],
     [
      -84.162635,
      34.7701797
     ],
     [
      -84.1624451,
      34.7701665
     ],
     [
      -84.1622922,
      34.7701967
     ],
     [
      -84.1617441,
      34.770674
     ],
     [
      -84.1611391,
      34.77102
     ],
     [
      -84.1609901,
      34.771055
     ],
     [
      -84.1607036,
      34.7710272
     ],
     [
      -84.1604551,
      34.7710152
     ],
     [
      -84.160166,
      34.7711127
     ],
     [
      -84.159748,
      34.7714248
     ],
     [
      -84.1594721,
      34.772228
     ],
     [
      -84.1593171,
      34.772862
     ],
     [
      -84.1590481,
      34.773142
     ],
     [
      -84.1589371,
      34.773401
     ],
     [
      -84.1588062,
      34.7736961
     ],
     [
      -84.1588745,
      34.7741139
     ],
     [
      -84.1589132,
      34.7744139
     ],
     [
      -84.1589734,
      34.7747008
     ],
     [
      -84.1588371,
      34.775037
     ],
     [
      -84.1585141,
      34.775527
     ],
     [
      -84.1583673,
      34.7758231
     ],
     [
      -84.1584652,
      34.7760001
     ],
     [
      -84.1583652,
      34.7762368
     ],
     [
      -84.1581101,
      34.776567
     ],
     [
      -84.1579541,
      34.7767029
     ],
     [
      -84.1578091,
      34.7770639
     ],
     [
      -84.1577278,
      34.7773402
     ],
     [
      -84.1576692,
      34.777626
     ],
     [
      -84.1575112,
      34.7778299
     ],
     [
      -84.1574222,
      34.777954
     ],
     [
      -84.1572197,
      34.7780422
     ],
     [
      -84.1569891,
      34.778049
     ],
     [
      -84.1568472,
      34.7779834
     ],
     [
      -84.1569061,
      34.7777864
     ],
     [
      -84.1571252,
      34.7776229
     ],
     [
      -84.1570832,
      34.777494
     ],
     [
      -84.1570581,
      34.7773205
     ],
     [
      -84.1568821,
      34.776926
     ],
     [
      -84.1566331,
      34.7767677
     ],
     [
      -84.1564631,
      34.7767286
     ],
     [
      -84.1565071,
      34.7769932
     ],
     [
      -84.1563939,
      34.7772646
     ],
     [
      -84.1560991,
      34.7775003
     ],
     [
      -84.1557196,
      34.7776847
     ],
     [
      -84.1553243,
      34.7778029
     ],
     [
      -84.1551378,
      34.7778941
     ],
     [
      -84.1549346,
      34.7780103
     ],
     [
      -84.1548102,
      34.7780997
     ],
     [
      -84.154748,
      34.7780422
     ],
     [
      -84.1550201,
      34.777589
     ],
     [
      -84.155261,
      34.7773464
     ],
     [
      -84.1553154,
      34.7771101
     ],
     [
      -84.1552103,
      34.7769831
     ],
     [
      -84.1550565,
      34.7768701
     ],
     [
      -84.1549256,
      34.7767337
     ],
     [
      -84.1546936,
      34.7766633
     ],
     [
      -84.1544765,
      34.7766115
     ],
     [
      -84.1541226,
      34.776651
     ],
     [
      -84.1539399,
      34.7767028
     ],
     [
      -84.1538801,
      34.77675
     ],
     [
      -84.1537217,
      34.7769778
     ],
     [
      -84.1535916,
      34.7776182
     ],
     [
      -84.1534736,
      34.7779518
     ],
     [
      -84.1534104,
      34.778174
     ],
     [
      -84.1533041,
      34.778411
     ],
     [
      -84.1532042,
      34.7785371
     ],
     [
      -84.1531188,
      34.7792048
     ],
     [
      -84.1530551,
      34.77939
     ],
     [
      -84.153096,
      34.7797108
     ],
     [
      -84.1531241,
      34.780158
     ],
     [
      -84.1529071,
      34.780386
     ],
     [
      -84.1523929,
      34.7807682
     ],
     [
      -84.1517131,
      34.78115
     ],
     [
      -84.1518955,
      34.7812406
     ],
     [
      -84.1522686,
      34.7812151
     ],
     [
      -84.1525017,
      34.7812789
     ],
     [
      -84.1525095,
      34.7813428
     ],
     [
      -84.1520665,
      34.781662
     ],
     [
      -84.1517789,
      34.7818279
     ],
     [
      -84.151468,
      34.7819875
     ],
     [
      -84.1512348,
      34.7821407
     ],
     [
      -84.1509873,
      34.7822532
     ],
     [
      -84.150784,
      34.7822429
     ],
     [
      -84.1506286,
      34.7821918
     ],
     [
      -84.1504964,
      34.7821407
     ],
     [
      -84.1503737,
      34.7820131
     ],
     [
      -84.1501888,
      34.7818416
     ],
     [
      -84.1500309,
      34.7817103
     ],
     [
      -84.149804,
      34.7814705
     ],
     [
      -84.1491911,
      34.7812042
     ],
     [
      -84.1489156,
      34.7812656
     ],
     [
      -84.1486351,
      34.781324
     ],
     [
      -84.1483342,
      34.7814461
     ],
     [
      -84.1480441,
      34.781525
     ],
     [
      -84.1477274,
      34.7816602
     ],
     [
      -84.1474566,
      34.7816867
     ],
     [
      -84.1471698,
      34.781879
     ],
     [
      -84.1468905,
      34.7818822
     ],
     [
      -84.1465141,
      34.78196
     ],
     [
      -84.1461176,
      34.7820445
     ],
     [
      -84.1456643,
      34.7821088
     ],
     [
      -84.1453681,
      34.782197
     ],
     [
      -84.1451315,
      34.78229
     ],
     [
      -84.1450012,
      34.7822556
     ],
     [
      -84.1447706,
      34.7820077
     ],
     [
      -84.1445504,
      34.7819811
     ],
     [
      -84.1443105,
      34.7819361
     ],
     [
      -84.1438739,
      34.7816842
     ],
     [
      -84.1435717,
      34.7816272
     ],
     [
      -84.1431312,
      34.7816134
     ],
     [
      -84.1428635,
      34.7817223
     ],
     [
      -84.1426113,
      34.7817833
     ],
     [
      -84.142242,
      34.7816939
     ],
     [
      -84.1419358,
      34.7816715
     ],
     [
      -84.1417519,
      34.7817067
     ],
     [
      -84.1415877,
      34.7817219
     ],
     [
      -84.1412644,
      34.781586
     ],
     [
      -84.1409582,
      34.7815269
     ],
     [
      -84.1406524,
      34.7814813
     ],
     [
      -84.140425,
      34.7814493
     ],
     [
      -84.1401852,
      34.7814065
     ],
     [
      -84.139858,
      34.7814402
     ],
     [
      -84.1394074,
      34.7815787
     ],
     [
      -84.139015,
      34.7816853
     ],
     [
      -84.1387677,
      34.7817459
     ],
     [
      -84.1384198,
      34.7817802
     ],
     [
      -84.1381992,
      34.7818453
     ],
     [
      -84.1380837,
      34.7818662
     ],
     [
      -84.1379826,
      34.7819045
     ],
     [
      -84.1380215,
      34.781796
     ],
     [
      -84.1382314,
      34.7816237
     ],
     [
      -84.1384257,
      34.7814002
     ],
     [
      -84.1383946,
      34.7812725
     ],
     [
      -84.1379981,
      34.7812543
     ],
     [
      -84.1378371,
      34.781343
     ],
     [
      -84.1374001,
      34.781632
     ],
     [
      -84.137266,
      34.7817088
     ],
     [
      -84.1370281,
      34.78181
     ],
     [
      -84.1367641,
      34.782042
     ],
     [
      -84.1367092,
      34.7824718
     ],
     [
      -84.1366054,
      34.7829131
     ],
     [
      -84.1364137,
      34.7833382
     ],
     [
      -84.136227,
      34.78374
     ],
     [
      -84.1361405,
      34.7841516
     ],
     [
      -84.1361282,
      34.7845616
     ],
     [
      -84.1360495,
      34.7848357
     ],
     [
      -84.1359618,
      34.7851155
     ],
     [
      -84.1358141,
      34.785256
     ],
     [
      -84.1356431,
      34.7853645
     ],
     [
      -84.1354643,
      34.7853262
     ],
     [
      -84.1353322,
      34.7853007
     ],
     [
      -84.1352856,
      34.7852049
     ],
     [
      -84.13534,
      34.7850517
     ],
     [
      -84.1353089,
      34.7848921
     ],
     [
      -84.1352078,
      34.7845921
     ],
     [
      -84.1350057,
      34.7843942
     ],
     [
      -84.1347337,
      34.7841325
     ],
     [
      -84.1346871,
      34.7837622
     ],
     [
      -84.1347182,
      34.7834749
     ],
     [
      -84.1346686,
      34.783273
     ],
     [
      -84.1345061,
      34.7832274
     ],
     [
      -84.1342589,
      34.7832088
     ],
     [
      -84.1340999,
      34.7832152
     ],
     [
      -84.1338888,
      34.7832264
     ],
     [
      -84.1336753,
      34.7833424
     ],
     [
      -84.1334971,
      34.783411
     ],
     [
      -84.1332808,
      34.7835085
     ],
     [
      -84.1330908,
      34.7836426
     ],
     [
      -84.1322461,
      34.7839349
     ],
     [
      -84.1310861,
      34.784244
     ],
     [
      -84.1309636,
      34.784351
     ],
     [
      -84.1309259,
      34.7846398
     ],
     [
      -84.1308961,
      34.784986
     ],
     [
      -84.1305471,
      34.785342
     ],
     [
      -84.1302561,
      34.785843
     ],
     [
      -84.1296841,
      34.786254
     ],
     [
      -84.1294191,
      34.786309
     ],
     [
      -84.1292151,
      34.786451
     ],
     [
      -84.1291761,
      34.786579
     ],
     [
      -84.1292331,
      34.786725
     ],
     [
      -84.1291081,
      34.787109
     ],
     [
      -84.1289211,
      34.78722
     ],
     [
      -84.1287211,
      34.787436
     ],
     [
      -84.1282481,
      34.787734
     ],
     [
      -84.1281041,
      34.787889
     ],
     [
      -84.1275901,
      34.78816
     ],
     [
      -84.1272641,
      34.788647
     ],
     [
      -84.1269571,
      34.788892
     ],
     [
      -84.1266511,
      34.789057
     ],
     [
      -84.1265501,
      34.789261
     ],
     [
      -84.1264381,
      34.78933
     ],
     [
      -84.1260461,
      34.789431
     ],
     [
      -84.1258941,
      34.78954
     ],
     [
      -84.1258481,
      34.789753
     ],
     [
      -84.1256481,
      34.790097
     ],
     [
      -84.1256521,
      34.790576
     ],
     [
      -84.1255191,
      34.791061
     ],
     [
      -84.1250961,
      34.791419
     ],
     [
      -84.1244651,
      34.79178
     ],
     [
      -84.1242186,
      34.7919456
     ],
     [
      -84.1242061,
      34.7922404
     ],
     [
      -84.124318,
      34.7925047
     ],
     [
      -84.1244272,
      34.7927105
     ],
     [
      -84.1245128,
      34.792935
     ],
     [
      -84.1245968,
      34.7932144
     ],
     [
      -84.1247279,
      34.7935454
     ],
     [
      -84.1247352,
      34.7937164
     ],
     [
      -84.1246716,
      34.793911
     ],
     [
      -84.1246554,
      34.7944845
     ],
     [
      -84.1249592,
      34.7948008
     ],
     [
      -84.12502,
      34.7948602
     ],
     [
      -84.1250921,
      34.7948952
     ],
     [
      -84.1251271,
      34.7949482
     ],
     [
      -84.1251551,
      34.7949712
     ],
     [
      -84.1251911,
      34.7950132
     ],
     [
      -84.1252251,
      34.7950512
     ],
     [
      -84.1252571,
      34.7950922
     ],
     [
      -84.1252911,
      34.7951512
     ],
     [
      -84.1253121,
      34.7951992
     ],
     [
      -84.1253351,
      34.7952562
     ],
     [
      -84.1253451,
      34.7952932
     ],
     [
      -84.1253501,
      34.7953072
     ],
     [
      -84.1253821,
      34.7953432
     ],
     [
      -84.1254261,
      34.7954202
     ],
     [
      -84.1254371,
      34.7954722
     ],
     [
      -84.1254531,
      34.7955162
     ],
     [
      -84.1254891,
      34.7955662
     ],
     [
      -84.1255241,
      34.7956112
     ],
     [
      -84.1255431,
      34.7956562
     ],
     [
      -84.1255591,
      34.7957082
     ],
     [
      -84.1255881,
      34.7957582
     ],
     [
      -84.1255901,
      34.7957982
     ],
     [
      -84.1256091,
      34.7958402
     ],
     [
      -84.1256151,
      34.7958952
     ],
     [
      -84.1256211,
      34.7959502
     ],
     [
      -84.1256211,
      34.7960072
     ],
     [
      -84.1256371,
      34.7960612
     ],
     [
      -84.1256711,
      34.7961082
     ],
     [
      -84.1257051,
      34.7961742
     ],
     [
      -84.1257091,
      34.7962112
     ],
     [
      -84.1257381,
      34.7962652
     ],
     [
      -84.1257901,
      34.7963162
     ],
     [
      -84.1258141,
      34.7963602
     ],
     [
      -84.1258381,
      34.7964172
     ],
     [
      -84.1258591,
      34.7964592
     ],
     [
      -84.1258921,
      34.7965142
     ],
     [
      -84.1259281,
      34.7965562
     ],
     [
      -84.1259631,
      34.7966022
     ],
     [
      -84.1259911,
      34.7966592
     ],
     [
      -84.1259991,
      34.7967202
     ],
     [
      -84.1260261,
      34.7968172
     ],
     [
      -84.1260281,
      34.7968752
     ],
     [
      -84.1260591,
      34.7969382
     ],
     [
      -84.1260781,
      34.7969982
     ],
     [
      -84.1260751,
      34.7970542
     ],
     [
      -84.1260811,
      34.7971022
     ],
     [
      -84.1260941,
      34.7971582
     ],
     [
      -84.1261101,
      34.7972072
     ],
     [
      -84.1261371,
      34.7972752
     ],
     [
      -84.1261491,
      34.7973152
     ],
     [
      -84.1261521,
      34.7973672
     ],
     [
      -84.1261821,
      34.7974352
     ],
     [
      -84.1261991,
      34.7974842
     ],
     [
      -84.1262331,
      34.7975722
     ],
     [
      -84.1262931,
      34.7976082
     ],
     [
      -84.1263191,
      34.7976312
     ],
     [
      -84.1263451,
      34.7976552
     ],
     [
      -84.1263971,
      34.7976752
     ],
     [
      -84.1264361,
      34.7976972
     ],
     [
      -84.1264971,
      34.7977372
     ],
     [
      -84.1265111,
      34.7977532
     ],
     [
      -84.1265691,
      34.7978272
     ],
     [
      -84.1266021,
      34.7978562
     ],
     [
      -84.1266611,
      34.7978842
     ],
     [
      -84.1267511,
      34.7979342
     ],
     [
      -84.1267971,
      34.7979592
     ],
     [
      -84.1268501,
      34.7979872
     ],
     [
      -84.1269121,
      34.7980292
     ],
     [
      -84.1269261,
      34.7980412
     ],
     [
      -84.1269291,
      34.7980962
     ],
     [
      -84.1269321,
      34.7981442
     ],
     [
      -84.1269461,
      34.7981802
     ],
     [
      -84.1270481,
      34.7982502
     ],
     [
      -84.1271091,
      34.7982622
     ],
     [
      -84.1271581,
      34.7982782
     ],
     [
      -84.1273371,
      34.7982762
     ],
     [
      -84.1274501,
      34.7982762
     ],
     [
      -84.1274941,
      34.7982872
     ],
     [
      -84.1275191,
      34.7983262
     ],
     [
      -84.1275701,
      34.7983562
     ],
     [
      -84.1276081,
      34.7983692
     ],
     [
      -84.1276571,
      34.7983672
     ],
     [
      -84.1277191,
      34.7983592
     ],
     [
      -84.1277681,
      34.7983582
     ],
     [
      -84.1278291,
      34.7983612
     ],
     [
      -84.1278801,
      34.7983632
     ],
     [
      -84.1279381,
      34.7983572
     ],
     [
      -84.1280001,
      34.7983652
     ],
     [
      -84.1280501,
      34.7983842
     ],
     [
      -84.1281081,
      34.7984282
     ],
     [
      -84.1281391,
      34.7984732
     ],
     [
      -84.1281341,
      34.7985112
     ],
     [
      -84.1282041,
      34.7986282
     ],
     [
      -84.1282481,
      34.7986682
     ],
     [
      -84.1283151,
      34.7986992
     ],
     [
      -84.1283721,
      34.7987362
     ],
     [
      -84.1284451,
      34.7987812
     ],
     [
      -84.1285471,
      34.7988392
     ],
     [
      -84.1285911,
      34.7988812
     ],
     [
      -84.1286451,
      34.7989022
     ],
     [
      -84.1287041,
      34.7989282
     ],
     [
      -84.1287661,
      34.7989232
     ],
     [
      -84.1288241,
      34.7988912
     ],
     [
      -84.1289161,
      34.7988652
     ],
     [
      -84.1289781,
      34.7988652
     ],
     [
      -84.1291091,
      34.7989182
     ],
     [
      -84.1291981,
      34.7989282
     ],
     [
      -84.1292481,
      34.7989632
     ],
     [
      -84.1293391,
      34.7989952
     ],
     [
      -84.1294391,
      34.7990132
     ],
     [
      -84.1294801,
      34.7990062
     ],
     [
      -84.1295481,
      34.7990212
     ],
     [
      -84.1296221,
      34.7990302
     ],
     [
      -84.1297061,
      34.7990382
     ],
     [
      -84.1297681,
      34.7990412
     ],
     [
      -84.1298601,
      34.7990782
     ],
     [
      -84.1299541,
      34.7991482
     ],
     [
      -84.1300191,
      34.7992162
     ],
     [
      -84.1300671,
      34.7992432
     ],
     [
      -84.1301211,
      34.7992882
     ],
     [
      -84.1301461,
      34.7993102
     ],
     [
      -84.1302681,
      34.7994202
     ],
     [
      -84.1302721,
      34.7994962
     ],
     [
      -84.1302751,
      34.7995422
     ],
     [
      -84.1303111,
      34.7995872
     ],
     [
      -84.1303541,
      34.7996332
     ],
     [
      -84.1303621,
      34.7996932
     ],
     [
      -84.1303621,
      34.7997522
     ],
     [
      -84.1303931,
      34.7998052
     ],
     [
      -84.1304171,
      34.7998942
     ],
     [
      -84.1304171,
      34.7999352
     ],
     [
      -84.1304341,
      34.7999892
     ],
     [
      -84.1304651,
      34.8000362
     ],
     [
      -84.1304801,
      34.8000972
     ],
     [
      -84.1304791,
      34.8001622
     ],
     [
      -84.1304871,
      34.8002802
     ],
     [
      -84.1304791,
      34.8003302
     ],
     [
      -84.1305071,
      34.8004282
     ],
     [
      -84.1305241,
      34.8004792
     ],
     [
      -84.1305581,
      34.8005492
     ],
     [
      -84.1305541,
      34.8005972
     ],
     [
      -84.1305921,
      34.8006532
     ],
     [
      -84.1306541,
      34.8006922
     ],
     [
      -84.1307111,
      34.8007372
     ],
     [
      -84.1307531,
      34.8007862
     ],
     [
      -84.1308151,
      34.8008692
     ],
     [
      -84.1308501,
      34.8009212
     ],
     [
      -84.1308731,
      34.8009552
     ],
     [
      -84.1308961,
      34.8010022
     ],
     [
      -84.1309641,
      34.8010432
     ],
     [
      -84.1310411,
      34.8010412
     ],
     [
      -84.1311061,
      34.8010552
     ],
     [
      -84.1311601,
      34.8011012
     ],
     [
      -84.1312031,
      34.8011682
     ],
     [
      -84.1312421,
      34.8011902
     ],
     [
      -84.1312841,
      34.8012282
     ],
     [
      -84.1313131,
      34.8012782
     ],
     [
      -84.1314041,
      34.8013122
     ],
     [
      -84.1314521,
      34.8013562
     ],
     [
      -84.1315091,
      34.8014102
     ],
     [
      -84.1315651,
      34.8014572
     ],
     [
      -84.1316181,
      34.8014862
     ],
     [
      -84.1316491,
      34.8014882
     ],
     [
      -84.1317311,
      34.8015332
     ],
     [
      -84.1317851,
      34.8015612
     ],
     [
      -84.1318581,
      34.8015652
     ],
     [
      -84.1319571,
      34.8015892
     ],
     [
      -84.1319941,
      34.8015842
     ],
     [
      -84.1320831,
      34.8016232
     ],
     [
      -84.1321291,
      34.8016492
     ],
     [
      -84.1321971,
      34.8017182
     ],
     [
      -84.1322111,
      34.8017462
     ],
     [
      -84.1322301,
      34.8018222
     ],
     [
      -84.1322751,
      34.8018732
     ],
     [
      -84.1323041,
      34.8019232
     ],
     [
      -84.1323311,
      34.8019722
     ],
     [
      -84.1323661,
      34.8020372
     ],
     [
      -84.1323581,
      34.8020812
     ],
     [
      -84.1323291,
      34.8021482
     ],
     [
      -84.1322961,
      34.8022062
     ],
     [
      -84.1322701,
      34.8022572
     ],
     [
      -84.1322251,
      34.8023082
     ],
     [
      -84.1321531,
      34.8023042
     ],
     [
      -84.1320401,
      34.8023012
     ],
     [
      -84.1320071,
      34.8023102
     ],
     [
      -84.1319831,
      34.8023712
     ],
     [
      -84.1319751,
      34.8024322
     ],
     [
      -84.1319981,
      34.8024902
     ],
     [
      -84.1319931,
      34.8025502
     ],
     [
      -84.1320391,
      34.8025952
     ],
     [
      -84.1320691,
      34.8026342
     ],
     [
      -84.1321341,
      34.8026902
     ],
     [
      -84.1321911,
      34.8027222
     ],
     [
      -84.1322701,
      34.8027482
     ],
     [
      -84.1323381,
      34.8027672
     ],
     [
      -84.1324161,
      34.8027912
     ],
     [
      -84.1324521,
      34.8028262
     ],
     [
      -84.1324931,
      34.8028642
     ],
     [
      -84.1325271,
      34.8029192
     ],
     [
      -84.1325661,
      34.8029642
     ],
     [
      -84.1326251,
      34.8030542
     ],
     [
      -84.1326391,
      34.8031052
     ],
     [
      -84.1327051,
      34.8031842
     ],
     [
      -84.1327431,
      34.8032052
     ],
     [
      -84.1327921,
      34.8032442
     ],
     [
      -84.1328401,
      34.8032782
     ],
     [
      -84.1328671,
      34.8032832
     ],
     [
      -84.1329221,
      34.8033312
     ],
     [
      -84.1329801,
      34.8033642
     ],
     [
      -84.1330401,
      34.8033922
     ],
     [
      -84.1331031,
      34.8034102
     ],
     [
      -84.1331801,
      34.8034162
     ],
     [
      -84.1332561,
      34.8034152
     ],
     [
      -84.1333491,
      34.8034282
     ],
     [
      -84.1334101,
      34.8033942
     ],
     [
      -84.1334841,
      34.8033842
     ],
     [
      -84.1335811,
      34.8033812
     ],
     [
      -84.1336571,
      34.8033732
     ],
     [
      -84.1337191,
      34.8033662
     ],
     [
      -84.1337861,
      34.8033732
     ],
     [
      -84.1338451,
      34.8033952
     ],
     [
      -84.1339291,
      34.8034262
     ],
     [
      -84.1339971,
      34.8034832
     ],
     [
      -84.1340431,
      34.8034972
     ],
     [
      -84.1341121,
      34.8035222
     ],
     [
      -84.1342061,
      34.8035682
     ],
     [
      -84.1342521,
      34.8035862
     ],
     [
      -84.1343941,
      34.8036392
     ],
     [
      -84.1344671,
      34.8036532
     ],
     [
      -84.1345361,
      34.8036692
     ],
     [
      -84.1345991,
      34.8036792
     ],
     [
      -84.1346661,
      34.8036982
     ],
     [
      -84.1347411,
      34.8037052
     ],
     [
      -84.1348221,
      34.8037322
     ],
     [
      -84.1348851,
      34.8037542
     ],
     [
      -84.1349541,
      34.8037812
     ],
     [
      -84.1350231,
      34.8038252
     ],
     [
      -84.1350661,
      34.8038492
     ],
     [
      -84.1351661,
      34.8039182
     ],
     [
      -84.1352061,
      34.8039582
     ],
     [
      -84.1352371,
      34.8039942
     ],
     [
      -84.1352711,
      34.8040332
     ],
     [
      -84.1353261,
      34.8040742
     ],
     [
      -84.1353951,
      34.8041172
     ],
     [
      -84.1354501,
      34.8041472
     ],
     [
      -84.1355201,
      34.8041722
     ],
     [
      -84.1355791,
      34.8042072
     ],
     [
      -84.1355921,
      34.8042292
     ],
     [
      -84.1356571,
      34.8042732
     ],
     [
      -84.1357081,
      34.8043452
     ],
     [
      -84.1357881,
      34.8044222
     ],
     [
      -84.1358381,
      34.8044712
     ],
     [
      -84.1358891,
      34.8045242
     ],
     [
      -84.1359091,
      34.8045722
     ],
     [
      -84.1359491,
      34.8046032
     ],
     [
      -84.1359811,
      34.8046332
     ],
     [
      -84.1360121,
      34.8046682
     ],
     [
      -84.1360681,
      34.8047172
     ],
     [
      -84.1361251,
      34.8047712
     ],
     [
      -84.1361621,
      34.8048092
     ],
     [
      -84.1362211,
      34.8048642
     ],
     [
      -84.1362641,
      34.8048962
     ],
     [
      -84.1363161,
      34.8049382
     ],
     [
      -84.1363661,
      34.8049742
     ],
     [
      -84.1364211,
      34.8050252
     ],
     [
      -84.1364631,
      34.8050402
     ],
     [
      -84.1366231,
      34.8051532
     ],
     [
      -84.1366801,
      34.8051652
     ],
     [
      -84.1367421,
      34.8051812
     ],
     [
      -84.1368001,
      34.8051922
     ],
     [
      -84.1368781,
      34.8052232
     ],
     [
      -84.1369251,
      34.8052312
     ],
     [
      -84.1369831,
      34.8052762
     ],
     [
      -84.1370651,
      34.8053212
     ],
     [
      -84.1371221,
      34.8053452
     ],
     [
      -84.1372061,
      34.8053822
     ],
     [
      -84.1372111,
      34.8053852
     ],
     [
      -84.1373191,
      34.8054202
     ],
     [
      -84.1373761,
      34.8054472
     ],
     [
      -84.1374511,
      34.8054622
     ],
     [
      -84.1375011,
      34.8054902
     ],
     [
      -84.1375641,
      34.8055152
     ],
     [
      -84.1376341,
      34.8055432
     ],
     [
      -84.1376881,
      34.8055662
     ],
     [
      -84.1377601,
      34.8055952
     ],
     [
      -84.1378081,
      34.8055892
     ],
     [
      -84.1379131,
      34.8056192
     ],
     [
      -84.1379781,
      34.8056542
     ],
     [
      -84.1380361,
      34.8056822
     ],
     [
      -84.1380981,
      34.8057192
     ],
     [
      -84.1381591,
      34.8057572
     ],
     [
      -84.1382191,
      34.8057802
     ],
     [
      -84.1382831,
      34.8058102
     ],
     [
      -84.1383431,
      34.8058462
     ],
     [
      -84.1384171,
      34.8058892
     ],
     [
      -84.1385281,
      34.8059282
     ],
     [
      -84.1385961,
      34.8059482
     ],
     [
      -84.1386631,
      34.8059782
     ],
     [
      -84.1387221,
      34.8060332
     ],
     [
      -84.1387751,
      34.8060572
     ],
     [
      -84.1388651,
      34.8061052
     ],
     [
      -84.1389261,
      34.8061292
     ],
     [
      -84.1389751,
      34.8061642
     ],
     [
      -84.1390161,
      34.8061842
     ],
     [
      -84.1391041,
      34.8062042
     ],
     [
      -84.1391661,
      34.8062272
     ],
     [
      -84.1392391,
      34.8062592
     ],
     [
      -84.1393041,
      34.8062552
     ],
     [
      -84.1393691,
      34.8062672
     ],
     [
      -84.1394451,
      34.8062922
     ],
     [
      -84.1395341,
      34.8063152
     ],
     [
      -84.1396051,
      34.8063112
     ],
     [
      -84.1396791,
      34.8063282
     ],
     [
      -84.1397481,
      34.8063442
     ],
     [
      -84.1398111,
      34.8063532
     ],
     [
      -84.1399451,
      34.8063642
     ],
     [
      -84.1400261,
      34.8063712
     ],
     [
      -84.1400971,
      34.8063812
     ],
     [
      -84.1401931,
      34.8064062
     ],
     [
      -84.1402631,
      34.8064342
     ],
     [
      -84.1403351,
      34.8064322
     ],
     [
      -84.1403871,
      34.8063992
     ],
     [
      -84.1404361,
      34.8063602
     ],
     [
      -84.1404841,
      34.8063202
     ],
     [
      -84.1405421,
      34.8062812
     ],
     [
      -84.1406001,
      34.8062392
     ],
     [
      -84.1406621,
      34.8062022
     ],
     [
      -84.1407211,
      34.8061652
     ],
     [
      -84.1407831,
      34.8061362
     ],
     [
      -84.1408321,
      34.8061622
     ],
     [
      -84.140827,
      34.806269
     ]
    ]
   }
  },
  {
   "type": "Feature",
   "properties": {
    "name": "FS 58 (Noontoola Road): Three Forks southeast toward Nimblewill/Cooper Gap corridor",
    "category": "road",
    "ref": "FS 58",
    "coord_source": "OpenStreetMap contributors, via api.openstreetmap.org/api/0.6/map and /api/0.6/way/<id>/full, 2026-09-21 (ODbL). Georgia land lot polygons: GA Geospatial Info Office \"Georgia_Landlots_and_Militia_Districts\" ArcGIS Feature Service (services7.arcgis.com/Za9Nk6CPIPbvR1t7). Ownership: USFS EDW_BasicOwnership_01 MapServer point query. Elevation: api.opentopodata.org aster30m."
   },
   "geometry": {
    "type": "LineString",
    "coordinates": [
     [
      -84.1842913,
      34.6638115
     ],
     [
      -84.1842244,
      34.6636973
     ],
     [
      -84.1840984,
      34.6635004
     ],
     [
      -84.1839552,
      34.663369
     ],
     [
      -84.1837782,
      34.6632234
     ],
     [
      -84.183374,
      34.6630138
     ],
     [
      -84.1820928,
      34.6622748
     ],
     [
      -84.1810485,
      34.6615328
     ],
     [
      -84.1797496,
      34.6608569
     ],
     [
      -84.1790829,
      34.6605542
     ],
     [
      -84.1785983,
      34.6602914
     ],
     [
      -84.1785174,
      34.6599974
     ],
     [
      -84.1788071,
      34.6595281
     ],
     [
      -84.1789228,
      34.6593388
     ],
     [
      -84.1790534,
      34.6589851
     ],
     [
      -84.1788759,
      34.6585834
     ],
     [
      -84.1786677,
      34.6580808
     ],
     [
      -84.1786456,
      34.6577533
     ],
     [
      -84.178732,
      34.6564482
     ],
     [
      -84.1786569,
      34.6559539
     ],
     [
      -84.1783994,
      34.6554862
     ],
     [
      -84.1778201,
      34.6547007
     ],
     [
      -84.177381,
      34.6537025
     ],
     [
      -84.1772908,
      34.6534926
     ],
     [
      -84.1772566,
      34.6532678
     ],
     [
      -84.1770503,
      34.6526862
     ],
     [
      -84.1766885,
      34.6520928
     ],
     [
      -84.176559,
      34.6519603
     ],
     [
      -84.1763105,
      34.6516402
     ],
     [
      -84.1761259,
      34.6514368
     ],
     [
      -84.1758608,
      34.6511447
     ],
     [
      -84.1754073,
      34.6506999
     ],
     [
      -84.1752371,
      34.6503687
     ],
     [
      -84.1749978,
      34.65007
     ],
     [
      -84.1746807,
      34.6497033
     ],
     [
      -84.174355,
      34.649139
     ],
     [
      -84.1742457,
      34.6483844
     ],
     [
      -84.1740723,
      34.647952
     ],
     [
      -84.1741669,
      34.6475959
     ],
     [
      -84.1746191,
      34.6469652
     ],
     [
      -84.17474,
      34.646613
     ],
     [
      -84.1744839,
      34.645656
     ],
     [
      -84.1742524,
      34.6452223
     ],
     [
      -84.1739616,
      34.6448937
     ],
     [
      -84.173537,
      34.6447251
     ],
     [
      -84.1731052,
      34.6445688
     ],
     [
      -84.1726794,
      34.6443893
     ],
     [
      -84.1721854,
      34.6439829
     ],
     [
      -84.1715901,
      34.6432755
     ],
     [
      -84.171186,
      34.6429515
     ],
     [
      -84.170835,
      34.6428
     ],
     [
      -84.1702842,
      34.6426746
     ],
     [
      -84.1700194,
      34.6424835
     ],
     [
      -84.1696292,
      34.6421296
     ],
     [
      -84.1692302,
      34.6416605
     ],
     [
      -84.1690096,
      34.6413799
     ],
     [
      -84.1685961,
      34.6410377
     ],
     [
      -84.1679006,
      34.6406828
     ],
     [
      -84.1673015,
      34.6402144
     ],
     [
      -84.1667287,
      34.639739
     ],
     [
      -84.16647,
      34.6394218
     ],
     [
      -84.1664166,
      34.6393154
     ],
     [
      -84.1663686,
      34.6392045
     ],
     [
      -84.1663354,
      34.6390891
     ],
     [
      -84.1663075,
      34.6389716
     ],
     [
      -84.1662393,
      34.6385283
     ],
     [
      -84.1662151,
      34.6384292
     ],
     [
      -84.1661796,
      34.6383386
     ],
     [
      -84.1661146,
      34.6382281
     ],
     [
      -84.1660465,
      34.6381339
     ],
     [
      -84.1659596,
      34.6380419
     ],
     [
      -84.1658266,
      34.6379281
     ],
     [
      -84.165756,
      34.6378712
     ],
     [
      -84.1656775,
      34.6378187
     ],
     [
      -84.1655956,
      34.6377813
     ],
     [
      -84.1654977,
      34.6377506
     ],
     [
      -84.1653918,
      34.6377287
     ],
     [
      -84.165267,
      34.6377157
     ],
     [
      -84.165065,
      34.637711
     ],
     [
      -84.1649136,
      34.6377117
     ],
     [
      -84.1647435,
      34.6377169
     ],
     [
      -84.16443,
      34.6377404
     ],
     [
      -84.16436,
      34.6377399
     ],
     [
      -84.1643034,
      34.6377328
     ],
     [
      -84.1641934,
      34.6377116
     ],
     [
      -84.1640888,
      34.6376861
     ],
     [
      -84.1638304,
      34.637615
     ],
     [
      -84.1637765,
      34.6376033
     ],
     [
      -84.16372,
      34.637595
     ],
     [
      -84.1636657,
      34.6375893
     ],
     [
      -84.1636087,
      34.6375858
     ],
     [
      -84.163527,
      34.6375895
     ],
     [
      -84.1634426,
      34.6375964
     ],
     [
      -84.1632117,
      34.6376292
     ],
     [
      -84.162883,
      34.637681
     ],
     [
      -84.1626477,
      34.6377193
     ],
     [
      -84.1625246,
      34.6377296
     ],
     [
      -84.1624591,
      34.6377337
     ],
     [
      -84.1624097,
      34.6377333
     ],
     [
      -84.1623434,
      34.6377277
     ],
     [
      -84.1622768,
      34.637716
     ],
     [
      -84.1622235,
      34.6377021
     ],
     [
      -84.1620906,
      34.6376556
     ],
     [
      -84.1619684,
      34.6376069
     ],
     [
      -84.1616818,
      34.6374952
     ],
     [
      -84.1614365,
      34.6373988
     ],
     [
      -84.161092,
      34.6372567
     ],
     [
      -84.1609843,
      34.6372081
     ],
     [
      -84.1608874,
      34.6371573
     ],
     [
      -84.1607931,
      34.6370987
     ],
     [
      -84.1607122,
      34.637038
     ],
     [
      -84.1605906,
      34.6369448
     ],
     [
      -84.1604717,
      34.6368471
     ],
     [
      -84.1600492,
      34.6365317
     ],
     [
      -84.1598256,
      34.6363626
     ],
     [
      -84.1596113,
      34.6362023
     ],
     [
      -84.1594751,
      34.6360996
     ],
     [
      -84.1593194,
      34.6359971
     ],
     [
      -84.1592613,
      34.6358993
     ]
    ]
   }
  },
  {
   "type": "Feature",
   "properties": {
    "name": "FS 58 (Noontoola Road): Three Forks down-valley (north) to near Doublehead Gap Rd junction",
    "category": "road",
    "ref": "FS 58",
    "coord_source": "OpenStreetMap contributors, via api.openstreetmap.org/api/0.6/map and /api/0.6/way/<id>/full, 2026-09-21 (ODbL). Georgia land lot polygons: GA Geospatial Info Office \"Georgia_Landlots_and_Militia_Districts\" ArcGIS Feature Service (services7.arcgis.com/Za9Nk6CPIPbvR1t7). Ownership: USFS EDW_BasicOwnership_01 MapServer point query. Elevation: api.opentopodata.org aster30m."
   },
   "geometry": {
    "type": "LineString",
    "coordinates": [
     [
      -84.1842913,
      34.6638115
     ],
     [
      -84.1843498,
      34.6639309
     ],
     [
      -84.184463,
      34.664158
     ],
     [
      -84.1846584,
      34.6645106
     ],
     [
      -84.1847968,
      34.6647159
     ],
     [
      -84.1849342,
      34.664846
     ],
     [
      -84.1854368,
      34.6651447
     ],
     [
      -84.1859118,
      34.6653577
     ],
     [
      -84.1862666,
      34.6656411
     ],
     [
      -84.1863235,
      34.6660987
     ],
     [
      -84.1863469,
      34.6670706
     ],
     [
      -84.1863082,
      34.6675288
     ],
     [
      -84.1861612,
      34.6679042
     ],
     [
      -84.186138,
      34.6682033
     ],
     [
      -84.1862007,
      34.6684671
     ],
     [
      -84.186285,
      34.6686805
     ],
     [
      -84.186352,
      34.668908
     ],
     [
      -84.1865573,
      34.6691771
     ],
     [
      -84.186781,
      34.6694034
     ],
     [
      -84.1870587,
      34.6695587
     ],
     [
      -84.1876854,
      34.6696414
     ],
     [
      -84.1882502,
      34.6696796
     ],
     [
      -84.1885869,
      34.6696736
     ],
     [
      -84.1888692,
      34.6698259
     ],
     [
      -84.1890162,
      34.6699596
     ],
     [
      -84.1892018,
      34.6702077
     ],
     [
      -84.1894649,
      34.6704623
     ],
     [
      -84.1897821,
      34.6705132
     ],
     [
      -84.190068,
      34.670463
     ],
     [
      -84.190625,
      34.670596
     ],
     [
      -84.1909427,
      34.6709522
     ],
     [
      -84.1910975,
      34.6711217
     ],
     [
      -84.1914118,
      34.6712836
     ],
     [
      -84.1917322,
      34.6713372
     ],
     [
      -84.192258,
      34.6713722
     ],
     [
      -84.1927686,
      34.6714549
     ],
     [
      -84.1933329,
      34.6715948
     ],
     [
      -84.193612,
      34.6718176
     ],
     [
      -84.1937745,
      34.6721676
     ],
     [
      -84.1940453,
      34.6725176
     ],
     [
      -84.1942387,
      34.6726258
     ],
     [
      -84.194541,
      34.672731
     ],
     [
      -84.1951749,
      34.6727467
     ],
     [
      -84.1957466,
      34.672677
     ],
     [
      -84.1960203,
      34.6727013
     ],
     [
      -84.1963539,
      34.6727427
     ],
     [
      -84.1987248,
      34.6806604
     ],
     [
      -84.1985077,
      34.6810898
     ],
     [
      -84.1981948,
      34.6815165
     ],
     [
      -84.1978995,
      34.6819518
     ],
     [
      -84.1978864,
      34.6822306
     ],
     [
      -84.197995,
      34.682686
     ],
     [
      -84.1982106,
      34.6833338
     ],
     [
      -84.1982218,
      34.6837199
     ],
     [
      -84.197959,
      34.684038
     ],
     [
      -84.1978077,
      34.6841563
     ],
     [
      -84.1971373,
      34.6844554
     ],
     [
      -84.1960902,
      34.6847516
     ],
     [
      -84.1956739,
      34.6848741
     ],
     [
      -84.1954603,
      34.6850897
     ],
     [
      -84.1955274,
      34.6854207
     ],
     [
      -84.195544,
      34.6856213
     ],
     [
      -84.195997,
      34.6858987
     ],
     [
      -84.1965513,
      34.686122
     ],
     [
      -84.197011,
      34.686374
     ],
     [
      -84.1972745,
      34.686579
     ],
     [
      -84.197428,
      34.6868364
     ],
     [
      -84.1978983,
      34.6874219
     ],
     [
      -84.1985796,
      34.6877557
     ],
     [
      -84.1993494,
      34.6879914
     ],
     [
      -84.2006255,
      34.6881143
     ],
     [
      -84.2019761,
      34.6879635
     ],
     [
      -84.203387,
      34.6879304
     ],
     [
      -84.2040795,
      34.6879851
     ],
     [
      -84.2047041,
      34.6880345
     ],
     [
      -84.2051534,
      34.6881418
     ],
     [
      -84.205349,
      34.688403
     ],
     [
      -84.2053099,
      34.688721
     ],
     [
      -84.2047845,
      34.689199
     ],
     [
      -84.2042402,
      34.6896756
     ],
     [
      -84.2036217,
      34.690486
     ],
     [
      -84.2032975,
      34.6909456
     ],
     [
      -84.2028334,
      34.6913151
     ],
     [
      -84.2028793,
      34.6915145
     ],
     [
      -84.2030627,
      34.6917454
     ],
     [
      -84.2034429,
      34.6921223
     ],
     [
      -84.2045385,
      34.6926462
     ],
     [
      -84.2050863,
      34.6928577
     ],
     [
      -84.2060478,
      34.6930415
     ],
     [
      -84.2068198,
      34.6931507
     ],
     [
      -84.2076913,
      34.6932805
     ],
     [
      -84.2082109,
      34.6935059
     ],
     [
      -84.2084851,
      34.6938872
     ],
     [
      -84.2085857,
      34.6943009
     ],
     [
      -84.2083956,
      34.6946593
     ],
     [
      -84.2077622,
      34.6949778
     ],
     [
      -84.2073,
      34.6952109
     ],
     [
      -84.207149,
      34.6954591
     ],
     [
      -84.2071616,
      34.6957128
     ],
     [
      -84.2073726,
      34.695937
     ],
     [
      -84.2076488,
      34.6960336
     ],
     [
      -84.2083162,
      34.6961528
     ],
     [
      -84.2084209,
      34.6962229
     ],
     [
      -84.2094548,
      34.696915
     ],
     [
      -84.2108476,
      34.698022
     ],
     [
      -84.2109323,
      34.6980957
     ],
     [
      -84.2112096,
      34.6983367
     ],
     [
      -84.2114162,
      34.6985416
     ],
     [
      -84.2117128,
      34.698556
     ],
     [
      -84.2121661,
      34.6984732
     ],
     [
      -84.2125403,
      34.6982435
     ],
     [
      -84.2127511,
      34.6978947
     ],
     [
      -84.2129488,
      34.6973097
     ],
     [
      -84.2131148,
      34.6967248
     ],
     [
      -84.2132778,
      34.6962985
     ],
     [
      -84.2135733,
      34.6960553
     ],
     [
      -84.2140555,
      34.6959383
     ],
     [
      -84.215101,
      34.6960575
     ],
     [
      -84.2154548,
      34.6961983
     ],
     [
      -84.215605,
      34.6963608
     ],
     [
      -84.2156287,
      34.6966923
     ],
     [
      -84.2156524,
      34.6969718
     ],
     [
      -84.2157947,
      34.6971082
     ],
     [
      -84.21611,
      34.6973186
     ],
     [
      -84.2163736,
      34.6974776
     ],
     [
      -84.2167568,
      34.6977852
     ],
     [
      -84.2168097,
      34.6979276
     ],
     [
      -84.2168411,
      34.6983541
     ],
     [
      -84.2168462,
      34.698424
     ],
     [
      -84.2169524,
      34.6988698
     ],
     [
      -84.2171083,
      34.699341
     ],
     [
      -84.2173158,
      34.6999499
     ],
     [
      -84.2176009,
      34.7003543
     ],
     [
      -84.2178189,
      34.7009747
     ],
     [
      -84.2180768,
      34.7015172
     ],
     [
      -84.2183703,
      34.7017089
     ],
     [
      -84.2187091,
      34.7018819
     ],
     [
      -84.2189147,
      34.7020305
     ],
     [
      -84.2190549,
      34.7022045
     ],
     [
      -84.2191829,
      34.7027257
     ],
     [
      -84.2193617,
      34.7035437
     ],
     [
      -84.2192611,
      34.7045042
     ],
     [
      -84.2191996,
      34.7049637
     ],
     [
      -84.2191996,
      34.7051705
     ],
     [
      -84.2193343,
      34.7053974
     ],
     [
      -84.2198481,
      34.7058874
     ],
     [
      -84.2202238,
      34.7064646
     ],
     [
      -84.2203079,
      34.7067751
     ],
     [
      -84.2203401,
      34.7082994
     ],
     [
      -84.2203413,
      34.7083551
     ]
    ]
   }
  },
  {
   "type": "Feature",
   "properties": {
    "name": "Land Lot 285 District 7",
    "category": "land_lot",
    "OBJECTID": 322291,
    "ID": 154831,
    "Land_Lot": "285",
    "Land_District": "7",
    "Land_Section": 1,
    "Current_County": "Fannin",
    "Original_County": "Gilmer, Union",
    "Lottery_Drawing": "1832",
    "Lottery_Acreage": 160,
    "Lottery_Cost": 18,
    "Calculated_Acreage": 133.9444976837722,
    "Shape__Area": 5835826.192016602,
    "Shape__Length": 9728.029634508943,
    "coord_source": "GA Geospatial Info Office Georgia_Landlots_and_Militia_Districts FeatureServer"
   },
   "geometry": {
    "type": "Polygon",
    "coordinates": [
     [
      [
       -84.226204951965,
       34.7426119310433
      ],
      [
       -84.2260913978116,
       34.7486384208344
      ],
      [
       -84.2168802839315,
       34.7486881339021
      ],
      [
       -84.2173949719891,
       34.7428579802102
      ],
      [
       -84.226204951965,
       34.7426119310433
      ]
     ]
    ]
   }
  },
  {
   "type": "Feature",
   "properties": {
    "name": "Land Lot 294 District 7",
    "category": "land_lot",
    "OBJECTID": 334726,
    "ID": 154945,
    "Land_Lot": "294",
    "Land_District": "7",
    "Land_Section": 1,
    "Current_County": "Fannin",
    "Original_County": "Gilmer, Union",
    "Lottery_Drawing": "1832",
    "Lottery_Acreage": 160,
    "Lottery_Cost": 18,
    "Calculated_Acreage": 154.35095658766085,
    "Shape__Area": 6724911.352172852,
    "Shape__Length": 10384.724548539934,
    "coord_source": "GA Geospatial Info Office Georgia_Landlots_and_Militia_Districts FeatureServer"
   },
   "geometry": {
    "type": "Polygon",
    "coordinates": [
     [
      [
       -84.2085909598991,
       34.7428552332015
      ],
      [
       -84.1995147779544,
       34.7426846191113
      ],
      [
       -84.1993153599633,
       34.7358891889046
      ],
      [
       -84.2081684531313,
       34.7359235481883
      ],
      [
       -84.2085909598991,
       34.7428552332015
      ]
     ]
    ]
   }
  },
  {
   "type": "Feature",
   "properties": {
    "name": "Land Lot 321 District 7",
    "category": "land_lot",
    "OBJECTID": 327513,
    "ID": 154824,
    "Land_Lot": "321",
    "Land_District": "7",
    "Land_Section": 1,
    "Current_County": "Fannin",
    "Original_County": "Gilmer, Union",
    "Lottery_Drawing": "1832",
    "Lottery_Acreage": 160,
    "Lottery_Cost": 18,
    "Calculated_Acreage": 149.63625859561984,
    "Shape__Area": 6519492.182250977,
    "Shape__Length": 10261.004791395098,
    "coord_source": "GA Geospatial Info Office Georgia_Landlots_and_Militia_Districts FeatureServer"
   },
   "geometry": {
    "type": "Polygon",
    "coordinates": [
     [
      [
       -84.2264457680304,
       34.7298286950566
      ],
      [
       -84.2263273709705,
       34.7361140379101
      ],
      [
       -84.216942470086,
       34.7359892661218
      ],
      [
       -84.2169694759668,
       34.7296343048977
      ],
      [
       -84.2178596770991,
       34.7296525979357
      ],
      [
       -84.2264457680304,
       34.7298286950566
      ]
     ]
    ]
   }
  },
  {
   "type": "Feature",
   "properties": {
    "name": "Land Lot 106 District 6",
    "category": "land_lot",
    "OBJECTID": 331980,
    "ID": 155035,
    "Land_Lot": "106",
    "Land_District": "6",
    "Land_Section": 1,
    "Current_County": "Fannin",
    "Original_County": "Gilmer, Union",
    "Lottery_Drawing": "1832",
    "Lottery_Acreage": 160,
    "Lottery_Cost": 18,
    "Calculated_Acreage": 146.50742626578707,
    "Shape__Area": 6383157.063415527,
    "Shape__Length": 10078.400747026004,
    "coord_source": "GA Geospatial Info Office Georgia_Landlots_and_Militia_Districts FeatureServer"
   },
   "geometry": {
    "type": "Polygon",
    "coordinates": [
     [
      [
       -84.2104581481563,
       34.7156290909364
      ],
      [
       -84.2055542439648,
       34.7155387109408
      ],
      [
       -84.2019344290912,
       34.7152875920758
      ],
      [
       -84.2018963071769,
       34.7085395258212
      ],
      [
       -84.2018964010659,
       34.708533060056
      ],
      [
       -84.2103345241067,
       34.7087125800638
      ],
      [
       -84.21034396894,
       34.710038249966
      ],
      [
       -84.2104581481563,
       34.7156290909364
      ]
     ]
    ]
   }
  },
  {
   "type": "Feature",
   "properties": {
    "name": "Springer Mountain summit (AT/BMT southern terminus)",
    "category": "poi",
    "coord_source": "OpenStreetMap contributors, via api.openstreetmap.org/api/0.6/map and /api/0.6/way/<id>/full, 2026-09-21 (ODbL). Georgia land lot polygons: GA Geospatial Info Office \"Georgia_Landlots_and_Militia_Districts\" ArcGIS Feature Service (services7.arcgis.com/Za9Nk6CPIPbvR1t7). Ownership: USFS EDW_BasicOwnership_01 MapServer point query. Elevation: api.opentopodata.org aster30m."
   },
   "geometry": {
    "type": "Point",
    "coordinates": [
     -84.1935269,
     34.6266473
    ]
   }
  },
  {
   "type": "Feature",
   "properties": {
    "name": "Springer Mountain FS 42 parking / trailhead kiosk",
    "category": "poi",
    "coord_source": "OpenStreetMap contributors, via api.openstreetmap.org/api/0.6/map and /api/0.6/way/<id>/full, 2026-09-21 (ODbL). Georgia land lot polygons: GA Geospatial Info Office \"Georgia_Landlots_and_Militia_Districts\" ArcGIS Feature Service (services7.arcgis.com/Za9Nk6CPIPbvR1t7). Ownership: USFS EDW_BasicOwnership_01 MapServer point query. Elevation: api.opentopodata.org aster30m."
   },
   "geometry": {
    "type": "Point",
    "coordinates": [
     -84.1958415,
     34.6374652
    ]
   }
  },
  {
   "type": "Feature",
   "properties": {
    "name": "Long Creek Falls",
    "category": "poi",
    "coord_source": "OpenStreetMap contributors, via api.openstreetmap.org/api/0.6/map and /api/0.6/way/<id>/full, 2026-09-21 (ODbL). Georgia land lot polygons: GA Geospatial Info Office \"Georgia_Landlots_and_Militia_Districts\" ArcGIS Feature Service (services7.arcgis.com/Za9Nk6CPIPbvR1t7). Ownership: USFS EDW_BasicOwnership_01 MapServer point query. Elevation: api.opentopodata.org aster30m."
   },
   "geometry": {
    "type": "Point",
    "coordinates": [
     -84.1972407,
     34.6502798
    ]
   }
  },
  {
   "type": "Feature",
   "properties": {
    "name": "Stover Creek Shelter",
    "category": "poi",
    "coord_source": "OpenStreetMap contributors, via api.openstreetmap.org/api/0.6/map and /api/0.6/way/<id>/full, 2026-09-21 (ODbL). Georgia land lot polygons: GA Geospatial Info Office \"Georgia_Landlots_and_Militia_Districts\" ArcGIS Feature Service (services7.arcgis.com/Za9Nk6CPIPbvR1t7). Ownership: USFS EDW_BasicOwnership_01 MapServer point query. Elevation: api.opentopodata.org aster30m."
   },
   "geometry": {
    "type": "Point",
    "coordinates": [
     -84.1971889,
     34.6502867
    ]
   }
  },
  {
   "type": "Feature",
   "properties": {
    "name": "Three Forks (Long/Chester/Stover Creek confluence)",
    "category": "poi",
    "coord_source": "OpenStreetMap contributors, via api.openstreetmap.org/api/0.6/map and /api/0.6/way/<id>/full, 2026-09-21 (ODbL). Georgia land lot polygons: GA Geospatial Info Office \"Georgia_Landlots_and_Militia_Districts\" ArcGIS Feature Service (services7.arcgis.com/Za9Nk6CPIPbvR1t7). Ownership: USFS EDW_BasicOwnership_01 MapServer point query. Elevation: api.opentopodata.org aster30m."
   },
   "geometry": {
    "type": "Point",
    "coordinates": [
     -84.18463,
     34.663407
    ]
   }
  },
  {
   "type": "Feature",
   "properties": {
    "name": "Hawk Mountain Shelter",
    "category": "poi",
    "coord_source": "OpenStreetMap contributors, via api.openstreetmap.org/api/0.6/map and /api/0.6/way/<id>/full, 2026-09-21 (ODbL). Georgia land lot polygons: GA Geospatial Info Office \"Georgia_Landlots_and_Militia_Districts\" ArcGIS Feature Service (services7.arcgis.com/Za9Nk6CPIPbvR1t7). Ownership: USFS EDW_BasicOwnership_01 MapServer point query. Elevation: api.opentopodata.org aster30m."
   },
   "geometry": {
    "type": "Point",
    "coordinates": [
     -84.1365915,
     34.6660261
    ]
   }
  },
  {
   "type": "Feature",
   "properties": {
    "name": "Hightower Gap",
    "category": "poi",
    "coord_source": "OpenStreetMap contributors, via api.openstreetmap.org/api/0.6/map and /api/0.6/way/<id>/full, 2026-09-21 (ODbL). Georgia land lot polygons: GA Geospatial Info Office \"Georgia_Landlots_and_Militia_Districts\" ArcGIS Feature Service (services7.arcgis.com/Za9Nk6CPIPbvR1t7). Ownership: USFS EDW_BasicOwnership_01 MapServer point query. Elevation: api.opentopodata.org aster30m."
   },
   "geometry": {
    "type": "Point",
    "coordinates": [
     -84.1298079,
     34.6635225
    ]
   }
  },
  {
   "type": "Feature",
   "properties": {
    "name": "Toccoa River Swinging Bridge (south end)",
    "category": "poi",
    "coord_source": "OpenStreetMap contributors, via api.openstreetmap.org/api/0.6/map and /api/0.6/way/<id>/full, 2026-09-21 (ODbL). Georgia land lot polygons: GA Geospatial Info Office \"Georgia_Landlots_and_Militia_Districts\" ArcGIS Feature Service (services7.arcgis.com/Za9Nk6CPIPbvR1t7). Ownership: USFS EDW_BasicOwnership_01 MapServer point query. Elevation: api.opentopodata.org aster30m."
   },
   "geometry": {
    "type": "Point",
    "coordinates": [
     -84.1674188,
     34.7368911
    ]
   }
  },
  {
   "type": "Feature",
   "properties": {
    "name": "Toccoa River Swinging Bridge (north end)",
    "category": "poi",
    "coord_source": "OpenStreetMap contributors, via api.openstreetmap.org/api/0.6/map and /api/0.6/way/<id>/full, 2026-09-21 (ODbL). Georgia land lot polygons: GA Geospatial Info Office \"Georgia_Landlots_and_Militia_Districts\" ArcGIS Feature Service (services7.arcgis.com/Za9Nk6CPIPbvR1t7). Ownership: USFS EDW_BasicOwnership_01 MapServer point query. Elevation: api.opentopodata.org aster30m."
   },
   "geometry": {
    "type": "Point",
    "coordinates": [
     -84.166853,
     34.736751
    ]
   }
  },
  {
   "type": "Feature",
   "properties": {
    "name": "FS 816 / Tooni Gap Road (near swinging bridge)",
    "category": "poi",
    "coord_source": "OpenStreetMap contributors, via api.openstreetmap.org/api/0.6/map and /api/0.6/way/<id>/full, 2026-09-21 (ODbL). Georgia land lot polygons: GA Geospatial Info Office \"Georgia_Landlots_and_Militia_Districts\" ArcGIS Feature Service (services7.arcgis.com/Za9Nk6CPIPbvR1t7). Ownership: USFS EDW_BasicOwnership_01 MapServer point query. Elevation: api.opentopodata.org aster30m."
   },
   "geometry": {
    "type": "Point",
    "coordinates": [
     -84.1705326,
     34.7394685
    ]
   }
  },
  {
   "type": "Feature",
   "properties": {
    "name": "Noontootla Creek mouth at Toccoa River",
    "category": "poi",
    "coord_source": "OpenStreetMap contributors, via api.openstreetmap.org/api/0.6/map and /api/0.6/way/<id>/full, 2026-09-21 (ODbL). Georgia land lot polygons: GA Geospatial Info Office \"Georgia_Landlots_and_Militia_Districts\" ArcGIS Feature Service (services7.arcgis.com/Za9Nk6CPIPbvR1t7). Ownership: USFS EDW_BasicOwnership_01 MapServer point query. Elevation: api.opentopodata.org aster30m."
   },
   "geometry": {
    "type": "Point",
    "coordinates": [
     -84.228361,
     34.762146
    ]
   }
  },
  {
   "type": "Feature",
   "properties": {
    "name": "Bryson Gap Road (FS 766A) south end",
    "category": "poi",
    "coord_source": "OpenStreetMap contributors, via api.openstreetmap.org/api/0.6/map and /api/0.6/way/<id>/full, 2026-09-21 (ODbL). Georgia land lot polygons: GA Geospatial Info Office \"Georgia_Landlots_and_Militia_Districts\" ArcGIS Feature Service (services7.arcgis.com/Za9Nk6CPIPbvR1t7). Ownership: USFS EDW_BasicOwnership_01 MapServer point query. Elevation: api.opentopodata.org aster30m."
   },
   "geometry": {
    "type": "Point",
    "coordinates": [
     -84.1679024,
     34.6976216
    ]
   }
  },
  {
   "type": "Feature",
   "properties": {
    "name": "Bryson Gap Road (FS 766A) north end",
    "category": "poi",
    "coord_source": "OpenStreetMap contributors, via api.openstreetmap.org/api/0.6/map and /api/0.6/way/<id>/full, 2026-09-21 (ODbL). Georgia land lot polygons: GA Geospatial Info Office \"Georgia_Landlots_and_Militia_Districts\" ArcGIS Feature Service (services7.arcgis.com/Za9Nk6CPIPbvR1t7). Ownership: USFS EDW_BasicOwnership_01 MapServer point query. Elevation: api.opentopodata.org aster30m."
   },
   "geometry": {
    "type": "Point",
    "coordinates": [
     -84.1674044,
     34.718148
    ]
   }
  }
 ]
}