{
 "type": "FeatureCollection",
 "features": [
  {
   "type": "Feature",
   "properties": {
    "name": "Dockery Lake Trail",
    "label": "Dockery Lake Trail (US-19 trailhead to AT junction near Miller Gap)",
    "category": "trail",
    "coord_source": "OpenStreetMap contributors, via api.openstreetmap.org/api/0.6/map small-bbox fetch, 2026-09-21 (ODbL) — Overpass API mirrors were unreachable/timed out this session, so trail geometry was pulled from the main OSM API instead. way 31275598, name=Dockery Lake."
   },
   "geometry": {
    "type": "MultiLineString",
    "coordinates": [
     [
      [
       -83.975242,
       34.6760938
      ],
      [
       -83.9752281,
       34.6762204
      ],
      [
       -83.9751916,
       34.6763416
      ],
      [
       -83.9751191,
       34.6765005
      ],
      [
       -83.9750538,
       34.6766056
      ],
      [
       -83.975026,
       34.6766812
      ],
      [
       -83.9749988,
       34.6767601
      ],
      [
       -83.9749431,
       34.6768419
      ],
      [
       -83.9748587,
       34.6770196
      ],
      [
       -83.9748171,
       34.6772589
      ],
      [
       -83.9746964,
       34.6774217
      ],
      [
       -83.9745975,
       34.6775605
      ],
      [
       -83.9745918,
       34.6776681
      ],
      [
       -83.9746213,
       34.6777896
      ],
      [
       -83.9747367,
       34.6779283
      ],
      [
       -83.9747905,
       34.6780293
      ],
      [
       -83.9748501,
       34.6780964
      ],
      [
       -83.9748895,
       34.6781702
      ],
      [
       -83.9749447,
       34.6782555
      ],
      [
       -83.9749577,
       34.6783246
      ],
      [
       -83.9750106,
       34.6783986
      ],
      [
       -83.9750365,
       34.6784854
      ],
      [
       -83.9751406,
       34.6786365
      ],
      [
       -83.9752671,
       34.6787872
      ],
      [
       -83.975388,
       34.6789186
      ],
      [
       -83.975464,
       34.679037
      ],
      [
       -83.975505,
       34.6791242
      ],
      [
       -83.9755364,
       34.6791877
      ],
      [
       -83.9755782,
       34.6792616
      ],
      [
       -83.9756219,
       34.6793223
      ],
      [
       -83.9756628,
       34.6793684
      ],
      [
       -83.9756615,
       34.6794132
      ],
      [
       -83.9756829,
       34.6794628
      ],
      [
       -83.9756901,
       34.6795105
      ],
      [
       -83.9756849,
       34.679581
      ],
      [
       -83.9756797,
       34.6796437
      ],
      [
       -83.9756546,
       34.6797005
      ],
      [
       -83.9756511,
       34.6797975
      ],
      [
       -83.9757005,
       34.6799074
      ],
      [
       -83.9758112,
       34.6799784
      ],
      [
       -83.9759237,
       34.6800206
      ],
      [
       -83.9760685,
       34.6800268
      ],
      [
       -83.9761927,
       34.6800109
      ],
      [
       -83.9762626,
       34.6799805
      ],
      [
       -83.9763571,
       34.6799434
      ],
      [
       -83.976581,
       34.679838
      ],
      [
       -83.9768502,
       34.6796686
      ],
      [
       -83.9769897,
       34.6795187
      ],
      [
       -83.9771359,
       34.6791814
      ],
      [
       -83.9772472,
       34.6789386
      ],
      [
       -83.9774272,
       34.6786587
      ],
      [
       -83.9775503,
       34.6785062
      ],
      [
       -83.9776259,
       34.6783515
      ],
      [
       -83.9777595,
       34.6783452
      ],
      [
       -83.9778424,
       34.6784066
      ],
      [
       -83.9779982,
       34.6785305
      ],
      [
       -83.978143,
       34.6786562
      ],
      [
       -83.978246,
       34.6787684
      ],
      [
       -83.9783353,
       34.6789568
      ],
      [
       -83.9785185,
       34.6791371
      ],
      [
       -83.9787948,
       34.6793775
      ],
      [
       -83.9791529,
       34.6795677
      ],
      [
       -83.9794355,
       34.6797107
      ],
      [
       -83.9797094,
       34.6798164
      ],
      [
       -83.9800581,
       34.6798407
      ],
      [
       -83.98038,
       34.6797723
      ],
      [
       -83.9805946,
       34.6796753
      ],
      [
       -83.9806777,
       34.6795694
      ],
      [
       -83.9807609,
       34.6793996
      ],
      [
       -83.9807609,
       34.6792672
      ],
      [
       -83.9808682,
       34.6792584
      ],
      [
       -83.9809524,
       34.6793146
      ],
      [
       -83.9810154,
       34.6793995
      ],
      [
       -83.9810299,
       34.6795133
      ],
      [
       -83.9810818,
       34.6796426
      ],
      [
       -83.9812233,
       34.6797306
      ],
      [
       -83.9814717,
       34.6797701
      ],
      [
       -83.9816031,
       34.6798363
      ],
      [
       -83.9816856,
       34.6799199
      ],
      [
       -83.9817682,
       34.6801125
      ],
      [
       -83.981735,
       34.6802907
      ],
      [
       -83.9816537,
       34.6804321
      ],
      [
       -83.9816278,
       34.6804818
      ],
      [
       -83.9815315,
       34.6805454
      ],
      [
       -83.981351,
       34.6806281
      ],
      [
       -83.981104,
       34.680704
      ],
      [
       -83.9808896,
       34.6807097
      ],
      [
       -83.9807501,
       34.6806877
      ],
      [
       -83.9805576,
       34.6807361
      ],
      [
       -83.9803682,
       34.6807424
      ],
      [
       -83.9800045,
       34.6807141
      ],
      [
       -83.9797955,
       34.680692
      ],
      [
       -83.9796605,
       34.6807074
      ],
      [
       -83.9795124,
       34.6806945
      ],
      [
       -83.9789859,
       34.6807625
      ],
      [
       -83.9786539,
       34.680805
      ],
      [
       -83.9784399,
       34.6808851
      ],
      [
       -83.9781956,
       34.6809594
      ],
      [
       -83.9781082,
       34.6809876
      ],
      [
       -83.978022,
       34.681044
      ],
      [
       -83.9778,
       34.681224
      ],
      [
       -83.977734,
       34.681305
      ],
      [
       -83.977407,
       34.681497
      ],
      [
       -83.977281,
       34.681611
      ],
      [
       -83.976933,
       34.68179
      ],
      [
       -83.9768078,
       34.6818767
      ],
      [
       -83.9766856,
       34.6820581
      ],
      [
       -83.976598,
       34.682166
      ],
      [
       -83.9765009,
       34.6822923
      ],
      [
       -83.9765171,
       34.6823702
      ],
      [
       -83.9765486,
       34.6825804
      ],
      [
       -83.9765907,
       34.6826473
      ],
      [
       -83.9766128,
       34.6827235
      ],
      [
       -83.9766486,
       34.682775
      ],
      [
       -83.9767076,
       34.6828736
      ],
      [
       -83.9768015,
       34.6829979
      ],
      [
       -83.9768675,
       34.6831247
      ],
      [
       -83.9769682,
       34.6832374
      ],
      [
       -83.9770219,
       34.6833278
      ],
      [
       -83.9771184,
       34.6833984
      ],
      [
       -83.9771927,
       34.6836367
      ],
      [
       -83.9772416,
       34.6838475
      ],
      [
       -83.9773317,
       34.6840535
      ],
      [
       -83.9774688,
       34.6841797
      ],
      [
       -83.977571,
       34.6843043
      ],
      [
       -83.9778952,
       34.6846161
      ],
      [
       -83.9779962,
       34.6847307
      ],
      [
       -83.9781471,
       34.6850735
      ],
      [
       -83.9782443,
       34.6853812
      ],
      [
       -83.9783391,
       34.6855656
      ],
      [
       -83.9784635,
       34.6857868
      ],
      [
       -83.9786768,
       34.6860076
      ],
      [
       -83.9789504,
       34.686259
      ],
      [
       -83.9791757,
       34.6865502
      ],
      [
       -83.979232,
       34.6867001
      ],
      [
       -83.9793363,
       34.6868143
      ],
      [
       -83.9793849,
       34.6869758
      ],
      [
       -83.9795217,
       34.6871059
      ],
      [
       -83.9796103,
       34.6872369
      ],
      [
       -83.979696,
       34.6874875
      ],
      [
       -83.9797175,
       34.6876882
      ],
      [
       -83.9797833,
       34.6877715
      ],
      [
       -83.9802566,
       34.6878757
      ],
      [
       -83.9805275,
       34.687922
      ],
      [
       -83.9808042,
       34.688044
      ],
      [
       -83.9808655,
       34.6881425
      ],
      [
       -83.980868,
       34.6883606
      ],
      [
       -83.9809084,
       34.6885902
      ],
      [
       -83.9809889,
       34.6887667
      ],
      [
       -83.9810941,
       34.6888368
      ],
      [
       -83.9812129,
       34.6888509
      ],
      [
       -83.9813249,
       34.6889044
      ],
      [
       -83.9814859,
       34.6889505
      ],
      [
       -83.981637,
       34.688967
      ],
      [
       -83.9817526,
       34.6890358
      ],
      [
       -83.982265,
       34.689249
      ],
      [
       -83.9825398,
       34.6892656
      ],
      [
       -83.9826542,
       34.6893402
      ],
      [
       -83.982675,
       34.6894109
      ],
      [
       -83.982621,
       34.689458
      ],
      [
       -83.982509,
       34.689529
      ],
      [
       -83.9824302,
       34.6895611
      ],
      [
       -83.9823689,
       34.6895855
      ],
      [
       -83.9820832,
       34.6896775
      ],
      [
       -83.9819169,
       34.6897988
      ],
      [
       -83.9818753,
       34.6899859
      ],
      [
       -83.9817099,
       34.6904948
      ],
      [
       -83.9815816,
       34.6906016
      ],
      [
       -83.9814127,
       34.6906986
      ],
      [
       -83.9813644,
       34.6907802
      ],
      [
       -83.9813644,
       34.6908736
      ],
      [
       -83.9816836,
       34.6912346
      ],
      [
       -83.9819008,
       34.6915808
      ],
      [
       -83.9820018,
       34.6918813
      ],
      [
       -83.9819625,
       34.6921123
      ],
      [
       -83.9818203,
       34.6925203
      ],
      [
       -83.9816541,
       34.6927805
      ],
      [
       -83.9815173,
       34.6930738
      ],
      [
       -83.9814529,
       34.6933583
      ],
      [
       -83.9815395,
       34.6935691
      ],
      [
       -83.9816312,
       34.6938345
      ],
      [
       -83.9816594,
       34.6942463
      ],
      [
       -83.9816862,
       34.6945801
      ],
      [
       -83.981661,
       34.694882
      ],
      [
       -83.9815033,
       34.6950185
      ],
      [
       -83.9813939,
       34.6951138
      ],
      [
       -83.981284,
       34.695149
      ],
      [
       -83.981142,
       34.695309
      ],
      [
       -83.981086,
       34.695342
      ],
      [
       -83.9810532,
       34.6956386
      ],
      [
       -83.9811103,
       34.6959385
      ],
      [
       -83.9811137,
       34.6960943
      ],
      [
       -83.9811629,
       34.6962776
      ],
      [
       -83.9812604,
       34.6964367
      ],
      [
       -83.9813779,
       34.6966015
      ],
      [
       -83.9815119,
       34.6968074
      ],
      [
       -83.9815104,
       34.6969906
      ],
      [
       -83.9815329,
       34.6971824
      ],
      [
       -83.9816062,
       34.6974722
      ],
      [
       -83.9816812,
       34.6976195
      ],
      [
       -83.9817374,
       34.6977413
      ],
      [
       -83.9819089,
       34.6978637
      ],
      [
       -83.9820341,
       34.697941
      ],
      [
       -83.982195,
       34.697926
      ],
      [
       -83.982267,
       34.697913
      ],
      [
       -83.9823219,
       34.697965
      ],
      [
       -83.9823399,
       34.6980055
      ],
      [
       -83.9823416,
       34.698023
      ],
      [
       -83.9823044,
       34.6981083
      ],
      [
       -83.9822512,
       34.6981449
      ],
      [
       -83.9821645,
       34.6982022
      ],
      [
       -83.9820481,
       34.6982321
      ],
      [
       -83.9819795,
       34.6982475
      ],
      [
       -83.9818693,
       34.6982412
      ],
      [
       -83.9817605,
       34.698264
      ],
      [
       -83.9814828,
       34.6982502
      ],
      [
       -83.9813027,
       34.6981636
      ],
      [
       -83.9811256,
       34.6980544
      ],
      [
       -83.9809337,
       34.6979411
      ],
      [
       -83.9807946,
       34.6979144
      ],
      [
       -83.9806542,
       34.6978979
      ],
      [
       -83.9805346,
       34.6978832
      ],
      [
       -83.9804175,
       34.697858
      ],
      [
       -83.980366,
       34.6978351
      ],
      [
       -83.9802268,
       34.6978169
      ],
      [
       -83.9801674,
       34.6978205
      ],
      [
       -83.9800773,
       34.6978157
      ],
      [
       -83.9800437,
       34.6978317
      ],
      [
       -83.9799529,
       34.6978469
      ],
      [
       -83.9798262,
       34.6978895
      ],
      [
       -83.979699,
       34.697942
      ],
      [
       -83.9796468,
       34.698001
      ],
      [
       -83.9796219,
       34.698067
      ],
      [
       -83.9796138,
       34.6981442
      ],
      [
       -83.9796361,
       34.6981996
      ],
      [
       -83.9796437,
       34.6982686
      ],
      [
       -83.9797271,
       34.6982989
      ],
      [
       -83.9798142,
       34.6983218
      ],
      [
       -83.9799781,
       34.6983306
      ],
      [
       -83.9800312,
       34.698381
      ],
      [
       -83.980194,
       34.698481
      ],
      [
       -83.9802101,
       34.698562
      ],
      [
       -83.9802315,
       34.6986535
      ],
      [
       -83.980261,
       34.6987447
      ],
      [
       -83.9803807,
       34.6988887
      ],
      [
       -83.980453,
       34.6989814
      ],
      [
       -83.9805375,
       34.6990743
      ],
      [
       -83.9805938,
       34.6991771
      ],
      [
       -83.9806879,
       34.6993048
      ],
      [
       -83.9807942,
       34.699401
      ],
      [
       -83.9810358,
       34.6994424
      ],
      [
       -83.9811873,
       34.6994823
      ],
      [
       -83.9814261,
       34.699672
      ],
      [
       -83.981587,
       34.6998329
      ],
      [
       -83.9817003,
       34.6999188
      ],
      [
       -83.9818847,
       34.699952
      ],
      [
       -83.9819706,
       34.7000336
      ],
      [
       -83.9820492,
       34.7000982
      ],
      [
       -83.9822245,
       34.7001672
      ],
      [
       -83.9823481,
       34.7002203
      ],
      [
       -83.9824468,
       34.7002597
      ],
      [
       -83.9825328,
       34.7003232
      ],
      [
       -83.9826886,
       34.7003885
      ],
      [
       -83.9828296,
       34.7004879
      ],
      [
       -83.9830052,
       34.7005553
      ],
      [
       -83.983199,
       34.7006444
      ],
      [
       -83.9833491,
       34.7007518
      ],
      [
       -83.983477,
       34.7008598
      ],
      [
       -83.9835734,
       34.7009437
      ],
      [
       -83.9836473,
       34.7010739
      ],
      [
       -83.9837838,
       34.7011999
      ],
      [
       -83.9840454,
       34.7013759
      ],
      [
       -83.9841169,
       34.7014875
      ],
      [
       -83.9841521,
       34.7015911
      ],
      [
       -83.9841816,
       34.70171
      ],
      [
       -83.9842675,
       34.7018462
      ],
      [
       -83.9844408,
       34.7020614
      ],
      [
       -83.984596,
       34.7022135
      ],
      [
       -83.9846862,
       34.7023344
      ],
      [
       -83.9848253,
       34.702581
      ],
      [
       -83.9848714,
       34.7027203
      ],
      [
       -83.9849052,
       34.7028687
      ],
      [
       -83.9849734,
       34.7031545
      ],
      [
       -83.9850495,
       34.7032887
      ],
      [
       -83.9851662,
       34.7034343
      ]
     ],
     [
      [
       -83.9761678,
       34.6740535
      ],
      [
       -83.9761842,
       34.6740707
      ],
      [
       -83.9762226,
       34.6742025
      ],
      [
       -83.9761995,
       34.6743089
      ],
      [
       -83.9761251,
       34.6745093
      ],
      [
       -83.9760171,
       34.6748269
      ],
      [
       -83.9758562,
       34.6750417
      ],
      [
       -83.9758172,
       34.675239
      ],
      [
       -83.975698,
       34.6753803
      ],
      [
       -83.9756607,
       34.6755104
      ],
      [
       -83.975595,
       34.675626
      ],
      [
       -83.9754668,
       34.6757707
      ],
      [
       -83.9753208,
       34.6759494
      ],
      [
       -83.9752793,
       34.6759999
      ],
      [
       -83.9751955,
       34.676077
      ],
      [
       -83.9750537,
       34.6760755
      ],
      [
       -83.9750203,
       34.6760501
      ],
      [
       -83.9749439,
       34.6760008
      ],
      [
       -83.9749298,
       34.6759687
      ],
      [
       -83.9748672,
       34.6758919
      ],
      [
       -83.9747621,
       34.6757484
      ],
      [
       -83.9746462,
       34.6756542
      ],
      [
       -83.9744335,
       34.675562
      ],
      [
       -83.9744513,
       34.675452
      ],
      [
       -83.9747148,
       34.6752152
      ],
      [
       -83.9748757,
       34.6750416
      ],
      [
       -83.9751654,
       34.6749338
      ],
      [
       -83.9753735,
       34.6747737
      ],
      [
       -83.97556,
       34.6745275
      ],
      [
       -83.975655,
       34.6743488
      ],
      [
       -83.9756617,
       34.6741161
      ],
      [
       -83.9756354,
       34.6739672
      ],
      [
       -83.97564,
       34.6738603
      ],
      [
       -83.9756768,
       34.6737398
      ],
      [
       -83.9757917,
       34.6737256
      ],
      [
       -83.9759299,
       34.6738067
      ],
      [
       -83.9760409,
       34.6739204
      ],
      [
       -83.9761678,
       34.6740535
      ]
     ]
    ]
   }
  },
  {
   "type": "Feature",
   "properties": {
    "name": "Three Forks / Noontootla Creek Route (AT & BMT near FS 58)",
    "label": "AT/Benton MacKaye Trail at Three Forks, FS 58",
    "category": "trail",
    "coord_source": "OpenStreetMap contributors, via api.openstreetmap.org/api/0.6/map small-bbox fetch, 2026-09-21 (ODbL) — Overpass API mirrors were unreachable/timed out this session, so trail geometry was pulled from the main OSM API instead. ways named \"Appalachian and Benton MacKaye Trail\" / \"Benton MacKaye Trail\" near Three Forks."
   },
   "geometry": {
    "type": "MultiLineString",
    "coordinates": [
     [
      [
       -84.1718481,
       34.6666941
      ],
      [
       -84.1718866,
       34.6667191
      ],
      [
       -84.1719172,
       34.6667586
      ],
      [
       -84.1719925,
       34.6668005
      ],
      [
       -84.1721399,
       34.6668197
      ],
      [
       -84.1721865,
       34.66685
      ],
      [
       -84.1722194,
       34.6668957
      ],
      [
       -84.1722759,
       34.6669868
      ],
      [
       -84.1723888,
       34.667104
      ],
      [
       -84.172523,
       34.6672224
      ],
      [
       -84.172595,
       34.6672588
      ],
      [
       -84.1726683,
       34.6672934
      ],
      [
       -84.1727611,
       34.6673297
      ],
      [
       -84.1728605,
       34.667361
      ],
      [
       -84.172962,
       34.6673912
      ],
      [
       -84.1730704,
       34.6674036
      ],
      [
       -84.1731833,
       34.6673804
      ],
      [
       -84.1733242,
       34.6673253
      ],
      [
       -84.1734384,
       34.6672611
      ],
      [
       -84.1734976,
       34.6672033
      ],
      [
       -84.1736015,
       34.6671003
      ],
      [
       -84.1736484,
       34.6670358
      ],
      [
       -84.1737158,
       34.666934
      ],
      [
       -84.173772,
       34.6668058
      ],
      [
       -84.1738112,
       34.6667509
      ],
      [
       -84.1738583,
       34.6667223
      ],
      [
       -84.1739146,
       34.6667419
      ],
      [
       -84.1741812,
       34.6669401
      ],
      [
       -84.1743035,
       34.6670025
      ],
      [
       -84.1744441,
       34.6670556
      ],
      [
       -84.1747138,
       34.6670982
      ],
      [
       -84.1748988,
       34.667109
      ],
      [
       -84.1750005,
       34.6671185
      ],
      [
       -84.1750895,
       34.66713
      ],
      [
       -84.1751645,
       34.6671391
      ],
      [
       -84.1752484,
       34.6671563
      ],
      [
       -84.1753484,
       34.6671759
      ],
      [
       -84.1754159,
       34.6671964
      ],
      [
       -84.1755109,
       34.6672256
      ],
      [
       -84.1756345,
       34.6672239
      ],
      [
       -84.1757342,
       34.6672057
      ],
      [
       -84.1759619,
       34.6671186
      ],
      [
       -84.1761778,
       34.6671342
      ],
      [
       -84.1764252,
       34.667134
      ],
      [
       -84.176575,
       34.6671286
      ],
      [
       -84.1766541,
       34.6670962
      ],
      [
       -84.1767472,
       34.6670219
      ],
      [
       -84.176848,
       34.6670041
      ],
      [
       -84.1769648,
       34.6670338
      ],
      [
       -84.1771149,
       34.6670616
      ],
      [
       -84.1772527,
       34.6670762
      ],
      [
       -84.1774578,
       34.6670826
      ],
      [
       -84.1775615,
       34.6670759
      ],
      [
       -84.177672,
       34.6670621
      ],
      [
       -84.177812,
       34.6670359
      ],
      [
       -84.1780239,
       34.6669747
      ],
      [
       -84.178318,
       34.6668544
      ],
      [
       -84.1786573,
       34.6667277
      ],
      [
       -84.1790359,
       34.6665973
      ],
      [
       -84.1791122,
       34.6665913
      ],
      [
       -84.1793737,
       34.6665857
      ],
      [
       -84.1794602,
       34.6665301
      ],
      [
       -84.1796376,
       34.6664318
      ],
      [
       -84.1797717,
       34.6664065
      ],
      [
       -84.1799413,
       34.6663545
      ],
      [
       -84.1800806,
       34.6663311
      ],
      [
       -84.1802877,
       34.6662678
      ],
      [
       -84.1805195,
       34.6661623
      ],
      [
       -84.1807345,
       34.6660474
      ],
      [
       -84.1809471,
       34.6659631
      ],
      [
       -84.1810954,
       34.6658869
      ],
      [
       -84.1812307,
       34.6657783
      ],
      [
       -84.1813721,
       34.665701
      ],
      [
       -84.1815059,
       34.665642
      ],
      [
       -84.1816354,
       34.6656348
      ],
      [
       -84.1817506,
       34.6655942
      ],
      [
       -84.1819027,
       34.6655397
      ],
      [
       -84.1821779,
       34.6654455
      ],
      [
       -84.1824151,
       34.6653493
      ],
      [
       -84.1827183,
       34.6651374
      ],
      [
       -84.1828425,
       34.6650274
      ],
      [
       -84.1830095,
       34.6648579
      ],
      [
       -84.1833905,
       34.664433
      ],
      [
       -84.183654,
       34.6642238
      ],
      [
       -84.1838047,
       34.6640607
      ],
      [
       -84.1838511,
       34.6639912
      ],
      [
       -84.1838676,
       34.6639243
      ],
      [
       -84.1839136,
       34.6638145
      ],
      [
       -84.1840984,
       34.6635004
      ],
      [
       -84.1840956,
       34.6634816
      ],
      [
       -84.1841497,
       34.6634207
      ],
      [
       -84.1841939,
       34.663394
      ],
      [
       -84.1842478,
       34.6633712
      ],
      [
       -84.1843362,
       34.6633166
      ]
     ],
     [
      [
       -84.1845638,
       34.6623176
      ],
      [
       -84.1844395,
       34.6622963
      ],
      [
       -84.1843566,
       34.662302
      ],
      [
       -84.1841566,
       34.6623251
      ],
      [
       -84.1840602,
       34.6623475
      ],
      [
       -84.1838952,
       34.6623631
      ],
      [
       -84.1837808,
       34.6623206
      ],
      [
       -84.1836548,
       34.662258
      ],
      [
       -84.1835601,
       34.6621811
      ],
      [
       -84.183381,
       34.6621014
      ],
      [
       -84.1832775,
       34.6620385
      ],
      [
       -84.1831926,
       34.6619409
      ],
      [
       -84.1831367,
       34.6618472
      ],
      [
       -84.183136,
       34.66178
      ],
      [
       -84.1831667,
       34.6616599
      ],
      [
       -84.1832232,
       34.6615195
      ],
      [
       -84.1832584,
       34.6613018
      ],
      [
       -84.1832411,
       34.661092
      ],
      [
       -84.1832186,
       34.6609628
      ],
      [
       -84.183194,
       34.6609037
      ],
      [
       -84.1831477,
       34.6608467
      ],
      [
       -84.1831099,
       34.6607898
      ],
      [
       -84.183058,
       34.6607715
      ],
      [
       -84.1829839,
       34.6607736
      ],
      [
       -84.1829091,
       34.6607913
      ],
      [
       -84.182796,
       34.6608508
      ],
      [
       -84.1826167,
       34.6609975
      ],
      [
       -84.1824091,
       34.6611134
      ],
      [
       -84.1822558,
       34.6611175
      ],
      [
       -84.18211,
       34.6611134
      ],
      [
       -84.182021,
       34.6610626
      ],
      [
       -84.181932,
       34.6609853
      ],
      [
       -84.1818109,
       34.660902
      ],
      [
       -84.1817244,
       34.6608186
      ],
      [
       -84.1815502,
       34.6605924
      ],
      [
       -84.1814845,
       34.6605444
      ],
      [
       -84.1812268,
       34.6605436
      ],
      [
       -84.1810119,
       34.6604767
      ],
      [
       -84.1809316,
       34.6604281
      ],
      [
       -84.1808519,
       34.6603703
      ],
      [
       -84.1806297,
       34.6602748
      ],
      [
       -84.1804121,
       34.660183
      ],
      [
       -84.1802274,
       34.660106
      ],
      [
       -84.1801431,
       34.6600179
      ],
      [
       -84.180039,
       34.6599511
      ],
      [
       -84.179946,
       34.6599017
      ],
      [
       -84.17992,
       34.6598671
      ],
      [
       -84.1798941,
       34.6598203
      ],
      [
       -84.179903,
       34.6597883
      ],
      [
       -84.1799331,
       34.6597386
      ],
      [
       -84.1799675,
       34.6597101
      ],
      [
       -84.1800028,
       34.6596689
      ],
      [
       -84.1800715,
       34.6596325
      ],
      [
       -84.1801211,
       34.6596308
      ],
      [
       -84.1801727,
       34.659623
      ],
      [
       -84.1802692,
       34.6596092
      ],
      [
       -84.180328,
       34.6596053
      ],
      [
       -84.1804117,
       34.6595801
      ],
      [
       -84.1804836,
       34.6595601
      ],
      [
       -84.1805404,
       34.6595611
      ],
      [
       -84.1805713,
       34.6595784
      ],
      [
       -84.1805998,
       34.6596302
      ],
      [
       -84.1806259,
       34.6597432
      ],
      [
       -84.1806654,
       34.6598203
      ],
      [
       -84.1807275,
       34.6598401
      ],
      [
       -84.1808604,
       34.6598051
      ],
      [
       -84.1809738,
       34.6598174
      ],
      [
       -84.1810231,
       34.6597862
      ],
      [
       -84.1810957,
       34.6596804
      ],
      [
       -84.1812675,
       34.6596675
      ],
      [
       -84.1813647,
       34.6596467
      ],
      [
       -84.1814249,
       34.6596086
      ],
      [
       -84.1814687,
       34.6595641
      ],
      [
       -84.1815426,
       34.6595146
      ],
      [
       -84.1815829,
       34.6594545
      ],
      [
       -84.1816237,
       34.6594107
      ],
      [
       -84.1816999,
       34.6593435
      ],
      [
       -84.1817718,
       34.6592792
      ],
      [
       -84.1818773,
       34.6592556
      ],
      [
       -84.1819418,
       34.6592406
      ],
      [
       -84.181995,
       34.6592117
      ],
      [
       -84.1820271,
       34.6591832
      ],
      [
       -84.1820439,
       34.6591394
      ],
      [
       -84.1820556,
       34.6591004
      ],
      [
       -84.1820698,
       34.6590105
      ],
      [
       -84.1820543,
       34.6588979
      ],
      [
       -84.1821011,
       34.6587632
      ],
      [
       -84.1821441,
       34.6587255
      ],
      [
       -84.1822212,
       34.6586838
      ],
      [
       -84.1822711,
       34.6586597
      ],
      [
       -84.1823013,
       34.6586209
      ],
      [
       -84.1823165,
       34.6585321
      ],
      [
       -84.1822928,
       34.6583796
      ],
      [
       -84.1822878,
       34.6582622
      ],
      [
       -84.1823414,
       34.6580468
      ],
      [
       -84.1823153,
       34.6579754
      ],
      [
       -84.1822821,
       34.6578297
      ],
      [
       -84.1822554,
       34.657786
      ],
      [
       -84.1822299,
       34.6576208
      ],
      [
       -84.1822039,
       34.657408
      ],
      [
       -84.1821995,
       34.6573589
      ],
      [
       -84.1822048,
       34.6573152
      ],
      [
       -84.1821831,
       34.6572206
      ],
      [
       -84.1822434,
       34.6570438
      ],
      [
       -84.1823709,
       34.6568248
      ],
      [
       -84.1824814,
       34.6567441
      ],
      [
       -84.182623,
       34.6566652
      ],
      [
       -84.1829402,
       34.6566012
      ],
      [
       -84.1830791,
       34.6566138
      ],
      [
       -84.1832628,
       34.6566521
      ],
      [
       -84.1833458,
       34.6567097
      ],
      [
       -84.1834206,
       34.6567466
      ],
      [
       -84.183496,
       34.6567835
      ],
      [
       -84.1835524,
       34.6568146
      ],
      [
       -84.1836179,
       34.6568831
      ],
      [
       -84.1837588,
       34.656941
      ],
      [
       -84.1839512,
       34.6570069
      ],
      [
       -84.1840467,
       34.6569927
      ],
      [
       -84.1841755,
       34.6570269
      ],
      [
       -84.1842629,
       34.6570542
      ],
      [
       -84.1843304,
       34.657151
      ],
      [
       -84.1844768,
       34.657221
      ],
      [
       -84.1845434,
       34.6573069
      ],
      [
       -84.1846408,
       34.657356
      ],
      [
       -84.1848323,
       34.6574302
      ],
      [
       -84.1850314,
       34.6574887
      ],
      [
       -84.1850922,
       34.6575264
      ],
      [
       -84.1852761,
       34.6576852
      ],
      [
       -84.1857719,
       34.6579439
      ],
      [
       -84.1859809,
       34.6580636
      ],
      [
       -84.1860908,
       34.658088
      ],
      [
       -84.1861798,
       34.6580921
      ],
      [
       -84.1862362,
       34.6580721
      ],
      [
       -84.1863121,
       34.6579652
      ],
      [
       -84.1863431,
       34.6578442
      ],
      [
       -84.1863977,
       34.6578077
      ],
      [
       -84.1864178,
       34.6577394
      ],
      [
       -84.1864731,
       34.6574592
      ],
      [
       -84.1864645,
       34.6573583
      ],
      [
       -84.1864731,
       34.6572896
      ],
      [
       -84.186499,
       34.6572095
      ],
      [
       -84.186566,
       34.6571782
      ],
      [
       -84.1865563,
       34.6570393
      ],
      [
       -84.1865145,
       34.6569898
      ],
      [
       -84.1865179,
       34.656929
      ],
      [
       -84.1864911,
       34.656834
      ],
      [
       -84.186512,
       34.656797
      ],
      [
       -84.186559,
       34.6567117
      ],
      [
       -84.1867227,
       34.6566264
      ],
      [
       -84.1867655,
       34.6565185
      ],
      [
       -84.1868113,
       34.6564674
      ],
      [
       -84.186866,
       34.6563329
      ],
      [
       -84.1868046,
       34.6560949
      ],
      [
       -84.1868288,
       34.6560471
      ],
      [
       -84.186841,
       34.655978
      ],
      [
       -84.1868989,
       34.655776
      ],
      [
       -84.1869743,
       34.6556932
      ],
      [
       -84.1868948,
       34.6555137
      ],
      [
       -84.1869592,
       34.6553679
      ],
      [
       -84.1868713,
       34.6550675
      ],
      [
       -84.186907,
       34.6548931
      ],
      [
       -84.1868422,
       34.6548807
      ],
      [
       -84.1868529,
       34.6547297
      ],
      [
       -84.186851,
       34.654644
      ],
      [
       -84.186847,
       34.65458
      ],
      [
       -84.1868795,
       34.6544574
      ],
      [
       -84.186843,
       34.654343
      ],
      [
       -84.186846,
       34.654285
      ],
      [
       -84.1868938,
       34.6541872
      ],
      [
       -84.1867125,
       34.6539693
      ],
      [
       -84.1868062,
       34.6538778
      ],
      [
       -84.1867894,
       34.6537608
      ],
      [
       -84.1868713,
       34.653709
      ],
      [
       -84.1868861,
       34.6536141
      ],
      [
       -84.1870527,
       34.6535701
      ],
      [
       -84.1871701,
       34.6535747
      ],
      [
       -84.1872465,
       34.6534749
      ],
      [
       -84.1873404,
       34.6532139
      ],
      [
       -84.1874542,
       34.6530115
      ],
      [
       -84.1875209,
       34.6528617
      ],
      [
       -84.1875079,
       34.6527208
      ],
      [
       -84.187636,
       34.652501
      ],
      [
       -84.1879654,
       34.6520714
      ],
      [
       -84.1880331,
       34.6518907
      ],
      [
       -84.1881092,
       34.6517161
      ],
      [
       -84.1881783,
       34.6516207
      ],
      [
       -84.1882193,
       34.6515726
      ],
      [
       -84.188288,
       34.6514775
      ],
      [
       -84.1883663,
       34.6513962
      ],
      [
       -84.1884185,
       34.651281
      ],
      [
       -84.1884836,
       34.6511895
      ],
      [
       -84.1885205,
       34.6510496
      ],
      [
       -84.1884954,
       34.6509482
      ],
      [
       -84.1884692,
       34.6508226
      ],
      [
       -84.1885864,
       34.6506248
      ],
      [
       -84.1886501,
       34.6502902
      ],
      [
       -84.188685,
       34.6501991
      ],
      [
       -84.1887019,
       34.6500916
      ],
      [
       -84.1886744,
       34.6498845
      ],
      [
       -84.188706,
       34.6496921
      ],
      [
       -84.1887652,
       34.6495549
      ],
      [
       -84.1887705,
       34.6492235
      ],
      [
       -84.1888362,
       34.6491056
      ],
      [
       -84.1889783,
       34.6487457
      ],
      [
       -84.1890693,
       34.6485279
      ],
      [
       -84.1890097,
       34.6483357
      ],
      [
       -84.1889402,
       34.6481005
      ],
      [
       -84.1888359,
       34.6478938
      ],
      [
       -84.1889113,
       34.6478173
      ],
      [
       -84.1890657,
       34.6477727
      ],
      [
       -84.1892873,
       34.6476891
      ],
      [
       -84.1894153,
       34.647707
      ],
      [
       -84.1895072,
       34.6476838
      ],
      [
       -84.1896731,
       34.6477123
      ],
      [
       -84.1897781,
       34.6478091
      ],
      [
       -84.1898747,
       34.6479014
      ],
      [
       -84.1899606,
       34.6479513
      ],
      [
       -84.1900852,
       34.6480192
      ],
      [
       -84.190181,
       34.6481251
      ],
      [
       -84.1902871,
       34.6481492
      ],
      [
       -84.1904257,
       34.6481886
      ],
      [
       -84.1905481,
       34.648196
      ],
      [
       -84.1908182,
       34.6481632
      ],
      [
       -84.1910122,
       34.6482222
      ],
      [
       -84.1912245,
       34.6482265
      ],
      [
       -84.191452,
       34.6482624
      ],
      [
       -84.1915808,
       34.6482556
      ],
      [
       -84.1917917,
       34.6481882
      ],
      [
       -84.19203,
       34.6480881
      ],
      [
       -84.1922477,
       34.6479384
      ],
      [
       -84.1924039,
       34.6477885
      ],
      [
       -84.1925242,
       34.6477128
      ],
      [
       -84.1927219,
       34.6475961
      ],
      [
       -84.1927908,
       34.6475433
      ],
      [
       -84.1928816,
       34.6474617
      ],
      [
       -84.1929989,
       34.6473463
      ],
      [
       -84.1930666,
       34.6471891
      ],
      [
       -84.1931502,
       34.6470399
      ],
      [
       -84.1932382,
       34.6469202
      ],
      [
       -84.1933169,
       34.6468155
      ],
      [
       -84.1933713,
       34.6467016
      ],
      [
       -84.1934071,
       34.6465755
      ],
      [
       -84.1935218,
       34.6464163
      ],
      [
       -84.193569,
       34.6463417
      ],
      [
       -84.1936192,
       34.6462004
      ],
      [
       -84.1935937,
       34.6460438
      ],
      [
       -84.193582,
       34.645871
      ],
      [
       -84.1936222,
       34.6456696
      ],
      [
       -84.1936537,
       34.645481
      ],
      [
       -84.1937346,
       34.6453748
      ],
      [
       -84.1938211,
       34.6453168
      ],
      [
       -84.1939039,
       34.6452108
      ],
      [
       -84.1939756,
       34.6451091
      ],
      [
       -84.1940286,
       34.64495
      ],
      [
       -84.1941073,
       34.6448275
      ],
      [
       -84.1941561,
       34.6446417
      ],
      [
       -84.1942018,
       34.6445112
      ],
      [
       -84.1942721,
       34.6444552
      ],
      [
       -84.1943261,
       34.6444092
      ],
      [
       -84.1943686,
       34.6443509
      ],
      [
       -84.1944104,
       34.6442904
      ],
      [
       -84.1944255,
       34.6441821
      ],
      [
       -84.1944399,
       34.6440795
      ],
      [
       -84.1944959,
       34.6439666
      ],
      [
       -84.1945737,
       34.6438941
      ],
      [
       -84.1946665,
       34.6438568
      ],
      [
       -84.1947642,
       34.6438223
      ],
      [
       -84.1948556,
       34.6437978
      ],
      [
       -84.1949235,
       34.6437571
      ],
      [
       -84.1950249,
       34.6436321
      ],
      [
       -84.1951559,
       34.6435528
      ],
      [
       -84.1954038,
       34.6434623
      ],
      [
       -84.1955007,
       34.6433697
      ],
      [
       -84.1955996,
       34.6433097
      ],
      [
       -84.1957256,
       34.6432681
      ],
      [
       -84.1959951,
       34.6430942
      ],
      [
       -84.1961035,
       34.6429877
      ],
      [
       -84.1961467,
       34.6429283
      ],
      [
       -84.1962192,
       34.6428813
      ],
      [
       -84.1962682,
       34.6428207
      ],
      [
       -84.196304,
       34.642716
      ],
      [
       -84.1963164,
       34.6426153
      ],
      [
       -84.1962274,
       34.6425462
      ],
      [
       -84.1962199,
       34.642499
      ],
      [
       -84.1962265,
       34.642397
      ],
      [
       -84.196239,
       34.6423239
      ],
      [
       -84.1962403,
       34.6422556
      ],
      [
       -84.196273,
       34.642052
      ],
      [
       -84.196281,
       34.642015
      ],
      [
       -84.196297,
       34.641961
      ],
      [
       -84.1963217,
       34.641851
      ],
      [
       -84.1963312,
       34.6416809
      ],
      [
       -84.1962793,
       34.6415019
      ],
      [
       -84.1961631,
       34.6411562
      ],
      [
       -84.1960494,
       34.6410881
      ],
      [
       -84.1959409,
       34.6409551
      ],
      [
       -84.1958787,
       34.6408593
      ],
      [
       -84.1958393,
       34.6407454
      ],
      [
       -84.1958418,
       34.6406102
      ],
      [
       -84.1958974,
       34.6404404
      ],
      [
       -84.1958551,
       34.6402952
      ],
      [
       -84.1958379,
       34.6402557
      ],
      [
       -84.1956922,
       34.6401938
      ],
      [
       -84.1956401,
       34.6401567
      ],
      [
       -84.1955919,
       34.6401116
      ],
      [
       -84.1955576,
       34.6400998
      ],
      [
       -84.1954685,
       34.6401004
      ],
      [
       -84.1953838,
       34.6400985
      ],
      [
       -84.1952889,
       34.6400823
      ],
      [
       -84.1951981,
       34.6400585
      ],
      [
       -84.1951215,
       34.6400555
      ],
      [
       -84.1949515,
       34.640043
      ],
      [
       -84.1948514,
       34.6400381
      ],
      [
       -84.1947216,
       34.6400331
      ],
      [
       -84.194469,
       34.6400109
      ],
      [
       -84.194269,
       34.6400129
      ],
      [
       -84.1941461,
       34.6400008
      ],
      [
       -84.194037,
       34.6399958
      ],
      [
       -84.1939418,
       34.6400037
      ],
      [
       -84.1937691,
       34.6399877
      ],
      [
       -84.1936654,
       34.6399608
      ],
      [
       -84.1935937,
       34.6399577
      ],
      [
       -84.1934295,
       34.6399513
      ],
      [
       -84.1933081,
       34.6398837
      ],
      [
       -84.1931053,
       34.6398239
      ],
      [
       -84.1928828,
       34.6397821
      ],
      [
       -84.1926457,
       34.6397065
      ],
      [
       -84.1925078,
       34.6397005
      ],
      [
       -84.1922519,
       34.6397605
      ]
     ],
     [
      [
       -84.1843362,
       34.6633166
      ],
      [
       -84.1844348,
       34.6632336
      ]
     ],
     [
      [
       -84.1844348,
       34.6632336
      ],
      [
       -84.1844937,
       34.6631893
      ],
      [
       -84.184506,
       34.663164
      ],
      [
       -84.1845143,
       34.663117
      ],
      [
       -84.1844857,
       34.6630527
      ],
      [
       -84.1843774,
       34.6629804
      ],
      [
       -84.184308,
       34.6629236
      ],
      [
       -84.1842862,
       34.662857
      ],
      [
       -84.184291,
       34.6628233
      ],
      [
       -84.1843031,
       34.6627915
      ],
      [
       -84.1843188,
       34.6627562
      ],
      [
       -84.1843657,
       34.6627213
      ],
      [
       -84.1844363,
       34.6626247
      ],
      [
       -84.1844842,
       34.6625863
      ],
      [
       -84.1845263,
       34.6625261
      ],
      [
       -84.1845532,
       34.662483
      ],
      [
       -84.1845744,
       34.6624004
      ],
      [
       -84.1845638,
       34.6623176
      ]
     ],
     [
      [
       -84.1692956,
       34.6678612
      ],
      [
       -84.1693401,
       34.6677683
      ]
     ]
    ]
   }
  },
  {
   "type": "Feature",
   "properties": {
    "name": "Noontootla Creek",
    "label": "Noontootla Creek (waterway, Three Forks confluence area)",
    "category": "waterway",
    "coord_source": "OpenStreetMap contributors, via api.openstreetmap.org/api/0.6/map small-bbox fetch, 2026-09-21 (ODbL) — Overpass API mirrors were unreachable/timed out this session, so trail geometry was pulled from the main OSM API instead. ways named \"Noontootla Creek\"."
   },
   "geometry": {
    "type": "MultiLineString",
    "coordinates": [
     [
      [
       -84.196837,
       34.672587
      ],
      [
       -84.197207,
       34.673575
      ],
      [
       -84.197143,
       34.674124
      ],
      [
       -84.196897,
       34.67473
      ],
      [
       -84.196915,
       34.674991
      ],
      [
       -84.196965,
       34.675128
      ],
      [
       -84.197549,
       34.675579
      ],
      [
       -84.197751,
       34.676018
      ],
      [
       -84.197752,
       34.676252
      ],
      [
       -84.197173,
       34.676858
      ],
      [
       -84.1956874,
       34.6777194
      ],
      [
       -84.195428,
       34.677925
      ],
      [
       -84.195434,
       34.6781
      ],
      [
       -84.195523,
       34.678234
      ],
      [
       -84.195759,
       34.678449
      ],
      [
       -84.196218,
       34.67873
      ],
      [
       -84.197999,
       34.679452
      ],
      [
       -84.1991,
       34.680328
      ],
      [
       -84.199268,
       34.680602
      ],
      [
       -84.199269,
       34.680849
      ],
      [
       -84.1985144,
       34.6815158
      ],
      [
       -84.19821,
       34.681869
      ],
      [
       -84.198129,
       34.68235
      ],
      [
       -84.198435,
       34.683641
      ],
      [
       -84.198287,
       34.683998
      ],
      [
       -84.198022,
       34.684288
      ],
      [
       -84.197716,
       34.684523
      ],
      [
       -84.197343,
       34.684702
      ],
      [
       -84.196141,
       34.685029
      ],
      [
       -84.195883,
       34.685146
      ],
      [
       -84.195768,
       34.685422
      ],
      [
       -84.195868,
       34.685627
      ]
     ],
     [
      [
       -84.195868,
       34.685627
      ],
      [
       -84.196534,
       34.685817
      ],
      [
       -84.196917,
       34.686022
      ],
      [
       -84.198016,
       34.687081
      ]
     ],
     [
      [
       -84.20652,
       34.688259
      ],
      [
       -84.206655,
       34.688424
      ],
      [
       -84.206703,
       34.688509
      ],
      [
       -84.206669,
       34.688632
      ],
      [
       -84.206546,
       34.68868
      ],
      [
       -84.206426,
       34.688677
      ],
      [
       -84.206195,
       34.688655
      ],
      [
       -84.205973,
       34.688675
      ],
      [
       -84.205827,
       34.688829
      ],
      [
       -84.205692,
       34.688951
      ],
      [
       -84.205284,
       34.689116
      ],
      [
       -84.205169,
       34.689254
      ],
      [
       -84.205093,
       34.689435
      ],
      [
       -84.204956,
       34.689607
      ],
      [
       -84.204769,
       34.689781
      ],
      [
       -84.204572,
       34.689968
      ],
      [
       -84.204297,
       34.690069
      ],
      [
       -84.204193,
       34.690158
      ],
      [
       -84.204178,
       34.690308
      ],
      [
       -84.204193,
       34.690466
      ],
      [
       -84.204059,
       34.690554
      ],
      [
       -84.203884,
       34.690666
      ],
      [
       -84.203601,
       34.691025
      ],
      [
       -84.203369,
       34.691328
      ],
      [
       -84.203294,
       34.691459
      ],
      [
       -84.203291,
       34.69155
      ],
      [
       -84.203309,
       34.691625
      ],
      [
       -84.203346,
       34.691717
      ],
      [
       -84.20373,
       34.691959
      ],
      [
       -84.204015,
       34.692157
      ],
      [
       -84.204145,
       34.692193
      ],
      [
       -84.204535,
       34.692243
      ],
      [
       -84.204745,
       34.692298
      ],
      [
       -84.205151,
       34.692486
      ],
      [
       -84.205625,
       34.692738
      ],
      [
       -84.205965,
       34.692812
      ],
      [
       -84.206514,
       34.692924
      ],
      [
       -84.207506,
       34.693055
      ],
      [
       -84.207855,
       34.693146
      ],
      [
       -84.208213,
       34.693271
      ],
      [
       -84.208717,
       34.693523
      ],
      [
       -84.208912,
       34.693723
      ],
      [
       -84.209033,
       34.693991
      ],
      [
       -84.209075,
       34.69425
      ],
      [
       -84.209057,
       34.694482
      ],
      [
       -84.208857,
       34.69476
      ],
      [
       -84.2087,
       34.694923
      ],
      [
       -84.208506,
       34.695018
      ],
      [
       -84.20818,
       34.695143
      ],
      [
       -84.207974,
       34.69528
      ],
      [
       -84.207929,
       34.695412
      ],
      [
       -84.207913,
       34.695607
      ]
     ],
     [
      [
       -84.198016,
       34.687081
      ],
      [
       -84.198737,
       34.687615
      ],
      [
       -84.198983,
       34.687754
      ],
      [
       -84.199343,
       34.687829
      ],
      [
       -84.199905,
       34.687875
      ],
      [
       -84.200628,
       34.687891
      ],
      [
       -84.201315,
       34.687816
      ],
      [
       -84.2017086,
       34.6878072
      ],
      [
       -84.202161,
       34.68779
      ],
      [
       -84.202885,
       34.687781
      ],
      [
       -84.20353,
       34.687746
      ],
      [
       -84.203741,
       34.687768
      ],
      [
       -84.20398,
       34.687823
      ],
      [
       -84.204532,
       34.687852
      ],
      [
       -84.205035,
       34.687868
      ],
      [
       -84.205586,
       34.687931
      ],
      [
       -84.205996,
       34.68799
      ],
      [
       -84.206323,
       34.68813
      ],
      [
       -84.20652,
       34.688259
      ]
     ]
    ]
   }
  },
  {
   "type": "Feature",
   "properties": {
    "name": "Rock Creek Road",
    "label": "Rock Creek Road (dispersed camping corridor, Fannin Co.)",
    "category": "road",
    "coord_source": "OpenStreetMap contributors, via api.openstreetmap.org/api/0.6/map small-bbox fetch, 2026-09-21 (ODbL) — Overpass API mirrors were unreachable/timed out this session, so trail geometry was pulled from the main OSM API instead. ways named \"Rock Creek Road\"."
   },
   "geometry": {
    "type": "MultiLineString",
    "coordinates": [
     [
      [
       -84.1572788,
       34.7143902
      ],
      [
       -84.1572908,
       34.7145162
      ],
      [
       -84.1572734,
       34.7146132
      ],
      [
       -84.1572251,
       34.7147223
      ],
      [
       -84.157162,
       34.7148164
      ]
     ],
     [
      [
       -84.136289,
       34.680391
      ],
      [
       -84.1365755,
       34.6804727
      ],
      [
       -84.1369909,
       34.6805609
      ],
      [
       -84.1374886,
       34.6806587
      ],
      [
       -84.1379901,
       34.680793
      ],
      [
       -84.1384513,
       34.680962
      ],
      [
       -84.1396218,
       34.6815626
      ],
      [
       -84.140041,
       34.6819138
      ],
      [
       -84.1402429,
       34.6821684
      ],
      [
       -84.1403534,
       34.6825423
      ],
      [
       -84.1403082,
       34.6827758
      ],
      [
       -84.1402604,
       34.6832338
      ],
      [
       -84.1403598,
       34.6834785
      ],
      [
       -84.1404339,
       34.683765
      ],
      [
       -84.1404419,
       34.6839396
      ],
      [
       -84.1403409,
       34.6840561
      ],
      [
       -84.1402241,
       34.6841232
      ],
      [
       -84.1401851,
       34.6842262
      ],
      [
       -84.140218,
       34.6843677
      ],
      [
       -84.1402619,
       34.6844385
      ],
      [
       -84.1403347,
       34.6845546
      ],
      [
       -84.1404187,
       34.6846757
      ],
      [
       -84.1404827,
       34.684854
      ],
      [
       -84.1405055,
       34.6849888
      ],
      [
       -84.1404959,
       34.6851072
      ],
      [
       -84.1404736,
       34.6852003
      ],
      [
       -84.1403985,
       34.6853556
      ],
      [
       -84.1403552,
       34.6854623
      ],
      [
       -84.1403552,
       34.6855875
      ],
      [
       -84.140403,
       34.6857224
      ],
      [
       -84.1404599,
       34.6858516
      ],
      [
       -84.1405828,
       34.6860893
      ],
      [
       -84.1406315,
       34.6862316
      ],
      [
       -84.1406648,
       34.6864374
      ],
      [
       -84.1406534,
       34.686662
      ],
      [
       -84.1406342,
       34.6870851
      ],
      [
       -84.1406602,
       34.6872983
      ],
      [
       -84.1407171,
       34.6875098
      ],
      [
       -84.140754,
       34.6879274
      ],
      [
       -84.1407103,
       34.6882004
      ],
      [
       -84.1406405,
       34.6884534
      ],
      [
       -84.140581,
       34.6886208
      ],
      [
       -84.1405555,
       34.6886926
      ],
      [
       -84.1405088,
       34.6889175
      ],
      [
       -84.1405123,
       34.6891193
      ],
      [
       -84.1405237,
       34.6893308
      ],
      [
       -84.1405518,
       34.6897262
      ],
      [
       -84.1405783,
       34.6898623
      ],
      [
       -84.140642,
       34.6899989
      ],
      [
       -84.1407868,
       34.6902675
      ],
      [
       -84.1410772,
       34.6906818
      ],
      [
       -84.1411951,
       34.6909422
      ],
      [
       -84.1412497,
       34.6911012
      ],
      [
       -84.1412429,
       34.6912656
      ],
      [
       -84.1411587,
       34.6915485
      ],
      [
       -84.1410363,
       34.6918431
      ],
      [
       -84.140871,
       34.6920433
      ],
      [
       -84.1408091,
       34.6921245
      ],
      [
       -84.1407149,
       34.692342
      ],
      [
       -84.1406807,
       34.6924393
      ],
      [
       -84.1407092,
       34.6925532
      ],
      [
       -84.1410803,
       34.692902
      ],
      [
       -84.1415535,
       34.6932232
      ],
      [
       -84.1420785,
       34.693627
      ],
      [
       -84.142456,
       34.6936908
      ],
      [
       -84.1426735,
       34.6942089
      ],
      [
       -84.1426791,
       34.6947737
      ],
      [
       -84.1426665,
       34.6952387
      ],
      [
       -84.142491,
       34.6959502
      ],
      [
       -84.1420246,
       34.6964694
      ],
      [
       -84.141749,
       34.696749
      ],
      [
       -84.1411459,
       34.6978832
      ],
      [
       -84.1409972,
       34.6983116
      ],
      [
       -84.1409326,
       34.6984773
      ],
      [
       -84.1409171,
       34.6985236
      ],
      [
       -84.1409124,
       34.6985678
      ],
      [
       -84.140921,
       34.698612
      ],
      [
       -84.1409458,
       34.6986517
      ],
      [
       -84.1410257,
       34.6987142
      ],
      [
       -84.141119,
       34.6987745
      ],
      [
       -84.1413164,
       34.6988906
      ],
      [
       -84.1417567,
       34.6991134
      ],
      [
       -84.1423734,
       34.6993489
      ],
      [
       -84.1425631,
       34.6994136
      ],
      [
       -84.1426109,
       34.699429
      ],
      [
       -84.1426641,
       34.6994432
      ],
      [
       -84.1427482,
       34.6994568
      ],
      [
       -84.142818,
       34.699461
      ],
      [
       -84.1428818,
       34.6994612
      ],
      [
       -84.1429375,
       34.699451
      ],
      [
       -84.1429878,
       34.6994397
      ],
      [
       -84.1430439,
       34.6994224
      ],
      [
       -84.1430947,
       34.6993919
      ],
      [
       -84.1431237,
       34.6993595
      ],
      [
       -84.1431434,
       34.6993238
      ],
      [
       -84.1431881,
       34.6991431
      ],
      [
       -84.1432083,
       34.6991016
      ],
      [
       -84.14324,
       34.699064
      ],
      [
       -84.1433201,
       34.6989881
      ],
      [
       -84.1433428,
       34.6989745
      ],
      [
       -84.1433668,
       34.6989642
      ],
      [
       -84.1433909,
       34.6989583
      ],
      [
       -84.1434177,
       34.6989535
      ],
      [
       -84.143451,
       34.6989517
      ],
      [
       -84.1434817,
       34.6989542
      ],
      [
       -84.1435162,
       34.698968
      ],
      [
       -84.14354,
       34.6989841
      ],
      [
       -84.1436098,
       34.6990482
      ],
      [
       -84.1441617,
       34.6996147
      ],
      [
       -84.1443757,
       34.6997376
      ],
      [
       -84.1444406,
       34.6997684
      ],
      [
       -84.1445136,
       34.6997991
      ],
      [
       -84.1446005,
       34.6998253
      ],
      [
       -84.144675,
       34.6998407
      ],
      [
       -84.1447387,
       34.6998494
      ],
      [
       -84.1448797,
       34.6998602
      ],
      [
       -84.1449417,
       34.6998672
      ],
      [
       -84.1450037,
       34.6998786
      ],
      [
       -84.1450792,
       34.6999021
      ],
      [
       -84.1451386,
       34.6999323
      ],
      [
       -84.145954,
       34.700548
      ],
      [
       -84.1464368,
       34.7008533
      ],
      [
       -84.1466918,
       34.7009589
      ],
      [
       -84.1467965,
       34.7009838
      ],
      [
       -84.146901,
       34.7009908
      ],
      [
       -84.1470257,
       34.700993
      ],
      [
       -84.1471477,
       34.7009864
      ],
      [
       -84.1472616,
       34.7009724
      ],
      [
       -84.1473596,
       34.7009544
      ],
      [
       -84.1474844,
       34.7009412
      ],
      [
       -84.1475796,
       34.7009434
      ],
      [
       -84.147692,
       34.7009503
      ]
     ],
     [
      [
       -84.141594,
       34.7454056
      ],
      [
       -84.1416499,
       34.7453723
      ],
      [
       -84.1417094,
       34.7453551
      ],
      [
       -84.1418623,
       34.7453379
      ],
      [
       -84.1421247,
       34.7453254
      ],
      [
       -84.1426355,
       34.7452985
      ],
      [
       -84.1428201,
       34.7453102
      ],
      [
       -84.1428965,
       34.7453217
      ],
      [
       -84.1429957,
       34.7453421
      ],
      [
       -84.1433458,
       34.745449
      ],
      [
       -84.1435,
       34.7454865
      ],
      [
       -84.1436529,
       34.7455008
      ],
      [
       -84.1437575,
       34.7454876
      ],
      [
       -84.1438554,
       34.7454611
      ],
      [
       -84.1440248,
       34.7453845
      ],
      [
       -84.1444294,
       34.745179
      ],
      [
       -84.1446574,
       34.7450964
      ],
      [
       -84.1447647,
       34.7450744
      ],
      [
       -84.144876,
       34.74506
      ],
      [
       -84.1450977,
       34.7450561
      ],
      [
       -84.1453883,
       34.7450611
      ],
      [
       -84.1455465,
       34.7450545
      ],
      [
       -84.1456914,
       34.7450402
      ],
      [
       -84.1458858,
       34.7450148
      ],
      [
       -84.1460883,
       34.7449741
      ],
      [
       -84.1466221,
       34.744844
      ],
      [
       -84.1476592,
       34.7446043
      ],
      [
       -84.147947,
       34.7445372
      ],
      [
       -84.1480422,
       34.7445163
      ],
      [
       -84.1481454,
       34.7444998
      ],
      [
       -84.148248,
       34.7444929
      ],
      [
       -84.1483909,
       34.7445075
      ],
      [
       -84.1485183,
       34.7445361
      ],
      [
       -84.1486275,
       34.7445723
      ],
      [
       -84.1487261,
       34.7446221
      ],
      [
       -84.1488375,
       34.744686
      ],
      [
       -84.148928,
       34.7447421
      ],
      [
       -84.1493825,
       34.7450693
      ],
      [
       -84.1494865,
       34.7451433
      ],
      [
       -84.1496099,
       34.745216
      ],
      [
       -84.1497353,
       34.7452809
      ],
      [
       -84.1498393,
       34.7453273
      ],
      [
       -84.15008,
       34.7454132
      ],
      [
       -84.1505098,
       34.7455654
      ],
      [
       -84.1509154,
       34.7457019
      ],
      [
       -84.1513272,
       34.7458275
      ],
      [
       -84.151493,
       34.7458871
      ],
      [
       -84.151634,
       34.7459378
      ]
     ],
     [
      [
       -84.1536646,
       34.741848
      ],
      [
       -84.1537325,
       34.7417348
      ],
      [
       -84.1538736,
       34.7414423
      ],
      [
       -84.1540557,
       34.7411045
      ],
      [
       -84.1540637,
       34.7410604
      ],
      [
       -84.154056,
       34.7410191
      ],
      [
       -84.1540329,
       34.7409645
      ],
      [
       -84.153989,
       34.7409113
      ],
      [
       -84.1539192,
       34.7408652
      ],
      [
       -84.1538545,
       34.7408378
      ],
      [
       -84.1537633,
       34.7408168
      ],
      [
       -84.1535878,
       34.7408017
      ],
      [
       -84.1534535,
       34.7407794
      ],
      [
       -84.1533716,
       34.7407501
      ],
      [
       -84.1533355,
       34.7407199
      ],
      [
       -84.153309,
       34.7406765
      ],
      [
       -84.1533007,
       34.7406185
      ],
      [
       -84.1533234,
       34.7405645
      ],
      [
       -84.1534294,
       34.740485
      ],
      [
       -84.1536668,
       34.7402884
      ],
      [
       -84.153931,
       34.7400917
      ],
      [
       -84.1540034,
       34.7400487
      ],
      [
       -84.1540973,
       34.7400134
      ],
      [
       -84.1542059,
       34.739987
      ],
      [
       -84.154336,
       34.7399639
      ],
      [
       -84.1544275,
       34.7399358
      ],
      [
       -84.1545613,
       34.7398779
      ],
      [
       -84.1547171,
       34.73979
      ],
      [
       -84.1549435,
       34.7396674
      ],
      [
       -84.1550401,
       34.7396057
      ],
      [
       -84.155104,
       34.7395447
      ],
      [
       -84.1551541,
       34.7394856
      ],
      [
       -84.1551876,
       34.7394249
      ],
      [
       -84.1552421,
       34.7393033
      ],
      [
       -84.1552748,
       34.739177
      ],
      [
       -84.1552788,
       34.7391142
      ],
      [
       -84.1552679,
       34.739048
      ],
      [
       -84.1552466,
       34.7389268
      ],
      [
       -84.1552413,
       34.7388056
      ],
      [
       -84.155248,
       34.7387384
      ],
      [
       -84.1552748,
       34.7386612
      ],
      [
       -84.1552815,
       34.7385631
      ],
      [
       -84.1552292,
       34.7383383
      ],
      [
       -84.1551573,
       34.7380942
      ],
      [
       -84.1551487,
       34.7380022
      ],
      [
       -84.1551527,
       34.7379096
      ],
      [
       -84.1551822,
       34.7377245
      ],
      [
       -84.1552357,
       34.7373551
      ],
      [
       -84.1552936,
       34.7368593
      ],
      [
       -84.1553234,
       34.7363626
      ],
      [
       -84.1552966,
       34.7358557
      ],
      [
       -84.1552939,
       34.7357455
      ],
      [
       -84.1553019,
       34.7356121
      ],
      [
       -84.1553127,
       34.7354975
      ],
      [
       -84.1553305,
       34.735367
      ],
      [
       -84.1554401,
       34.7350059
      ],
      [
       -84.1555004,
       34.7348285
      ],
      [
       -84.1555179,
       34.7347425
      ],
      [
       -84.1555258,
       34.734653
      ],
      [
       -84.1555286,
       34.7345849
      ],
      [
       -84.1555219,
       34.7345001
      ],
      [
       -84.1555,
       34.7343401
      ],
      [
       -84.155432,
       34.7340956
      ],
      [
       -84.1554076,
       34.7340339
      ],
      [
       -84.155373,
       34.7339766
      ],
      [
       -84.1553288,
       34.733917
      ],
      [
       -84.1552684,
       34.7338608
      ],
      [
       -84.1551598,
       34.7338002
      ],
      [
       -84.1550852,
       34.7337475
      ],
      [
       -84.1550163,
       34.7337154
      ],
      [
       -84.1549439,
       34.7336636
      ],
      [
       -84.1548899,
       34.7336067
      ],
      [
       -84.1547977,
       34.7334729
      ],
      [
       -84.1547507,
       34.733409
      ],
      [
       -84.154712,
       34.7333124
      ],
      [
       -84.1547038,
       34.7332458
      ],
      [
       -84.1547239,
       34.7331775
      ],
      [
       -84.1547695,
       34.733129
      ],
      [
       -84.1548393,
       34.7330811
      ],
      [
       -84.1549103,
       34.7330486
      ],
      [
       -84.1550069,
       34.7330199
      ],
      [
       -84.1550732,
       34.7329763
      ],
      [
       -84.1551249,
       34.7329273
      ],
      [
       -84.1551531,
       34.7328645
      ],
      [
       -84.1551752,
       34.7327886
      ],
      [
       -84.1551826,
       34.7327234
      ],
      [
       -84.1551665,
       34.7326474
      ],
      [
       -84.155133,
       34.7325724
      ],
      [
       -84.1550849,
       34.7325064
      ],
      [
       -84.1550069,
       34.7324501
      ],
      [
       -84.1548473,
       34.7323333
      ],
      [
       -84.1547918,
       34.7322682
      ],
      [
       -84.154744,
       34.7322054
      ],
      [
       -84.1547078,
       34.7321239
      ],
      [
       -84.154685,
       34.7320522
      ],
      [
       -84.1546768,
       34.7319819
      ],
      [
       -84.1546716,
       34.7319089
      ],
      [
       -84.154681,
       34.7318241
      ],
      [
       -84.1547051,
       34.7317282
      ],
      [
       -84.1547172,
       34.7316599
      ],
      [
       -84.1547454,
       34.7315805
      ],
      [
       -84.1547856,
       34.731487
      ],
      [
       -84.1547963,
       34.7314229
      ],
      [
       -84.1547802,
       34.7313557
      ],
      [
       -84.1547279,
       34.7313083
      ],
      [
       -84.154651,
       34.7312727
      ],
      [
       -84.1543037,
       34.7311773
      ],
      [
       -84.1542358,
       34.7311451
      ],
      [
       -84.1541677,
       34.7310924
      ],
      [
       -84.1540952,
       34.7310069
      ],
      [
       -84.1540523,
       34.7309337
      ],
      [
       -84.1540416,
       34.7308687
      ],
      [
       -84.1540564,
       34.7308114
      ],
      [
       -84.1540918,
       34.7307653
      ],
      [
       -84.1541744,
       34.7307221
      ],
      [
       -84.1542991,
       34.7306924
      ],
      [
       -84.1544366,
       34.730679
      ],
      [
       -84.1545325,
       34.7306791
      ],
      [
       -84.1546438,
       34.7306824
      ],
      [
       -84.1548789,
       34.7307104
      ],
      [
       -84.1553063,
       34.7307706
      ],
      [
       -84.1555852,
       34.7307982
      ],
      [
       -84.1557061,
       34.7308084
      ],
      [
       -84.1557857,
       34.730813
      ],
      [
       -84.1558568,
       34.7308031
      ],
      [
       -84.1559332,
       34.7307767
      ],
      [
       -84.1559957,
       34.730738
      ],
      [
       -84.1560499,
       34.7306896
      ],
      [
       -84.1560834,
       34.7306334
      ],
      [
       -84.1561049,
       34.7305805
      ],
      [
       -84.1561256,
       34.7305091
      ],
      [
       -84.1561578,
       34.7302459
      ],
      [
       -84.1561183,
       34.7297054
      ],
      [
       -84.1561049,
       34.7296051
      ],
      [
       -84.1561036,
       34.7294276
      ],
      [
       -84.156129,
       34.7292028
      ],
      [
       -84.1561255,
       34.7291469
      ],
      [
       -84.1561056,
       34.7291058
      ],
      [
       -84.1560727,
       34.7290639
      ],
      [
       -84.1559775,
       34.7289768
      ],
      [
       -84.1558742,
       34.7289085
      ],
      [
       -84.1557509,
       34.7288561
      ],
      [
       -84.1555309,
       34.7287982
      ],
      [
       -84.1553338,
       34.7287542
      ],
      [
       -84.1551393,
       34.7287343
      ],
      [
       -84.1549073,
       34.7287212
      ],
      [
       -84.1545003,
       34.7287029
      ],
      [
       -84.1543018,
       34.7286754
      ],
      [
       -84.1541093,
       34.7286339
      ],
      [
       -84.15348,
       34.7284406
      ],
      [
       -84.1533228,
       34.7283767
      ],
      [
       -84.15319,
       34.7283072
      ],
      [
       -84.1530499,
       34.7282177
      ],
      [
       -84.1526246,
       34.7278685
      ],
      [
       -84.1523035,
       34.7276272
      ],
      [
       -84.1521708,
       34.727528
      ],
      [
       -84.1520441,
       34.7274075
      ],
      [
       -84.1516477,
       34.7268367
      ],
      [
       -84.150792,
       34.7257319
      ],
      [
       -84.150192,
       34.72485
      ],
      [
       -84.1498838,
       34.7244698
      ],
      [
       -84.1495705,
       34.7239725
      ],
      [
       -84.1494578,
       34.7236918
      ],
      [
       -84.1493748,
       34.7234467
      ],
      [
       -84.1492804,
       34.7228109
      ],
      [
       -84.1493659,
       34.7223202
      ],
      [
       -84.1497192,
       34.7216847
      ],
      [
       -84.1501574,
       34.7207055
      ],
      [
       -84.1504804,
       34.7202028
      ],
      [
       -84.1509694,
       34.719619
      ],
      [
       -84.1511683,
       34.7191366
      ],
      [
       -84.1511099,
       34.7172943
      ],
      [
       -84.1511176,
       34.7168798
      ],
      [
       -84.1512035,
       34.7165964
      ],
      [
       -84.1512664,
       34.7165328
      ],
      [
       -84.1513403,
       34.7165005
      ],
      [
       -84.1514382,
       34.7164861
      ],
      [
       -84.151525,
       34.7164993
      ],
      [
       -84.1516005,
       34.7165313
      ],
      [
       -84.1516434,
       34.7165865
      ],
      [
       -84.1516614,
       34.7166536
      ],
      [
       -84.1516716,
       34.7167573
      ],
      [
       -84.1516944,
       34.7168698
      ],
      [
       -84.1517276,
       34.7169536
      ],
      [
       -84.1518927,
       34.7174477
      ],
      [
       -84.151925,
       34.7175444
      ],
      [
       -84.1519733,
       34.7176238
      ],
      [
       -84.1520452,
       34.7177005
      ],
      [
       -84.1521383,
       34.7177417
      ],
      [
       -84.1522321,
       34.7177594
      ],
      [
       -84.152351,
       34.7177684
      ],
      [
       -84.1527285,
       34.7177524
      ],
      [
       -84.1530905,
       34.7177561
      ],
      [
       -84.1532012,
       34.7177847
      ],
      [
       -84.1532956,
       34.7178299
      ],
      [
       -84.1533935,
       34.7178365
      ],
      [
       -84.1534794,
       34.7178057
      ],
      [
       -84.153566,
       34.7177366
      ],
      [
       -84.1538728,
       34.7174239
      ],
      [
       -84.1541629,
       34.7173323
      ],
      [
       -84.1545306,
       34.7174239
      ],
      [
       -84.154823,
       34.7175706
      ],
      [
       -84.1549814,
       34.7176381
      ],
      [
       -84.1551128,
       34.7176657
      ],
      [
       -84.1552048,
       34.7176642
      ],
      [
       -84.1552684,
       34.7176579
      ],
      [
       -84.1553221,
       34.7176425
      ],
      [
       -84.155377,
       34.7176039
      ],
      [
       -84.1554117,
       34.7175436
      ],
      [
       -84.1554213,
       34.7174893
      ],
      [
       -84.1554119,
       34.7174353
      ],
      [
       -84.155377,
       34.7173162
      ],
      [
       -84.1553274,
       34.7171961
      ],
      [
       -84.1552937,
       34.7170927
      ],
      [
       -84.1552335,
       34.7168929
      ],
      [
       -84.1552201,
       34.7168235
      ],
      [
       -84.1552188,
       34.716754
      ],
      [
       -84.1552371,
       34.7166751
      ],
      [
       -84.1553449,
       34.7164652
      ],
      [
       -84.1554532,
       34.7161742
      ],
      [
       -84.1555004,
       34.7160265
      ],
      [
       -84.1555726,
       34.7158822
      ],
      [
       -84.1556694,
       34.7157454
      ],
      [
       -84.1558032,
       34.7156065
      ],
      [
       -84.1558746,
       34.7155524
      ],
      [
       -84.1559483,
       34.7155083
      ],
      [
       -84.1560543,
       34.7154797
      ],
      [
       -84.1561455,
       34.715462
      ],
      [
       -84.1562394,
       34.7154598
      ],
      [
       -84.1563349,
       34.715462
      ],
      [
       -84.156458,
       34.7154609
      ],
      [
       -84.1565486,
       34.7154428
      ],
      [
       -84.1566269,
       34.7154146
      ],
      [
       -84.156686,
       34.715375
      ],
      [
       -84.1567574,
       34.7153109
      ],
      [
       -84.1569756,
       34.7150641
      ],
      [
       -84.157162,
       34.7148164
      ]
     ],
     [
      [
       -84.152241,
       34.7461267
      ],
      [
       -84.1524177,
       34.7461739
      ],
      [
       -84.1525174,
       34.7461935
      ],
      [
       -84.1526155,
       34.7461942
      ],
      [
       -84.1527025,
       34.7461803
      ],
      [
       -84.1527913,
       34.7461466
      ],
      [
       -84.1530056,
       34.7460392
      ],
      [
       -84.1531019,
       34.7460048
      ],
      [
       -84.153184,
       34.7459841
      ],
      [
       -84.1532779,
       34.7459687
      ],
      [
       -84.1535139,
       34.7459467
      ],
      [
       -84.1536306,
       34.7459334
      ],
      [
       -84.1537298,
       34.7459092
      ],
      [
       -84.1538068,
       34.7458773
      ],
      [
       -84.1538693,
       34.7458508
      ],
      [
       -84.1539367,
       34.7458015
      ],
      [
       -84.1539953,
       34.7457329
      ],
      [
       -84.154055,
       34.7456667
      ],
      [
       -84.1541341,
       34.7455715
      ],
      [
       -84.1542247,
       34.7454546
      ],
      [
       -84.1542696,
       34.7453125
      ],
      [
       -84.1542626,
       34.7450556
      ],
      [
       -84.1542951,
       34.7449367
      ],
      [
       -84.1543092,
       34.7448177
      ],
      [
       -84.1542951,
       34.744708
      ],
      [
       -84.1542445,
       34.7445981
      ],
      [
       -84.1538831,
       34.744079
      ],
      [
       -84.153306,
       34.7432848
      ],
      [
       -84.1530548,
       34.7429698
      ],
      [
       -84.1529942,
       34.7428798
      ],
      [
       -84.1529419,
       34.7427795
      ],
      [
       -84.1529372,
       34.7427156
      ],
      [
       -84.1529574,
       34.7426512
      ],
      [
       -84.1530003,
       34.7425758
      ],
      [
       -84.153082,
       34.7424754
      ],
      [
       -84.1531491,
       34.7424026
      ],
      [
       -84.1532323,
       34.7423129
      ],
      [
       -84.1533543,
       34.742201
      ],
      [
       -84.153449,
       34.742091
      ],
      [
       -84.1535635,
       34.7419618
      ],
      [
       -84.1536646,
       34.741848
      ]
     ],
     [
      [
       -84.147692,
       34.7009503
      ],
      [
       -84.1478652,
       34.7009557
      ],
      [
       -84.1481442,
       34.7009787
      ],
      [
       -84.1484434,
       34.7010003
      ],
      [
       -84.1486203,
       34.7010261
      ],
      [
       -84.148769,
       34.7010628
      ],
      [
       -84.1489207,
       34.7011132
      ],
      [
       -84.1490415,
       34.7011624
      ],
      [
       -84.1491648,
       34.7012268
      ],
      [
       -84.1492698,
       34.7012899
      ],
      [
       -84.1500455,
       34.701787
      ],
      [
       -84.1505405,
       34.7026012
      ],
      [
       -84.1506154,
       34.7029376
      ],
      [
       -84.1508094,
       34.7033923
      ],
      [
       -84.1512419,
       34.7041008
      ],
      [
       -84.1512675,
       34.7042641
      ],
      [
       -84.1512265,
       34.7044206
      ],
      [
       -84.1510364,
       34.7046401
      ],
      [
       -84.1506613,
       34.7049592
      ],
      [
       -84.1503014,
       34.7052625
      ],
      [
       -84.1501785,
       34.7053843
      ],
      [
       -84.1500806,
       34.7055115
      ],
      [
       -84.1499586,
       34.7057018
      ],
      [
       -84.1498915,
       34.7057949
      ],
      [
       -84.1498245,
       34.7058694
      ],
      [
       -84.1497427,
       34.7059432
      ],
      [
       -84.1496253,
       34.7060385
      ],
      [
       -84.1495669,
       34.7060859
      ],
      [
       -84.1493732,
       34.7062238
      ],
      [
       -84.1492039,
       34.7063608
      ],
      [
       -84.1490272,
       34.7065281
      ],
      [
       -84.1488844,
       34.7067025
      ],
      [
       -84.1488193,
       34.7067982
      ],
      [
       -84.148781,
       34.7068929
      ],
      [
       -84.148732,
       34.7070829
      ],
      [
       -84.1487268,
       34.7071863
      ],
      [
       -84.1487375,
       34.7072877
      ],
      [
       -84.1487657,
       34.7073858
      ],
      [
       -84.1488118,
       34.707486
      ],
      [
       -84.1488931,
       34.7076218
      ],
      [
       -84.1489803,
       34.7077375
      ],
      [
       -84.1490956,
       34.7078588
      ],
      [
       -84.1491921,
       34.707949
      ],
      [
       -84.149282,
       34.7080628
      ],
      [
       -84.1493182,
       34.7081267
      ],
      [
       -84.1493303,
       34.7081873
      ],
      [
       -84.1493236,
       34.7082502
      ],
      [
       -84.1492995,
       34.7083119
      ],
      [
       -84.1493021,
       34.708367
      ],
      [
       -84.1493269,
       34.7084289
      ],
      [
       -84.1493719,
       34.7084685
      ],
      [
       -84.1494429,
       34.7084971
      ],
      [
       -84.1495033,
       34.7085115
      ],
      [
       -84.1495851,
       34.7085247
      ],
      [
       -84.1496629,
       34.7085379
      ],
      [
       -84.1497568,
       34.708571
      ],
      [
       -84.1498332,
       34.7086206
      ],
      [
       -84.1499408,
       34.7087076
      ],
      [
       -84.1505311,
       34.7091689
      ],
      [
       -84.1505815,
       34.7092292
      ],
      [
       -84.1506084,
       34.7092854
      ],
      [
       -84.1506204,
       34.7093328
      ],
      [
       -84.1506178,
       34.7093879
      ],
      [
       -84.1506003,
       34.709443
      ],
      [
       -84.1505972,
       34.7094964
      ],
      [
       -84.150604,
       34.7095421
      ],
      [
       -84.1506178,
       34.7095753
      ],
      [
       -84.1506396,
       34.7096131
      ],
      [
       -84.1506781,
       34.7096415
      ],
      [
       -84.1507331,
       34.7096679
      ],
      [
       -84.1508153,
       34.7096929
      ],
      [
       -84.1509407,
       34.7097074
      ],
      [
       -84.1511056,
       34.7097339
      ],
      [
       -84.1512041,
       34.7097702
      ],
      [
       -84.1512759,
       34.7098045
      ],
      [
       -84.1513403,
       34.7098486
      ],
      [
       -84.1515093,
       34.7099643
      ],
      [
       -84.1517963,
       34.7101728
      ],
      [
       -84.1520538,
       34.710391
      ],
      [
       -84.1521551,
       34.710452
      ],
      [
       -84.1522496,
       34.7104913
      ],
      [
       -84.1523676,
       34.7105188
      ],
      [
       -84.1524896,
       34.7105343
      ],
      [
       -84.1526317,
       34.7105507
      ],
      [
       -84.1529175,
       34.7105607
      ],
      [
       -84.1531901,
       34.7106386
      ],
      [
       -84.1534539,
       34.7107614
      ],
      [
       -84.1535773,
       34.7108474
      ],
      [
       -84.1536665,
       34.7109323
      ],
      [
       -84.1541098,
       34.7114994
      ],
      [
       -84.1545442,
       34.711984
      ],
      [
       -84.1545965,
       34.7120303
      ],
      [
       -84.1546595,
       34.7120678
      ],
      [
       -84.1547065,
       34.7121174
      ],
      [
       -84.1547574,
       34.7121978
      ],
      [
       -84.1547856,
       34.7122673
      ],
      [
       -84.1548245,
       34.7124062
      ],
      [
       -84.1548587,
       34.712551
      ],
      [
       -84.1549638,
       34.7129736
      ],
      [
       -84.1550029,
       34.7130544
      ],
      [
       -84.1550605,
       34.7131073
      ],
      [
       -84.1551321,
       34.7131488
      ],
      [
       -84.1552268,
       34.7131867
      ],
      [
       -84.1553025,
       34.7132236
      ],
      [
       -84.1554602,
       34.7133058
      ],
      [
       -84.1555996,
       34.7133936
      ],
      [
       -84.1559064,
       34.7136383
      ],
      [
       -84.155993,
       34.7137107
      ],
      [
       -84.1560664,
       34.7137313
      ],
      [
       -84.1561487,
       34.7137311
      ],
      [
       -84.156352,
       34.7137059
      ],
      [
       -84.1564916,
       34.7136989
      ],
      [
       -84.1566444,
       34.7136993
      ],
      [
       -84.1567785,
       34.713717
      ],
      [
       -84.1568825,
       34.7137505
      ],
      [
       -84.1569904,
       34.713803
      ],
      [
       -84.1570776,
       34.713868
      ],
      [
       -84.1571352,
       34.7139551
      ],
      [
       -84.157176,
       34.714056
      ],
      [
       -84.1572425,
       34.7142274
      ],
      [
       -84.1572788,
       34.7143902
      ]
     ]
    ]
   }
  },
  {
   "type": "Feature",
   "properties": {
    "name": "Rock Creek",
    "label": "Rock Creek (waterway)",
    "category": "waterway",
    "coord_source": "OpenStreetMap contributors, via api.openstreetmap.org/api/0.6/map small-bbox fetch, 2026-09-21 (ODbL) — Overpass API mirrors were unreachable/timed out this session, so trail geometry was pulled from the main OSM API instead. ways named \"Rock Creek\"."
   },
   "geometry": {
    "type": "MultiLineString",
    "coordinates": [
     [
      [
       -84.151541,
       34.704625
      ],
      [
       -84.151501,
       34.704818
      ],
      [
       -84.151327,
       34.705175
      ],
      [
       -84.150867,
       34.705852
      ],
      [
       -84.150498,
       34.706229
      ],
      [
       -84.15024,
       34.706349
      ],
      [
       -84.150057,
       34.706353
      ],
      [
       -84.149783,
       34.706346
      ],
      [
       -84.149529,
       34.706349
      ],
      [
       -84.14924,
       34.706493
      ],
      [
       -84.149025,
       34.706832
      ],
      [
       -84.148896,
       34.707194
      ],
      [
       -84.148948,
       34.707455
      ],
      [
       -84.149221,
       34.70778
      ],
      [
       -84.149419,
       34.707944
      ],
      [
       -84.149933,
       34.708333
      ],
      [
       -84.150455,
       34.708832
      ],
      [
       -84.150719,
       34.709132
      ],
      [
       -84.152067,
       34.709956
      ],
      [
       -84.153215,
       34.710537
      ],
      [
       -84.15382,
       34.710945
      ],
      [
       -84.154051,
       34.711043
      ],
      [
       -84.154475,
       34.711405
      ],
      [
       -84.154558,
       34.711642
      ],
      [
       -84.154769,
       34.711869
      ],
      [
       -84.154946,
       34.712032
      ],
      [
       -84.155256,
       34.712484
      ],
      [
       -84.155482,
       34.712699
      ],
      [
       -84.155876,
       34.713061
      ],
      [
       -84.156205,
       34.713236
      ],
      [
       -84.156437,
       34.713275
      ],
      [
       -84.156631,
       34.713246
      ],
      [
       -84.156859,
       34.713117
      ],
      [
       -84.157117,
       34.713006
      ],
      [
       -84.15728,
       34.712976
      ],
      [
       -84.157491,
       34.713048
      ],
      [
       -84.157959,
       34.713172
      ],
      [
       -84.15854,
       34.713429
      ],
      [
       -84.158948,
       34.713665
      ],
      [
       -84.1592,
       34.713721
      ],
      [
       -84.159533,
       34.713788
      ],
      [
       -84.159816,
       34.713844
      ],
      [
       -84.160207,
       34.713971
      ],
      [
       -84.160507,
       34.713982
      ],
      [
       -84.160686,
       34.71407
      ],
      [
       -84.160978,
       34.714153
      ],
      [
       -84.161231,
       34.7142
      ],
      [
       -84.161385,
       34.714154
      ],
      [
       -84.161646,
       34.713925
      ],
      [
       -84.161775,
       34.713735
      ],
      [
       -84.161793,
       34.713492
      ],
      [
       -84.161668,
       34.712994
      ],
      [
       -84.161684,
       34.71281
      ],
      [
       -84.161889,
       34.712463
      ],
      [
       -84.16217,
       34.712285
      ],
      [
       -84.162508,
       34.712184
      ],
      [
       -84.16346,
       34.711988
      ],
      [
       -84.16413,
       34.711831
      ],
      [
       -84.164346,
       34.711752
      ],
      [
       -84.164563,
       34.71164
      ],
      [
       -84.16471,
       34.711518
      ],
      [
       -84.164803,
       34.711453
      ],
      [
       -84.164999,
       34.711373
      ],
      [
       -84.165287,
       34.711263
      ],
      [
       -84.165453,
       34.711183
      ],
      [
       -84.165633,
       34.710969
      ],
      [
       -84.165778,
       34.71088
      ],
      [
       -84.165911,
       34.710841
      ],
      [
       -84.166084,
       34.710837
      ],
      [
       -84.166204,
       34.710881
      ],
      [
       -84.166526,
       34.710985
      ]
     ],
     [
      [
       -84.15105,
       34.703099
      ],
      [
       -84.151064,
       34.703129
      ],
      [
       -84.151331,
       34.703639
      ],
      [
       -84.151454,
       34.703918
      ],
      [
       -84.151539,
       34.704105
      ],
      [
       -84.15155,
       34.704373
      ],
      [
       -84.151541,
       34.704625
      ]
     ],
     [
      [
       -84.150853,
       34.70271
      ],
      [
       -84.15105,
       34.703099
      ]
     ],
     [
      [
       -84.14141,
       34.692572
      ],
      [
       -84.141527,
       34.692832
      ],
      [
       -84.141626,
       34.692885
      ],
      [
       -84.142073,
       34.693189
      ],
      [
       -84.142274,
       34.693252
      ],
      [
       -84.142461,
       34.693407
      ],
      [
       -84.142623,
       34.693428
      ],
      [
       -84.142773,
       34.693499
      ],
      [
       -84.143097,
       34.693817
      ],
      [
       -84.143481,
       34.694178
      ],
      [
       -84.14372,
       34.694301
      ],
      [
       -84.14379,
       34.694344
      ],
      [
       -84.143837,
       34.694438
      ],
      [
       -84.143707,
       34.694988
      ],
      [
       -84.143606,
       34.695254
      ],
      [
       -84.14334,
       34.695609
      ],
      [
       -84.143305,
       34.695734
      ],
      [
       -84.143107,
       34.696199
      ],
      [
       -84.142602,
       34.696699
      ],
      [
       -84.142434,
       34.696993
      ],
      [
       -84.142327,
       34.697175
      ],
      [
       -84.142097,
       34.697362
      ],
      [
       -84.141812,
       34.697674
      ],
      [
       -84.141668,
       34.698031
      ],
      [
       -84.141525,
       34.698338
      ],
      [
       -84.141517,
       34.698581
      ],
      [
       -84.141544,
       34.698666
      ],
      [
       -84.141811,
       34.69889
      ],
      [
       -84.142039,
       34.699038
      ],
      [
       -84.14228,
       34.699128
      ],
      [
       -84.14245,
       34.69919
      ],
      [
       -84.142523,
       34.699133
      ],
      [
       -84.142599,
       34.699001
      ],
      [
       -84.142869,
       34.698831
      ],
      [
       -84.143045,
       34.698718
      ],
      [
       -84.143198,
       34.698713
      ],
      [
       -84.143482,
       34.69872
      ],
      [
       -84.143703,
       34.698784
      ],
      [
       -84.143989,
       34.699034
      ],
      [
       -84.144228,
       34.69919
      ],
      [
       -84.144477,
       34.69933
      ],
      [
       -84.144702,
       34.699407
      ],
      [
       -84.144975,
       34.699464
      ],
      [
       -84.145236,
       34.699554
      ],
      [
       -84.14559,
       34.699897
      ],
      [
       -84.145866,
       34.700139
      ],
      [
       -84.14633,
       34.700502
      ],
      [
       -84.14657,
       34.700633
      ],
      [
       -84.146751,
       34.700663
      ],
      [
       -84.146874,
       34.700649
      ],
      [
       -84.147195,
       34.700472
      ],
      [
       -84.147676,
       34.700349
      ],
      [
       -84.147952,
       34.700313
      ],
      [
       -84.148301,
       34.700334
      ],
      [
       -84.148755,
       34.700445
      ],
      [
       -84.149066,
       34.700545
      ],
      [
       -84.149358,
       34.700619
      ],
      [
       -84.149595,
       34.700809
      ],
      [
       -84.150143,
       34.701409
      ],
      [
       -84.150405,
       34.701767
      ],
      [
       -84.150594,
       34.7022
      ],
      [
       -84.150853,
       34.70271
      ]
     ],
     [
      [
       -84.150961,
       34.720247
      ],
      [
       -84.150713,
       34.720584
      ],
      [
       -84.150614,
       34.720817
      ],
      [
       -84.150545,
       34.72105
      ],
      [
       -84.150078,
       34.721936
      ],
      [
       -84.149909,
       34.72241
      ],
      [
       -84.149672,
       34.722816
      ],
      [
       -84.149612,
       34.723058
      ],
      [
       -84.149702,
       34.723421
      ],
      [
       -84.149759,
       34.723808
      ],
      [
       -84.15003,
       34.7242
      ],
      [
       -84.150197,
       34.72438
      ],
      [
       -84.1504069,
       34.724606
      ],
      [
       -84.150398,
       34.724729
      ],
      [
       -84.150539,
       34.724774
      ],
      [
       -84.15071,
       34.724828
      ],
      [
       -84.150846,
       34.724999
      ],
      [
       -84.151159,
       34.725497
      ],
      [
       -84.151493,
       34.72584
      ],
      [
       -84.151788,
       34.726107
      ],
      [
       -84.151974,
       34.726313
      ],
      [
       -84.152097,
       34.726593
      ],
      [
       -84.15216,
       34.726821
      ],
      [
       -84.152414,
       34.727112
      ],
      [
       -84.1526,
       34.727326
      ],
      [
       -84.152988,
       34.727561
      ],
      [
       -84.153607,
       34.728041
      ],
      [
       -84.154105,
       34.728321
      ],
      [
       -84.154418,
       34.728379
      ],
      [
       -84.154934,
       34.72845
      ],
      [
       -84.155205,
       34.728532
      ],
      [
       -84.156038,
       34.728836
      ],
      [
       -84.1565152,
       34.7289942
      ],
      [
       -84.156825,
       34.729144
      ],
      [
       -84.157068,
       34.729166
      ],
      [
       -84.157353,
       34.729148
      ],
      [
       -84.157535,
       34.729169
      ],
      [
       -84.157724,
       34.729299
      ],
      [
       -84.157813,
       34.729352
      ],
      [
       -84.157861,
       34.729453
      ]
     ],
     [
      [
       -84.166593,
       34.717268
      ],
      [
       -84.166762,
       34.717437
      ],
      [
       -84.166827,
       34.717606
      ],
      [
       -84.16668,
       34.717762
      ],
      [
       -84.166261,
       34.71813
      ],
      [
       -84.166026,
       34.718477
      ],
      [
       -84.16603,
       34.718644
      ],
      [
       -84.166084,
       34.718847
      ],
      [
       -84.166267,
       34.719128
      ],
      [
       -84.166352,
       34.719315
      ],
      [
       -84.166297,
       34.719447
      ],
      [
       -84.16614,
       34.719595
      ],
      [
       -84.165883,
       34.719681
      ],
      [
       -84.165598,
       34.719683
      ],
      [
       -84.165299,
       34.719525
      ],
      [
       -84.164803,
       34.719186
      ],
      [
       -84.164331,
       34.718731
      ],
      [
       -84.164212,
       34.718636
      ],
      [
       -84.163939,
       34.718604
      ],
      [
       -84.162614,
       34.718733
      ],
      [
       -84.16221,
       34.718811
      ],
      [
       -84.161702,
       34.718816
      ],
      [
       -84.16101,
       34.718842
      ],
      [
       -84.160008,
       34.719045
      ],
      [
       -84.159169,
       34.719495
      ],
      [
       -84.158758,
       34.719507
      ],
      [
       -84.158525,
       34.719476
      ],
      [
       -84.158229,
       34.719503
      ],
      [
       -84.157719,
       34.719566
      ],
      [
       -84.157444,
       34.719585
      ],
      [
       -84.15709,
       34.719543
      ],
      [
       -84.156809,
       34.719444
      ],
      [
       -84.156412,
       34.719485
      ],
      [
       -84.156032,
       34.719611
      ],
      [
       -84.155791,
       34.71966
      ],
      [
       -84.155426,
       34.719651
      ],
      [
       -84.155181,
       34.719687
      ],
      [
       -84.154871,
       34.719839
      ],
      [
       -84.154647,
       34.719843
      ],
      [
       -84.153661,
       34.71987
      ],
      [
       -84.153309,
       34.720046
      ],
      [
       -84.152745,
       34.720054
      ],
      [
       -84.15245,
       34.720089
      ],
      [
       -84.152086,
       34.720022
      ],
      [
       -84.151688,
       34.720079
      ],
      [
       -84.15127,
       34.720112
      ],
      [
       -84.150961,
       34.720247
      ]
     ],
     [
      [
       -84.159674,
       34.740455
      ],
      [
       -84.159825,
       34.740437
      ]
     ],
     [
      [
       -84.157861,
       34.729453
      ],
      [
       -84.157155,
       34.730114
      ],
      [
       -84.156984,
       34.730363
      ],
      [
       -84.156866,
       34.730455
      ],
      [
       -84.156754,
       34.730666
      ],
      [
       -84.156693,
       34.730775
      ],
      [
       -84.156312,
       34.730979
      ],
      [
       -84.156135,
       34.731133
      ],
      [
       -84.156103,
       34.731227
      ],
      [
       -84.156147,
       34.731347
      ],
      [
       -84.156247,
       34.731483
      ],
      [
       -84.156237,
       34.731783
      ],
      [
       -84.156272,
       34.732017
      ],
      [
       -84.156418,
       34.732218
      ],
      [
       -84.156663,
       34.73235
      ],
      [
       -84.156975,
       34.732452
      ],
      [
       -84.157162,
       34.732567
      ],
      [
       -84.157328,
       34.732745
      ],
      [
       -84.157488,
       34.732836
      ],
      [
       -84.157763,
       34.732897
      ],
      [
       -84.158133,
       34.733009
      ],
      [
       -84.158311,
       34.733123
      ],
      [
       -84.158545,
       34.733255
      ],
      [
       -84.158754,
       34.7333
      ],
      [
       -84.158974,
       34.733313
      ],
      [
       -84.159365,
       34.733338
      ],
      [
       -84.159769,
       34.733422
      ],
      [
       -84.159977,
       34.733506
      ],
      [
       -84.160134,
       34.733683
      ],
      [
       -84.160341,
       34.733783
      ],
      [
       -84.160482,
       34.733857
      ],
      [
       -84.160555,
       34.733946
      ],
      [
       -84.160548,
       34.734143
      ],
      [
       -84.160444,
       34.734394
      ],
      [
       -84.160105,
       34.734789
      ],
      [
       -84.159807,
       34.735114
      ],
      [
       -84.159604,
       34.73518
      ],
      [
       -84.159277,
       34.735228
      ],
      [
       -84.159049,
       34.735167
      ],
      [
       -84.158708,
       34.735072
      ],
      [
       -84.158546,
       34.735045
      ],
      [
       -84.158307,
       34.735047
      ],
      [
       -84.157917,
       34.73499
      ],
      [
       -84.157689,
       34.734938
      ],
      [
       -84.157374,
       34.734907
      ],
      [
       -84.157004,
       34.734803
      ],
      [
       -84.156678,
       34.734819
      ],
      [
       -84.156437,
       34.734877
      ],
      [
       -84.156221,
       34.73503
      ],
      [
       -84.156048,
       34.735358
      ],
      [
       -84.155821,
       34.735672
      ],
      [
       -84.155737,
       34.735891
      ],
      [
       -84.155762,
       34.736018
      ],
      [
       -84.155881,
       34.736432
      ],
      [
       -84.155878,
       34.736819
      ],
      [
       -84.155698,
       34.737305
      ],
      [
       -84.155578,
       34.737744
      ],
      [
       -84.155496,
       34.738315
      ],
      [
       -84.155504,
       34.738663
      ],
      [
       -84.155644,
       34.739037
      ],
      [
       -84.155889,
       34.73943
      ],
      [
       -84.155956,
       34.739692
      ],
      [
       -84.156193,
       34.740053
      ],
      [
       -84.156311,
       34.74023
      ],
      [
       -84.156397,
       34.740248
      ],
      [
       -84.156521,
       34.740259
      ],
      [
       -84.156654,
       34.74027
      ],
      [
       -84.15673,
       34.740303
      ],
      [
       -84.156864,
       34.740421
      ],
      [
       -84.156993,
       34.740582
      ],
      [
       -84.157158,
       34.740799
      ],
      [
       -84.157287,
       34.74092
      ],
      [
       -84.157362,
       34.740985
      ],
      [
       -84.157611,
       34.740983
      ],
      [
       -84.157744,
       34.740994
      ],
      [
       -84.157986,
       34.740913
      ],
      [
       -84.158172,
       34.740791
      ],
      [
       -84.158443,
       34.740702
      ],
      [
       -84.158635,
       34.740691
      ],
      [
       -84.158925,
       34.740619
      ],
      [
       -84.159254,
       34.740516
      ],
      [
       -84.159466,
       34.740473
      ],
      [
       -84.159674,
       34.740455
      ]
     ]
    ]
   }
  },
  {
   "type": "Feature",
   "properties": {
    "name": "Coosa Backcountry Trail",
    "label": "Coosa Backcountry Trail (Vogel State Park backcountry loop)",
    "category": "trail",
    "coord_source": "OpenStreetMap contributors, via api.openstreetmap.org/api/0.6/map small-bbox fetch, 2026-09-21 (ODbL) — Overpass API mirrors were unreachable/timed out this session, so trail geometry was pulled from the main OSM API instead. ways named \"Coosa Backcountry Trail\" / \"Coosa Backcountry\" / \"Coosa Backcountry / Duncan Ridge Trail\" / \"Bear Hair Gap Trail / Coosa Backcountry Trail\"."
   },
   "geometry": {
    "type": "MultiLineString",
    "coordinates": [
     [
      [
       -83.9606304,
       34.7774069
      ],
      [
       -83.960607,
       34.7774341
      ],
      [
       -83.9605613,
       34.7774775
      ],
      [
       -83.960461,
       34.7775025
      ],
      [
       -83.9603393,
       34.7774747
      ],
      [
       -83.9602984,
       34.7774263
      ],
      [
       -83.9602263,
       34.7773981
      ],
      [
       -83.960147,
       34.7774245
      ],
      [
       -83.9601101,
       34.7774819
      ],
      [
       -83.9599707,
       34.7774968
      ],
      [
       -83.9598929,
       34.7776342
      ],
      [
       -83.959858,
       34.777657
      ],
      [
       -83.9597512,
       34.7776958
      ],
      [
       -83.9596713,
       34.7778624
      ],
      [
       -83.9596043,
       34.7779091
      ],
      [
       -83.9594514,
       34.7779293
      ],
      [
       -83.9593541,
       34.7778917
      ],
      [
       -83.9592567,
       34.777907
      ],
      [
       -83.959014,
       34.7779563
      ],
      [
       -83.9588798,
       34.7780472
      ],
      [
       -83.9588153,
       34.7781451
      ],
      [
       -83.9585496,
       34.7781836
      ],
      [
       -83.9583303,
       34.7782521
      ],
      [
       -83.9582501,
       34.7783269
      ],
      [
       -83.9581046,
       34.778384
      ],
      [
       -83.9579826,
       34.778364
      ],
      [
       -83.9578552,
       34.7783659
      ],
      [
       -83.9577909,
       34.7784632
      ],
      [
       -83.9577856,
       34.7785428
      ],
      [
       -83.9577151,
       34.7785691
      ],
      [
       -83.9576982,
       34.7786527
      ],
      [
       -83.9577434,
       34.7787034
      ],
      [
       -83.9577672,
       34.7787674
      ],
      [
       -83.9575871,
       34.7787211
      ],
      [
       -83.9574269,
       34.778736
      ],
      [
       -83.9572892,
       34.7787768
      ],
      [
       -83.9572732,
       34.778827
      ],
      [
       -83.9573821,
       34.7790244
      ],
      [
       -83.9574526,
       34.7790504
      ],
      [
       -83.9574802,
       34.779094
      ],
      [
       -83.9577809,
       34.779206
      ],
      [
       -83.9578393,
       34.7792697
      ],
      [
       -83.9579942,
       34.7792916
      ],
      [
       -83.958119,
       34.7793089
      ],
      [
       -83.9582281,
       34.7793598
      ],
      [
       -83.9583586,
       34.7794548
      ],
      [
       -83.9584426,
       34.7794465
      ],
      [
       -83.958514,
       34.7794254
      ],
      [
       -83.9586479,
       34.7794536
      ],
      [
       -83.9588583,
       34.7794372
      ],
      [
       -83.9588943,
       34.7794582
      ],
      [
       -83.9588644,
       34.7794958
      ],
      [
       -83.9587725,
       34.7795138
      ],
      [
       -83.9587664,
       34.7795771
      ],
      [
       -83.9586258,
       34.7796765
      ],
      [
       -83.9584652,
       34.7797371
      ],
      [
       -83.9582724,
       34.7798713
      ],
      [
       -83.9582479,
       34.7800319
      ],
      [
       -83.9582015,
       34.7801053
      ],
      [
       -83.9580963,
       34.7801594
      ],
      [
       -83.9578893,
       34.7801739
      ],
      [
       -83.9578024,
       34.7802468
      ],
      [
       -83.9575917,
       34.780333
      ],
      [
       -83.9573934,
       34.780306
      ],
      [
       -83.9573317,
       34.7802771
      ],
      [
       -83.9572594,
       34.7802878
      ],
      [
       -83.9571794,
       34.7802444
      ],
      [
       -83.9570725,
       34.7802143
      ],
      [
       -83.957052,
       34.7802377
      ],
      [
       -83.9570646,
       34.7802802
      ],
      [
       -83.9571059,
       34.7803387
      ],
      [
       -83.957181,
       34.7803862
      ],
      [
       -83.9572163,
       34.7804272
      ],
      [
       -83.9572086,
       34.7804924
      ],
      [
       -83.9572523,
       34.7806009
      ],
      [
       -83.9572806,
       34.7806282
      ],
      [
       -83.9573265,
       34.7806433
      ],
      [
       -83.9573217,
       34.7806954
      ],
      [
       -83.9573042,
       34.7807391
      ],
      [
       -83.95741,
       34.7809722
      ],
      [
       -83.957434,
       34.7811764
      ],
      [
       -83.9575224,
       34.7813344
      ],
      [
       -83.9577112,
       34.7814419
      ],
      [
       -83.9579493,
       34.7816234
      ],
      [
       -83.9581092,
       34.7817519
      ],
      [
       -83.9582613,
       34.7818341
      ],
      [
       -83.9583223,
       34.7818327
      ],
      [
       -83.9585105,
       34.7817765
      ],
      [
       -83.9585994,
       34.7817776
      ],
      [
       -83.9587239,
       34.7817362
      ],
      [
       -83.9587946,
       34.7816772
      ],
      [
       -83.9588302,
       34.7816658
      ],
      [
       -83.9588237,
       34.7817651
      ],
      [
       -83.9588419,
       34.7818398
      ],
      [
       -83.9587248,
       34.7820888
      ],
      [
       -83.9587252,
       34.7822145
      ],
      [
       -83.9585832,
       34.7824382
      ],
      [
       -83.9585002,
       34.7824813
      ],
      [
       -83.9583786,
       34.7825682
      ],
      [
       -83.9582785,
       34.7827037
      ],
      [
       -83.9580783,
       34.7828468
      ],
      [
       -83.9579137,
       34.7830524
      ],
      [
       -83.9574753,
       34.7834024
      ],
      [
       -83.9570215,
       34.7836749
      ],
      [
       -83.956705,
       34.783956
      ],
      [
       -83.956441,
       34.784081
      ],
      [
       -83.9562473,
       34.7841637
      ],
      [
       -83.9560662,
       34.7842216
      ],
      [
       -83.9558989,
       34.784264
      ],
      [
       -83.9557211,
       34.784309
      ],
      [
       -83.9555486,
       34.7843056
      ],
      [
       -83.9554382,
       34.7843702
      ],
      [
       -83.9553654,
       34.7844481
      ],
      [
       -83.9551796,
       34.7845641
      ],
      [
       -83.9550503,
       34.7847219
      ],
      [
       -83.954696,
       34.78496
      ],
      [
       -83.9545352,
       34.7850588
      ],
      [
       -83.954412,
       34.7850826
      ],
      [
       -83.9543694,
       34.7851436
      ],
      [
       -83.954181,
       34.7851455
      ],
      [
       -83.9539831,
       34.7852167
      ],
      [
       -83.9539193,
       34.7852884
      ],
      [
       -83.9538287,
       34.7853073
      ],
      [
       -83.9537521,
       34.7853601
      ],
      [
       -83.9536782,
       34.7854767
      ],
      [
       -83.9536856,
       34.7855316
      ],
      [
       -83.953731,
       34.7855874
      ],
      [
       -83.9537273,
       34.7857168
      ],
      [
       -83.9537406,
       34.7857756
      ],
      [
       -83.9537237,
       34.7858728
      ],
      [
       -83.9536609,
       34.7859298
      ],
      [
       -83.9535734,
       34.7859522
      ],
      [
       -83.9534685,
       34.7859415
      ],
      [
       -83.9533785,
       34.785932
      ],
      [
       -83.9532804,
       34.7858918
      ],
      [
       -83.9529991,
       34.7859131
      ],
      [
       -83.9528435,
       34.7859362
      ],
      [
       -83.9527389,
       34.7859704
      ],
      [
       -83.9525929,
       34.7859719
      ],
      [
       -83.9524442,
       34.7860395
      ],
      [
       -83.9523465,
       34.7860548
      ],
      [
       -83.9522943,
       34.786101
      ],
      [
       -83.9521259,
       34.7861688
      ],
      [
       -83.9520732,
       34.7862321
      ],
      [
       -83.951978,
       34.7863057
      ],
      [
       -83.9518614,
       34.7863408
      ],
      [
       -83.9518108,
       34.7863837
      ],
      [
       -83.9516632,
       34.7863965
      ],
      [
       -83.9515853,
       34.7863775
      ],
      [
       -83.9514807,
       34.7863806
      ],
      [
       -83.9513638,
       34.7863963
      ],
      [
       -83.9513285,
       34.7864232
      ],
      [
       -83.9513116,
       34.7864859
      ],
      [
       -83.9512909,
       34.7864932
      ],
      [
       -83.9512217,
       34.78646
      ],
      [
       -83.9510935,
       34.7864553
      ],
      [
       -83.9509712,
       34.7864945
      ],
      [
       -83.9509117,
       34.7865485
      ],
      [
       -83.9508504,
       34.7865404
      ],
      [
       -83.9507488,
       34.786561
      ],
      [
       -83.9506083,
       34.7865896
      ],
      [
       -83.9504463,
       34.7866359
      ],
      [
       -83.9503866,
       34.7866932
      ],
      [
       -83.9502645,
       34.7867254
      ],
      [
       -83.950172,
       34.7868258
      ],
      [
       -83.9499814,
       34.7869012
      ],
      [
       -83.9498874,
       34.7869814
      ],
      [
       -83.9497916,
       34.7870374
      ],
      [
       -83.9495818,
       34.7870207
      ],
      [
       -83.9495186,
       34.7870369
      ],
      [
       -83.9494531,
       34.7871219
      ],
      [
       -83.9493768,
       34.7872263
      ],
      [
       -83.9491865,
       34.787367
      ],
      [
       -83.9491931,
       34.7874208
      ],
      [
       -83.949216,
       34.7874738
      ],
      [
       -83.949427,
       34.7875822
      ],
      [
       -83.9496894,
       34.787585
      ],
      [
       -83.9499786,
       34.7876099
      ],
      [
       -83.9501654,
       34.7876135
      ],
      [
       -83.9503217,
       34.787571
      ],
      [
       -83.9503669,
       34.7875825
      ],
      [
       -83.9505484,
       34.7875487
      ],
      [
       -83.9505817,
       34.7875212
      ],
      [
       -83.9506613,
       34.7875337
      ],
      [
       -83.950722,
       34.7875235
      ],
      [
       -83.9507317,
       34.7875332
      ],
      [
       -83.9506536,
       34.7876018
      ],
      [
       -83.9505755,
       34.7876507
      ],
      [
       -83.9505508,
       34.7876801
      ],
      [
       -83.9505657,
       34.7877081
      ],
      [
       -83.9506091,
       34.7877391
      ],
      [
       -83.9506681,
       34.7877646
      ],
      [
       -83.9506574,
       34.7878429
      ],
      [
       -83.9504825,
       34.7879617
      ],
      [
       -83.9503076,
       34.7880365
      ],
      [
       -83.9501385,
       34.7880801
      ],
      [
       -83.9500808,
       34.7881548
      ],
      [
       -83.950007,
       34.788181
      ],
      [
       -83.94997,
       34.7882329
      ],
      [
       -83.949859,
       34.7882644
      ],
      [
       -83.9498021,
       34.7882659
      ],
      [
       -83.9497479,
       34.7882871
      ],
      [
       -83.9496634,
       34.788378
      ],
      [
       -83.9495079,
       34.7883587
      ],
      [
       -83.949196,
       34.7883607
      ],
      [
       -83.9487585,
       34.7884454
      ],
      [
       -83.9486256,
       34.7884864
      ],
      [
       -83.9485035,
       34.7884767
      ],
      [
       -83.9484095,
       34.7885233
      ],
      [
       -83.948337,
       34.7885874
      ],
      [
       -83.9481627,
       34.78861
      ],
      [
       -83.9480272,
       34.788681
      ],
      [
       -83.9479055,
       34.7886956
      ],
      [
       -83.9476336,
       34.7886717
      ],
      [
       -83.9475525,
       34.7886589
      ],
      [
       -83.9474579,
       34.7886923
      ],
      [
       -83.9473953,
       34.7886485
      ],
      [
       -83.9473113,
       34.7886487
      ],
      [
       -83.9472796,
       34.7886797
      ],
      [
       -83.9472545,
       34.788724
      ],
      [
       -83.9472205,
       34.7887684
      ],
      [
       -83.9471664,
       34.7888127
      ],
      [
       -83.9471099,
       34.7888027
      ],
      [
       -83.947036,
       34.7888176
      ],
      [
       -83.9469454,
       34.7888646
      ],
      [
       -83.9468656,
       34.7888765
      ],
      [
       -83.9467728,
       34.7889469
      ],
      [
       -83.9466299,
       34.7889976
      ],
      [
       -83.9464601,
       34.7890218
      ],
      [
       -83.9463843,
       34.7890576
      ],
      [
       -83.9463407,
       34.789111
      ],
      [
       -83.9462319,
       34.7891562
      ],
      [
       -83.9460199,
       34.7892224
      ],
      [
       -83.9459582,
       34.7892812
      ],
      [
       -83.9458645,
       34.789335
      ],
      [
       -83.9457302,
       34.7893476
      ],
      [
       -83.9455424,
       34.789424
      ],
      [
       -83.9454279,
       34.7895005
      ],
      [
       -83.9453458,
       34.7896078
      ],
      [
       -83.9452958,
       34.7896446
      ],
      [
       -83.9452397,
       34.7897232
      ],
      [
       -83.9451406,
       34.7898149
      ],
      [
       -83.9450605,
       34.7898531
      ],
      [
       -83.9449986,
       34.7899726
      ],
      [
       -83.9449087,
       34.7900346
      ],
      [
       -83.9448241,
       34.7901318
      ],
      [
       -83.9447179,
       34.7902415
      ],
      [
       -83.9446205,
       34.7902697
      ],
      [
       -83.9445365,
       34.790364
      ],
      [
       -83.9444691,
       34.7904582
      ],
      [
       -83.944289,
       34.79057
      ],
      [
       -83.9442013,
       34.7906577
      ],
      [
       -83.9439981,
       34.7907543
      ],
      [
       -83.9437584,
       34.7909456
      ],
      [
       -83.9435671,
       34.7910775
      ],
      [
       -83.9435185,
       34.791159
      ],
      [
       -83.9435545,
       34.7911911
      ],
      [
       -83.9435945,
       34.7911803
      ],
      [
       -83.9436207,
       34.7911895
      ],
      [
       -83.9436465,
       34.7912476
      ],
      [
       -83.9436497,
       34.7912822
      ],
      [
       -83.943632,
       34.7913317
      ],
      [
       -83.9436368,
       34.7913755
      ],
      [
       -83.9436009,
       34.7914015
      ],
      [
       -83.9435452,
       34.791405
      ],
      [
       -83.9435141,
       34.7913921
      ],
      [
       -83.943461,
       34.7914048
      ],
      [
       -83.9433711,
       34.7914744
      ],
      [
       -83.9431521,
       34.7915269
      ],
      [
       -83.942864,
       34.7914662
      ],
      [
       -83.9427128,
       34.7915111
      ],
      [
       -83.942666,
       34.79149
      ],
      [
       -83.9426332,
       34.7914728
      ],
      [
       -83.9425658,
       34.7914731
      ],
      [
       -83.942528,
       34.7914887
      ],
      [
       -83.9424783,
       34.7914821
      ],
      [
       -83.9424098,
       34.7914975
      ],
      [
       -83.9423507,
       34.7915426
      ],
      [
       -83.9423156,
       34.7916019
      ],
      [
       -83.9423269,
       34.7916665
      ],
      [
       -83.9423178,
       34.7917152
      ],
      [
       -83.9422231,
       34.7917797
      ],
      [
       -83.9421739,
       34.7917825
      ],
      [
       -83.9421099,
       34.7918417
      ],
      [
       -83.942031,
       34.7918712
      ],
      [
       -83.9419762,
       34.7919162
      ],
      [
       -83.9418196,
       34.7919365
      ],
      [
       -83.9416515,
       34.7919896
      ],
      [
       -83.9415155,
       34.7920537
      ],
      [
       -83.9414287,
       34.7920442
      ],
      [
       -83.9413231,
       34.7920987
      ],
      [
       -83.9412157,
       34.7921162
      ],
      [
       -83.9411163,
       34.7921579
      ],
      [
       -83.9410696,
       34.7921963
      ],
      [
       -83.9408598,
       34.7923018
      ],
      [
       -83.9408126,
       34.792367
      ],
      [
       -83.9407989,
       34.7924194
      ],
      [
       -83.9407136,
       34.7924631
      ],
      [
       -83.9405183,
       34.7925288
      ],
      [
       -83.9404872,
       34.7925611
      ],
      [
       -83.940431,
       34.792564
      ],
      [
       -83.9403667,
       34.792528
      ],
      [
       -83.9402837,
       34.7925206
      ],
      [
       -83.9402014,
       34.7925532
      ],
      [
       -83.9401298,
       34.7925923
      ],
      [
       -83.9400909,
       34.7925992
      ],
      [
       -83.9400199,
       34.7925907
      ],
      [
       -83.9399663,
       34.7925978
      ],
      [
       -83.9399355,
       34.7926314
      ],
      [
       -83.9399235,
       34.7926683
      ],
      [
       -83.9398322,
       34.7927258
      ],
      [
       -83.9397598,
       34.7928201
      ],
      [
       -83.9396914,
       34.7928925
      ],
      [
       -83.9396122,
       34.7929121
      ],
      [
       -83.9394989,
       34.7930081
      ],
      [
       -83.939435,
       34.7930148
      ],
      [
       -83.9393228,
       34.7929994
      ],
      [
       -83.9391333,
       34.7930216
      ],
      [
       -83.939044,
       34.7930777
      ],
      [
       -83.9389935,
       34.7930704
      ],
      [
       -83.9388919,
       34.793019
      ],
      [
       -83.9388364,
       34.7930181
      ],
      [
       -83.93873,
       34.7929842
      ],
      [
       -83.9386826,
       34.7929938
      ],
      [
       -83.9386137,
       34.7930254
      ],
      [
       -83.9384971,
       34.7930395
      ],
      [
       -83.9383915,
       34.7931532
      ],
      [
       -83.938281,
       34.793265
      ],
      [
       -83.9381734,
       34.7933287
      ],
      [
       -83.9380203,
       34.7934441
      ],
      [
       -83.937955,
       34.7935087
      ],
      [
       -83.9377159,
       34.7936348
      ],
      [
       -83.9376621,
       34.7937074
      ],
      [
       -83.9376124,
       34.7937161
      ],
      [
       -83.9375661,
       34.7937117
      ],
      [
       -83.9375144,
       34.7937579
      ],
      [
       -83.9374987,
       34.7937246
      ],
      [
       -83.9374666,
       34.7936969
      ],
      [
       -83.9374212,
       34.7936979
      ],
      [
       -83.9373935,
       34.7936809
      ],
      [
       -83.9373819,
       34.7936089
      ],
      [
       -83.9373641,
       34.7935155
      ],
      [
       -83.9373232,
       34.7934609
      ],
      [
       -83.9372575,
       34.7933913
      ],
      [
       -83.9370651,
       34.793196
      ],
      [
       -83.9369627,
       34.793119
      ],
      [
       -83.9367815,
       34.7930387
      ],
      [
       -83.9365873,
       34.7929555
      ],
      [
       -83.9364576,
       34.7927968
      ],
      [
       -83.9363681,
       34.7927218
      ],
      [
       -83.9363341,
       34.7926446
      ],
      [
       -83.9362501,
       34.7925714
      ],
      [
       -83.9361916,
       34.7924992
      ],
      [
       -83.9361721,
       34.7924085
      ],
      [
       -83.9360845,
       34.7923243
      ],
      [
       -83.9360071,
       34.7922877
      ],
      [
       -83.9359711,
       34.7922716
      ],
      [
       -83.9359244,
       34.792272
      ],
      [
       -83.9358934,
       34.7921869
      ],
      [
       -83.935851,
       34.792146
      ],
      [
       -83.9356904,
       34.7921068
      ],
      [
       -83.9355271,
       34.7921073
      ],
      [
       -83.9355033,
       34.7920895
      ],
      [
       -83.9353615,
       34.7920739
      ],
      [
       -83.9353144,
       34.7920767
      ],
      [
       -83.9352753,
       34.7920926
      ],
      [
       -83.9352032,
       34.7920839
      ],
      [
       -83.9351577,
       34.792042
      ],
      [
       -83.9350049,
       34.7920156
      ],
      [
       -83.9349553,
       34.7920376
      ],
      [
       -83.9349031,
       34.7920486
      ],
      [
       -83.9347718,
       34.7920503
      ],
      [
       -83.9347537,
       34.792037
      ],
      [
       -83.9347593,
       34.7920103
      ],
      [
       -83.9347884,
       34.7919626
      ],
      [
       -83.9347862,
       34.7919476
      ],
      [
       -83.9347612,
       34.7919469
      ],
      [
       -83.9347366,
       34.7918871
      ],
      [
       -83.9347758,
       34.7918403
      ],
      [
       -83.9347882,
       34.7917649
      ],
      [
       -83.9348065,
       34.7916431
      ],
      [
       -83.9347767,
       34.7915858
      ],
      [
       -83.9347732,
       34.7914134
      ],
      [
       -83.9347456,
       34.7913615
      ],
      [
       -83.9347157,
       34.7913388
      ],
      [
       -83.9346563,
       34.7913314
      ],
      [
       -83.9345351,
       34.791267
      ],
      [
       -83.9343747,
       34.7912864
      ],
      [
       -83.9342999,
       34.791284
      ],
      [
       -83.9342224,
       34.791242
      ],
      [
       -83.9341464,
       34.7912576
      ],
      [
       -83.9340837,
       34.7912887
      ],
      [
       -83.9339705,
       34.7913145
      ],
      [
       -83.9338569,
       34.7913337
      ],
      [
       -83.9337565,
       34.7913483
      ],
      [
       -83.9337043,
       34.7913739
      ],
      [
       -83.9335798,
       34.7913499
      ],
      [
       -83.933557,
       34.7913261
      ],
      [
       -83.933561,
       34.7912957
      ],
      [
       -83.9335932,
       34.7912337
      ],
      [
       -83.9335611,
       34.7911649
      ],
      [
       -83.9334753,
       34.7910756
      ],
      [
       -83.933406,
       34.7910502
      ],
      [
       -83.9331665,
       34.791056
      ],
      [
       -83.9330506,
       34.7910335
      ],
      [
       -83.9329247,
       34.790974
      ],
      [
       -83.9329343,
       34.7909204
      ],
      [
       -83.9329782,
       34.79083
      ],
      [
       -83.9329774,
       34.7907992
      ],
      [
       -83.932931,
       34.7907859
      ],
      [
       -83.9329243,
       34.7907351
      ],
      [
       -83.9328909,
       34.7906601
      ],
      [
       -83.9328031,
       34.7904863
      ],
      [
       -83.9326918,
       34.7903536
      ],
      [
       -83.9325289,
       34.7902241
      ],
      [
       -83.93242,
       34.7901068
      ],
      [
       -83.9323106,
       34.790077
      ],
      [
       -83.9320028,
       34.7901133
      ],
      [
       -83.9319111,
       34.7900978
      ],
      [
       -83.9318587,
       34.790022
      ],
      [
       -83.9317962,
       34.7899559
      ],
      [
       -83.931782,
       34.7898674
      ],
      [
       -83.9317384,
       34.7897641
      ],
      [
       -83.9316487,
       34.789685
      ],
      [
       -83.9315696,
       34.7895638
      ],
      [
       -83.9314477,
       34.7894823
      ],
      [
       -83.9314236,
       34.7894341
      ],
      [
       -83.9313191,
       34.7893969
      ],
      [
       -83.9312065,
       34.7893842
      ],
      [
       -83.9311163,
       34.7894185
      ],
      [
       -83.9309018,
       34.7894387
      ],
      [
       -83.9308283,
       34.7894319
      ],
      [
       -83.9307525,
       34.7893789
      ],
      [
       -83.9306982,
       34.789306
      ],
      [
       -83.930633,
       34.789276
      ],
      [
       -83.9304346,
       34.7893236
      ],
      [
       -83.9303037,
       34.7893647
      ],
      [
       -83.9300962,
       34.7894369
      ],
      [
       -83.9299343,
       34.7895416
      ],
      [
       -83.9298639,
       34.7895906
      ],
      [
       -83.9298015,
       34.7896725
      ],
      [
       -83.9297678,
       34.7896823
      ],
      [
       -83.9296863,
       34.7896418
      ],
      [
       -83.9295989,
       34.789534
      ],
      [
       -83.9294359,
       34.7894187
      ],
      [
       -83.9293855,
       34.7893714
      ],
      [
       -83.9292438,
       34.7892887
      ],
      [
       -83.9291832,
       34.7892689
      ],
      [
       -83.9291067,
       34.7892983
      ],
      [
       -83.9289632,
       34.7893079
      ],
      [
       -83.9288087,
       34.7892899
      ],
      [
       -83.9286296,
       34.7891733
      ],
      [
       -83.9284874,
       34.7891142
      ],
      [
       -83.9284121,
       34.7891367
      ],
      [
       -83.9284119,
       34.7891948
      ],
      [
       -83.9284603,
       34.789266
      ],
      [
       -83.9284792,
       34.7893393
      ],
      [
       -83.9284496,
       34.7894385
      ],
      [
       -83.9283877,
       34.78954
      ],
      [
       -83.9283352,
       34.7896478
      ],
      [
       -83.9283418,
       34.789791
      ],
      [
       -83.9283027,
       34.7898513
      ],
      [
       -83.9282863,
       34.7898834
      ],
      [
       -83.9282298,
       34.7898678
      ],
      [
       -83.928207,
       34.7898203
      ],
      [
       -83.9282143,
       34.7897371
      ],
      [
       -83.9281563,
       34.789548
      ],
      [
       -83.9280768,
       34.789491
      ],
      [
       -83.9279564,
       34.7892893
      ],
      [
       -83.9279352,
       34.7891537
      ],
      [
       -83.927829,
       34.7889692
      ],
      [
       -83.9277811,
       34.7887265
      ],
      [
       -83.9278233,
       34.7886504
      ],
      [
       -83.927814,
       34.7886002
      ],
      [
       -83.9277404,
       34.7885874
      ],
      [
       -83.9276256,
       34.788562
      ],
      [
       -83.9275199,
       34.7886
      ],
      [
       -83.927451,
       34.7886058
      ],
      [
       -83.9273714,
       34.7885896
      ],
      [
       -83.9272595,
       34.7884998
      ],
      [
       -83.9271202,
       34.7884067
      ],
      [
       -83.9269117,
       34.7882966
      ],
      [
       -83.9268256,
       34.7882024
      ],
      [
       -83.9267287,
       34.7881434
      ],
      [
       -83.9265916,
       34.7881005
      ],
      [
       -83.9264914,
       34.788095
      ],
      [
       -83.9264422,
       34.7881335
      ],
      [
       -83.9264134,
       34.7881709
      ],
      [
       -83.9263237,
       34.7881003
      ],
      [
       -83.9262677,
       34.7880869
      ],
      [
       -83.9262254,
       34.7880424
      ],
      [
       -83.9262248,
       34.7879794
      ],
      [
       -83.9262087,
       34.787916
      ],
      [
       -83.9261618,
       34.7878455
      ],
      [
       -83.9261457,
       34.7876975
      ],
      [
       -83.9261482,
       34.7875455
      ],
      [
       -83.926096,
       34.7873647
      ],
      [
       -83.9260264,
       34.7872492
      ],
      [
       -83.9258797,
       34.7871486
      ],
      [
       -83.9258403,
       34.7871009
      ],
      [
       -83.9258144,
       34.7869805
      ],
      [
       -83.9258153,
       34.7868731
      ],
      [
       -83.9255159,
       34.7866512
      ],
      [
       -83.9254495,
       34.786644
      ],
      [
       -83.9254053,
       34.7865892
      ],
      [
       -83.9253557,
       34.786574
      ],
      [
       -83.9252591,
       34.7865855
      ],
      [
       -83.925184,
       34.7865953
      ],
      [
       -83.925125,
       34.7865797
      ],
      [
       -83.9250392,
       34.7865441
      ],
      [
       -83.9249694,
       34.7865477
      ],
      [
       -83.9249211,
       34.7865065
      ],
      [
       -83.9248559,
       34.7864099
      ],
      [
       -83.9248416,
       34.7862544
      ],
      [
       -83.9248797,
       34.7861546
      ],
      [
       -83.9248898,
       34.7860625
      ],
      [
       -83.9248542,
       34.7860254
      ],
      [
       -83.9247231,
       34.7859632
      ],
      [
       -83.9246682,
       34.7859122
      ],
      [
       -83.924651,
       34.785837
      ],
      [
       -83.9245735,
       34.785748
      ],
      [
       -83.9245283,
       34.7856591
      ],
      [
       -83.9244723,
       34.7856185
      ],
      [
       -83.9244027,
       34.7855157
      ],
      [
       -83.9244405,
       34.785448
      ],
      [
       -83.9245037,
       34.7852519
      ],
      [
       -83.9244911,
       34.7851505
      ],
      [
       -83.9243936,
       34.7848994
      ],
      [
       -83.9243766,
       34.784798
      ],
      [
       -83.9243383,
       34.7846232
      ],
      [
       -83.924215,
       34.7844783
      ],
      [
       -83.9241185,
       34.7844003
      ],
      [
       -83.9240863,
       34.7842783
      ],
      [
       -83.9239996,
       34.7841752
      ],
      [
       -83.9239875,
       34.7841022
      ],
      [
       -83.9239345,
       34.7840205
      ],
      [
       -83.9239391,
       34.7839433
      ],
      [
       -83.9239701,
       34.7838984
      ],
      [
       -83.9240542,
       34.7838282
      ],
      [
       -83.9241785,
       34.7837603
      ],
      [
       -83.9243574,
       34.7836156
      ],
      [
       -83.9244937,
       34.7835308
      ],
      [
       -83.9245985,
       34.7834659
      ],
      [
       -83.9246415,
       34.7834054
      ],
      [
       -83.9247162,
       34.7833134
      ],
      [
       -83.9247615,
       34.7832346
      ],
      [
       -83.9247728,
       34.7831679
      ],
      [
       -83.9247949,
       34.7831233
      ],
      [
       -83.9248732,
       34.7830162
      ],
      [
       -83.9249563,
       34.7829933
      ],
      [
       -83.9250717,
       34.7829219
      ],
      [
       -83.9251744,
       34.7828013
      ],
      [
       -83.9252512,
       34.7827013
      ],
      [
       -83.9252851,
       34.7826101
      ],
      [
       -83.9252865,
       34.7824886
      ],
      [
       -83.9253722,
       34.7822592
      ],
      [
       -83.9253624,
       34.781878
      ],
      [
       -83.9254038,
       34.781781
      ],
      [
       -83.9253748,
       34.7816907
      ],
      [
       -83.9253861,
       34.7816003
      ],
      [
       -83.9253567,
       34.7815629
      ],
      [
       -83.9253353,
       34.7814968
      ],
      [
       -83.9253662,
       34.7813779
      ],
      [
       -83.9252508,
       34.7812112
      ],
      [
       -83.9252553,
       34.7811336
      ],
      [
       -83.9251859,
       34.7809999
      ],
      [
       -83.9251894,
       34.780957
      ],
      [
       -83.9251581,
       34.7808919
      ],
      [
       -83.9251516,
       34.7808068
      ],
      [
       -83.9251975,
       34.7807606
      ],
      [
       -83.9253036,
       34.7807122
      ],
      [
       -83.925407,
       34.7806925
      ],
      [
       -83.9254733,
       34.7806443
      ],
      [
       -83.9254943,
       34.7806121
      ],
      [
       -83.9257132,
       34.7806351
      ],
      [
       -83.9257523,
       34.7806206
      ],
      [
       -83.9258317,
       34.7806311
      ],
      [
       -83.9258976,
       34.7806671
      ],
      [
       -83.92609,
       34.7807521
      ],
      [
       -83.9262117,
       34.780874
      ],
      [
       -83.926261,
       34.7808923
      ],
      [
       -83.9262723,
       34.7809567
      ],
      [
       -83.9262649,
       34.7810255
      ],
      [
       -83.9262903,
       34.78107
      ],
      [
       -83.9263372,
       34.7811058
      ],
      [
       -83.926368,
       34.781163
      ],
      [
       -83.9264765,
       34.781262
      ],
      [
       -83.9265326,
       34.7812886
      ],
      [
       -83.9265887,
       34.781335
      ],
      [
       -83.9267091,
       34.7815184
      ],
      [
       -83.9267407,
       34.781594
      ],
      [
       -83.9268394,
       34.7817114
      ],
      [
       -83.9269272,
       34.7817891
      ],
      [
       -83.9270111,
       34.7818183
      ],
      [
       -83.9270921,
       34.7818062
      ],
      [
       -83.9271735,
       34.7817442
      ],
      [
       -83.927234,
       34.7816947
      ],
      [
       -83.9272984,
       34.7816297
      ],
      [
       -83.9273505,
       34.7814976
      ],
      [
       -83.9274072,
       34.7813949
      ],
      [
       -83.9274408,
       34.7812969
      ],
      [
       -83.9274475,
       34.781175
      ],
      [
       -83.9274677,
       34.7810861
      ],
      [
       -83.9275957,
       34.7809023
      ],
      [
       -83.9276057,
       34.780811
      ],
      [
       -83.9277121,
       34.7806895
      ],
      [
       -83.9278471,
       34.7805833
      ],
      [
       -83.9279066,
       34.7805339
      ],
      [
       -83.9279795,
       34.7805042
      ],
      [
       -83.928156,
       34.7804928
      ],
      [
       -83.9281933,
       34.7804827
      ],
      [
       -83.9282333,
       34.780499
      ],
      [
       -83.9283583,
       34.7805159
      ],
      [
       -83.9285177,
       34.7806239
      ],
      [
       -83.9285725,
       34.7806349
      ],
      [
       -83.9286661,
       34.7806314
      ],
      [
       -83.9287248,
       34.7806104
      ],
      [
       -83.9288338,
       34.7805726
      ],
      [
       -83.9289429,
       34.7805085
      ],
      [
       -83.9292039,
       34.7804919
      ],
      [
       -83.9293024,
       34.7805203
      ],
      [
       -83.9293942,
       34.7805817
      ],
      [
       -83.9294817,
       34.7807401
      ],
      [
       -83.929486,
       34.7807724
      ],
      [
       -83.929536,
       34.7808597
      ],
      [
       -83.9296224,
       34.7809463
      ],
      [
       -83.9297135,
       34.7809904
      ],
      [
       -83.9298099,
       34.781006
      ],
      [
       -83.9299994,
       34.7809804
      ],
      [
       -83.9301559,
       34.7809273
      ],
      [
       -83.9302346,
       34.7809138
      ],
      [
       -83.9304026,
       34.7809138
      ],
      [
       -83.9305785,
       34.7808778
      ],
      [
       -83.9307303,
       34.7808088
      ],
      [
       -83.9308346,
       34.7808006
      ],
      [
       -83.9309498,
       34.7808067
      ],
      [
       -83.9310167,
       34.7808261
      ],
      [
       -83.9311291,
       34.7808235
      ],
      [
       -83.9311797,
       34.780794
      ],
      [
       -83.9312557,
       34.7806687
      ],
      [
       -83.9313682,
       34.7805226
      ],
      [
       -83.9314342,
       34.7803854
      ],
      [
       -83.9315288,
       34.7801757
      ],
      [
       -83.9315562,
       34.780032
      ],
      [
       -83.9315431,
       34.7799569
      ],
      [
       -83.9315405,
       34.779927
      ],
      [
       -83.9315648,
       34.7799104
      ],
      [
       -83.931645,
       34.7798945
      ],
      [
       -83.9317658,
       34.7798777
      ],
      [
       -83.9318789,
       34.7798378
      ],
      [
       -83.9319518,
       34.7797691
      ],
      [
       -83.9320299,
       34.7796131
      ],
      [
       -83.9320812,
       34.7795078
      ],
      [
       -83.932145,
       34.7793356
      ],
      [
       -83.9321975,
       34.7792799
      ],
      [
       -83.932238,
       34.7792609
      ],
      [
       -83.932327,
       34.7790997
      ],
      [
       -83.9323511,
       34.7789859
      ],
      [
       -83.932402,
       34.7789492
      ],
      [
       -83.9324769,
       34.7789287
      ],
      [
       -83.9325331,
       34.7789284
      ],
      [
       -83.9327421,
       34.7788664
      ],
      [
       -83.9328435,
       34.7787923
      ],
      [
       -83.9329657,
       34.7787006
      ],
      [
       -83.9330202,
       34.7786575
      ],
      [
       -83.9330764,
       34.7786404
      ],
      [
       -83.9331433,
       34.778641
      ],
      [
       -83.9332334,
       34.7786694
      ],
      [
       -83.9332617,
       34.7786857
      ],
      [
       -83.9332873,
       34.7787373
      ],
      [
       -83.9334238,
       34.778793
      ],
      [
       -83.9335709,
       34.7788068
      ],
      [
       -83.9336882,
       34.7787859
      ],
      [
       -83.9337489,
       34.7787687
      ],
      [
       -83.9339007,
       34.7787895
      ],
      [
       -83.9339881,
       34.7788236
      ],
      [
       -83.9340318,
       34.7788684
      ],
      [
       -83.9342431,
       34.7789827
      ],
      [
       -83.9343116,
       34.7790525
      ],
      [
       -83.9345142,
       34.77915
      ],
      [
       -83.9345801,
       34.7791592
      ],
      [
       -83.9346821,
       34.7792024
      ],
      [
       -83.9348042,
       34.7792262
      ],
      [
       -83.9349162,
       34.7792216
      ],
      [
       -83.9350013,
       34.7792412
      ],
      [
       -83.935149,
       34.7793286
      ],
      [
       -83.9352003,
       34.779389
      ],
      [
       -83.9353075,
       34.7794509
      ],
      [
       -83.9354234,
       34.7794799
      ],
      [
       -83.9354943,
       34.7794737
      ],
      [
       -83.9355766,
       34.7794387
      ],
      [
       -83.9356348,
       34.7794279
      ],
      [
       -83.935688,
       34.7793935
      ],
      [
       -83.9357328,
       34.7793605
      ],
      [
       -83.9357938,
       34.7793408
      ],
      [
       -83.9358405,
       34.7792946
      ],
      [
       -83.9359036,
       34.7792655
      ],
      [
       -83.9359372,
       34.779232
      ],
      [
       -83.9359991,
       34.7791153
      ],
      [
       -83.9360448,
       34.7789568
      ],
      [
       -83.9361,
       34.7789045
      ],
      [
       -83.9361347,
       34.7788326
      ],
      [
       -83.9361935,
       34.7787894
      ],
      [
       -83.9362843,
       34.7787756
      ],
      [
       -83.9363505,
       34.7787681
      ],
      [
       -83.9364059,
       34.778787
      ],
      [
       -83.9366157,
       34.7788364
      ],
      [
       -83.9366942,
       34.7788286
      ],
      [
       -83.9367733,
       34.7787943
      ],
      [
       -83.9368688,
       34.7787589
      ],
      [
       -83.9369395,
       34.7786801
      ],
      [
       -83.9369808,
       34.7785903
      ],
      [
       -83.9369774,
       34.7785165
      ],
      [
       -83.9369491,
       34.7784551
      ],
      [
       -83.9369552,
       34.7783815
      ],
      [
       -83.9370118,
       34.7783225
      ],
      [
       -83.9371032,
       34.778279
      ],
      [
       -83.937152,
       34.7782756
      ],
      [
       -83.9372896,
       34.7782907
      ],
      [
       -83.9373952,
       34.7782639
      ],
      [
       -83.937456,
       34.7782104
      ],
      [
       -83.9375111,
       34.7781072
      ],
      [
       -83.9375465,
       34.778006
      ],
      [
       -83.9375549,
       34.7777483
      ],
      [
       -83.9376196,
       34.7776382
      ],
      [
       -83.9376182,
       34.777532
      ],
      [
       -83.9376203,
       34.7772698
      ],
      [
       -83.937593,
       34.7771971
      ],
      [
       -83.9375441,
       34.7771045
      ],
      [
       -83.9374667,
       34.7770322
      ],
      [
       -83.9373975,
       34.7770061
      ],
      [
       -83.9373738,
       34.7769768
      ],
      [
       -83.9373794,
       34.7769335
      ],
      [
       -83.9374386,
       34.7768483
      ],
      [
       -83.9375007,
       34.7767763
      ],
      [
       -83.9376687,
       34.7766601
      ],
      [
       -83.9376984,
       34.7766156
      ],
      [
       -83.9377093,
       34.7765535
      ],
      [
       -83.9376945,
       34.7764868
      ],
      [
       -83.9376662,
       34.7764267
      ],
      [
       -83.9375928,
       34.7763436
      ],
      [
       -83.9375221,
       34.7763223
      ],
      [
       -83.9374278,
       34.7762805
      ],
      [
       -83.937386,
       34.7762408
      ],
      [
       -83.9373872,
       34.7762166
      ],
      [
       -83.9374082,
       34.7762002
      ],
      [
       -83.9374132,
       34.7761793
      ],
      [
       -83.9374034,
       34.7760913
      ],
      [
       -83.937384,
       34.7760476
      ],
      [
       -83.9373386,
       34.7760074
      ],
      [
       -83.9373226,
       34.7759618
      ],
      [
       -83.9372318,
       34.7758737
      ],
      [
       -83.9371961,
       34.7757771
      ],
      [
       -83.9372914,
       34.7756377
      ],
      [
       -83.9373715,
       34.7755881
      ],
      [
       -83.937449,
       34.7755252
      ],
      [
       -83.9374671,
       34.7754722
      ],
      [
       -83.9374712,
       34.7754081
      ],
      [
       -83.9374392,
       34.7753548
      ],
      [
       -83.9373885,
       34.7753165
      ],
      [
       -83.9373391,
       34.7751995
      ],
      [
       -83.937338,
       34.775164
      ],
      [
       -83.93736,
       34.7751332
      ],
      [
       -83.9373779,
       34.7750472
      ],
      [
       -83.9373629,
       34.7749899
      ],
      [
       -83.9373169,
       34.7749509
      ],
      [
       -83.9372834,
       34.7748514
      ],
      [
       -83.93728,
       34.7747675
      ],
      [
       -83.9373008,
       34.7747035
      ],
      [
       -83.9373443,
       34.7746379
      ],
      [
       -83.9374146,
       34.7745834
      ],
      [
       -83.9374802,
       34.774514
      ],
      [
       -83.9375856,
       34.7743667
      ],
      [
       -83.9376337,
       34.7741935
      ],
      [
       -83.9376129,
       34.7740703
      ],
      [
       -83.9376054,
       34.7740341
      ],
      [
       -83.9376107,
       34.7740092
      ],
      [
       -83.9376401,
       34.7739739
      ],
      [
       -83.9376439,
       34.7739152
      ],
      [
       -83.9376552,
       34.7738737
      ],
      [
       -83.9376745,
       34.7738553
      ],
      [
       -83.9377153,
       34.7738492
      ],
      [
       -83.9378607,
       34.7738784
      ],
      [
       -83.9380067,
       34.7738729
      ],
      [
       -83.9380975,
       34.7738464
      ],
      [
       -83.9381772,
       34.7738463
      ],
      [
       -83.9382668,
       34.7738356
      ],
      [
       -83.9383643,
       34.7737952
      ],
      [
       -83.9385226,
       34.7735998
      ],
      [
       -83.9385561,
       34.7735817
      ],
      [
       -83.9386161,
       34.7735717
      ],
      [
       -83.9386534,
       34.7735517
      ],
      [
       -83.9388719,
       34.7734342
      ],
      [
       -83.9389665,
       34.7733315
      ],
      [
       -83.939009,
       34.7731423
      ],
      [
       -83.939045,
       34.7730116
      ],
      [
       -83.939148,
       34.7729096
      ],
      [
       -83.9394399,
       34.7727892
      ],
      [
       -83.9395225,
       34.772729
      ],
      [
       -83.9395809,
       34.7726447
      ],
      [
       -83.9396204,
       34.7725204
      ],
      [
       -83.9396331,
       34.772385
      ],
      [
       -83.9396188,
       34.7722598
      ],
      [
       -83.9396421,
       34.7722205
      ],
      [
       -83.9397469,
       34.7721777
      ],
      [
       -83.9398474,
       34.7721283
      ],
      [
       -83.940085,
       34.7720692
      ],
      [
       -83.9401939,
       34.7720647
      ],
      [
       -83.9402787,
       34.7720889
      ],
      [
       -83.940412,
       34.7720685
      ],
      [
       -83.9405506,
       34.7720084
      ],
      [
       -83.9406053,
       34.7719478
      ],
      [
       -83.9406995,
       34.7719222
      ],
      [
       -83.9407781,
       34.7718563
      ],
      [
       -83.9408389,
       34.7717598
      ],
      [
       -83.9408412,
       34.7716752
      ],
      [
       -83.9408303,
       34.7715668
      ],
      [
       -83.9407871,
       34.7714848
      ],
      [
       -83.9407291,
       34.771436
      ],
      [
       -83.9406965,
       34.7713869
      ],
      [
       -83.9406089,
       34.7712275
      ],
      [
       -83.9405998,
       34.7711056
      ],
      [
       -83.9406357,
       34.7709411
      ],
      [
       -83.9407233,
       34.7707705
      ],
      [
       -83.9408403,
       34.7706649
      ],
      [
       -83.9408706,
       34.7706056
      ],
      [
       -83.9409508,
       34.7705325
      ],
      [
       -83.9409907,
       34.7704538
      ],
      [
       -83.9410305,
       34.7703005
      ],
      [
       -83.9410139,
       34.770214
      ],
      [
       -83.9409104,
       34.7700185
      ],
      [
       -83.9407347,
       34.769873
      ],
      [
       -83.9406744,
       34.7697781
      ],
      [
       -83.9406495,
       34.7696887
      ],
      [
       -83.9406608,
       34.769573
      ],
      [
       -83.9406565,
       34.7695221
      ],
      [
       -83.9405996,
       34.7694401
      ],
      [
       -83.9404882,
       34.7693531
      ],
      [
       -83.9404626,
       34.7693167
      ],
      [
       -83.9404337,
       34.7692394
      ],
      [
       -83.9403216,
       34.7691452
      ],
      [
       -83.9402962,
       34.7691087
      ],
      [
       -83.9403346,
       34.768995
      ],
      [
       -83.9402921,
       34.768848
      ],
      [
       -83.9402057,
       34.7687312
      ],
      [
       -83.9401022,
       34.7686125
      ],
      [
       -83.9399204,
       34.7684457
      ],
      [
       -83.9398674,
       34.768391
      ],
      [
       -83.9398607,
       34.7683104
      ],
      [
       -83.9397774,
       34.7681867
      ],
      [
       -83.9397706,
       34.7681632
      ],
      [
       -83.939735,
       34.7681383
      ],
      [
       -83.9395402,
       34.7680785
      ],
      [
       -83.9395251,
       34.7680605
      ],
      [
       -83.9395234,
       34.7679982
      ],
      [
       -83.9395003,
       34.7679556
      ],
      [
       -83.9394488,
       34.7679157
      ],
      [
       -83.9394114,
       34.7678976
      ],
      [
       -83.9394036,
       34.7678828
      ],
      [
       -83.9393771,
       34.7678739
      ],
      [
       -83.9392285,
       34.7678496
      ],
      [
       -83.9391844,
       34.7678438
      ],
      [
       -83.9390919,
       34.7678137
      ],
      [
       -83.9390653,
       34.7678132
      ],
      [
       -83.9389913,
       34.76773
      ],
      [
       -83.9389663,
       34.7677182
      ],
      [
       -83.9389398,
       34.7676859
      ],
      [
       -83.9388864,
       34.7676557
      ],
      [
       -83.9388566,
       34.7676032
      ],
      [
       -83.9388467,
       34.7675701
      ],
      [
       -83.9388223,
       34.767547
      ],
      [
       -83.9388086,
       34.7675338
      ],
      [
       -83.9387874,
       34.7675042
      ],
      [
       -83.9387678,
       34.7674812
      ],
      [
       -83.938654,
       34.7674306
      ],
      [
       -83.938628,
       34.7673627
      ],
      [
       -83.9386148,
       34.7673458
      ],
      [
       -83.938599,
       34.767334
      ],
      [
       -83.9385863,
       34.7673319
      ],
      [
       -83.9385393,
       34.7673407
      ],
      [
       -83.9384371,
       34.7673737
      ],
      [
       -83.9384312,
       34.7673784
      ],
      [
       -83.9384227,
       34.7673815
      ],
      [
       -83.9384113,
       34.767376
      ],
      [
       -83.9383966,
       34.7673585
      ],
      [
       -83.9383843,
       34.7673392
      ],
      [
       -83.9382966,
       34.7672617
      ],
      [
       -83.9382373,
       34.7671778
      ],
      [
       -83.9382009,
       34.7671126
      ],
      [
       -83.9381658,
       34.7670661
      ],
      [
       -83.9381617,
       34.7670478
      ],
      [
       -83.9381522,
       34.7670339
      ],
      [
       -83.9381396,
       34.7670258
      ],
      [
       -83.9381231,
       34.7670044
      ],
      [
       -83.9380985,
       34.7669853
      ],
      [
       -83.9380624,
       34.7669784
      ],
      [
       -83.9380216,
       34.7669742
      ],
      [
       -83.9380106,
       34.7669697
      ],
      [
       -83.9380115,
       34.7669649
      ],
      [
       -83.9380365,
       34.7669561
      ],
      [
       -83.9380558,
       34.7669341
      ],
      [
       -83.938079,
       34.7669253
      ],
      [
       -83.9380796,
       34.7669166
      ],
      [
       -83.9380672,
       34.766898
      ],
      [
       -83.9380211,
       34.7668663
      ],
      [
       -83.9379556,
       34.766836
      ],
      [
       -83.9379105,
       34.7668117
      ],
      [
       -83.9378901,
       34.7667841
      ],
      [
       -83.9378598,
       34.7667068
      ],
      [
       -83.9378383,
       34.7666702
      ],
      [
       -83.9377926,
       34.7666411
      ],
      [
       -83.9377022,
       34.7666098
      ],
      [
       -83.9376373,
       34.7665543
      ],
      [
       -83.9375641,
       34.7665072
      ],
      [
       -83.9375446,
       34.7664887
      ],
      [
       -83.9375405,
       34.7664345
      ],
      [
       -83.9375337,
       34.7663633
      ],
      [
       -83.937512,
       34.7663122
      ],
      [
       -83.9374999,
       34.7662462
      ],
      [
       -83.9375139,
       34.766167
      ],
      [
       -83.9374977,
       34.7661034
      ],
      [
       -83.9374962,
       34.7660489
      ],
      [
       -83.937477,
       34.7659849
      ],
      [
       -83.9374648,
       34.7659701
      ],
      [
       -83.9374478,
       34.7659056
      ],
      [
       -83.9374516,
       34.7658688
      ],
      [
       -83.9374387,
       34.7658144
      ],
      [
       -83.9374433,
       34.7657974
      ],
      [
       -83.9374281,
       34.7657614
      ],
      [
       -83.9374081,
       34.7657516
      ],
      [
       -83.9373666,
       34.7656866
      ],
      [
       -83.937344,
       34.7656581
      ],
      [
       -83.9373173,
       34.7656483
      ],
      [
       -83.9372489,
       34.7656528
      ],
      [
       -83.9372289,
       34.765652
      ],
      [
       -83.9372157,
       34.7656447
      ],
      [
       -83.9371947,
       34.7656391
      ],
      [
       -83.9371098,
       34.7656388
      ],
      [
       -83.9370633,
       34.7656557
      ],
      [
       -83.9369351,
       34.7656839
      ],
      [
       -83.9369016,
       34.7657014
      ],
      [
       -83.9368728,
       34.7657415
      ],
      [
       -83.936846,
       34.7657511
      ],
      [
       -83.9368165,
       34.7657725
      ],
      [
       -83.9367992,
       34.7657779
      ],
      [
       -83.9367913,
       34.7657908
      ],
      [
       -83.9367716,
       34.7657936
      ],
      [
       -83.9367442,
       34.7658147
      ],
      [
       -83.9367148,
       34.7658182
      ],
      [
       -83.9366722,
       34.7657976
      ],
      [
       -83.9366393,
       34.7657389
      ],
      [
       -83.9366192,
       34.7656936
      ],
      [
       -83.9365935,
       34.7656498
      ],
      [
       -83.9365578,
       34.7656341
      ],
      [
       -83.9364968,
       34.7655356
      ],
      [
       -83.9364573,
       34.7654492
      ],
      [
       -83.9364614,
       34.7653536
      ],
      [
       -83.9364226,
       34.7652693
      ],
      [
       -83.9363539,
       34.7651944
      ],
      [
       -83.9363322,
       34.7651542
      ],
      [
       -83.9363012,
       34.7651205
      ],
      [
       -83.9362319,
       34.7650047
      ],
      [
       -83.9361408,
       34.76494
      ],
      [
       -83.9360462,
       34.7649035
      ],
      [
       -83.9359369,
       34.7648529
      ],
      [
       -83.9358322,
       34.7647571
      ],
      [
       -83.9358092,
       34.7647242
      ],
      [
       -83.935762,
       34.7646914
      ],
      [
       -83.9356929,
       34.7646545
      ],
      [
       -83.9356217,
       34.7646054
      ],
      [
       -83.935484,
       34.7645397
      ],
      [
       -83.935434,
       34.7644943
      ],
      [
       -83.935287,
       34.7644309
      ],
      [
       -83.9351914,
       34.7644132
      ],
      [
       -83.9351575,
       34.7643967
      ],
      [
       -83.9350902,
       34.7643558
      ],
      [
       -83.9350538,
       34.7643395
      ],
      [
       -83.9350268,
       34.76432
      ],
      [
       -83.9349826,
       34.7642302
      ],
      [
       -83.934962,
       34.7642186
      ],
      [
       -83.9349023,
       34.7642134
      ],
      [
       -83.9348105,
       34.7641863
      ],
      [
       -83.9346345,
       34.7641056
      ],
      [
       -83.9345497,
       34.7640182
      ],
      [
       -83.9344007,
       34.7639163
      ],
      [
       -83.934202,
       34.7636989
      ],
      [
       -83.934156,
       34.7636676
      ],
      [
       -83.9340707,
       34.7635489
      ],
      [
       -83.9339974,
       34.7634952
      ]
     ],
     [
      [
       -83.9374721,
       34.7515208
      ],
      [
       -83.9374948,
       34.7514605
      ],
      [
       -83.9374746,
       34.7513991
      ],
      [
       -83.9374678,
       34.7513849
      ],
      [
       -83.9374503,
       34.7513717
      ],
      [
       -83.9374468,
       34.7513547
      ],
      [
       -83.9374598,
       34.7513295
      ],
      [
       -83.9374867,
       34.7512955
      ],
      [
       -83.937519,
       34.7512494
      ],
      [
       -83.9375675,
       34.7512298
      ],
      [
       -83.937592,
       34.7512282
      ],
      [
       -83.9376035,
       34.7512448
      ],
      [
       -83.937601,
       34.7512893
      ],
      [
       -83.9376173,
       34.7513536
      ],
      [
       -83.9376338,
       34.7514243
      ],
      [
       -83.9376595,
       34.7515291
      ],
      [
       -83.937691,
       34.7515823
      ],
      [
       -83.937745,
       34.751634
      ],
      [
       -83.9378171,
       34.751658
      ],
      [
       -83.937919,
       34.7516923
      ],
      [
       -83.9379448,
       34.7517127
      ],
      [
       -83.9379559,
       34.7517073
      ],
      [
       -83.9379675,
       34.7516635
      ],
      [
       -83.9379569,
       34.751623
      ],
      [
       -83.9379656,
       34.7515838
      ],
      [
       -83.9379594,
       34.7515271
      ],
      [
       -83.9379029,
       34.7514215
      ],
      [
       -83.9379437,
       34.7513239
      ],
      [
       -83.9379711,
       34.7512507
      ],
      [
       -83.9380514,
       34.7511868
      ],
      [
       -83.9381016,
       34.7511605
      ],
      [
       -83.9381612,
       34.7511055
      ],
      [
       -83.9382181,
       34.7510798
      ],
      [
       -83.9382754,
       34.7510673
      ],
      [
       -83.9382852,
       34.7510735
      ],
      [
       -83.9382805,
       34.7511057
      ],
      [
       -83.9382532,
       34.7511805
      ],
      [
       -83.9382377,
       34.7512799
      ],
      [
       -83.938243,
       34.7513254
      ],
      [
       -83.9382634,
       34.7513573
      ],
      [
       -83.9383105,
       34.751378
      ],
      [
       -83.9383435,
       34.751364
      ],
      [
       -83.9384081,
       34.7513075
      ],
      [
       -83.9384737,
       34.7512564
      ],
      [
       -83.938482,
       34.7512334
      ],
      [
       -83.9385062,
       34.7512142
      ],
      [
       -83.9385341,
       34.751217
      ],
      [
       -83.9385419,
       34.7512539
      ],
      [
       -83.9385601,
       34.7512873
      ],
      [
       -83.938548,
       34.7513347
      ],
      [
       -83.9386312,
       34.7514606
      ],
      [
       -83.9386669,
       34.7515534
      ],
      [
       -83.9387829,
       34.7516693
      ],
      [
       -83.9388445,
       34.7516717
      ],
      [
       -83.9389383,
       34.7517137
      ],
      [
       -83.9390621,
       34.7517881
      ],
      [
       -83.9392452,
       34.7518472
      ],
      [
       -83.9394639,
       34.7519231
      ],
      [
       -83.9396128,
       34.7519484
      ],
      [
       -83.9397296,
       34.7520111
      ],
      [
       -83.9397883,
       34.7520147
      ],
      [
       -83.9398692,
       34.7520061
      ],
      [
       -83.9399811,
       34.751942
      ],
      [
       -83.9400776,
       34.7519048
      ],
      [
       -83.940201,
       34.7518764
      ],
      [
       -83.9402291,
       34.7518454
      ],
      [
       -83.9403322,
       34.7518144
      ],
      [
       -83.9404474,
       34.7518206
      ],
      [
       -83.9404979,
       34.7517869
      ],
      [
       -83.9405667,
       34.7517663
      ],
      [
       -83.9407131,
       34.7516979
      ],
      [
       -83.9407495,
       34.7516404
      ],
      [
       -83.9408036,
       34.7516248
      ],
      [
       -83.9408394,
       34.7515516
      ],
      [
       -83.9409001,
       34.7515396
      ],
      [
       -83.9409887,
       34.7515545
      ],
      [
       -83.9410639,
       34.7515473
      ],
      [
       -83.9411727,
       34.7515128
      ],
      [
       -83.9411986,
       34.7514817
      ],
      [
       -83.9411439,
       34.7514072
      ],
      [
       -83.9410597,
       34.7513547
      ],
      [
       -83.9409259,
       34.7513193
      ],
      [
       -83.940851,
       34.7513367
      ],
      [
       -83.9407612,
       34.7513325
      ],
      [
       -83.9405627,
       34.7513678
      ],
      [
       -83.9404068,
       34.7514294
      ],
      [
       -83.9402629,
       34.7514626
      ],
      [
       -83.94018,
       34.7514565
      ],
      [
       -83.9400434,
       34.7513975
      ],
      [
       -83.9399727,
       34.7513564
      ],
      [
       -83.9398672,
       34.7512625
      ],
      [
       -83.9397302,
       34.7511109
      ],
      [
       -83.9396625,
       34.7510432
      ],
      [
       -83.9396191,
       34.7509388
      ],
      [
       -83.9395871,
       34.750906
      ],
      [
       -83.9395913,
       34.7507413
      ],
      [
       -83.939554,
       34.7505777
      ],
      [
       -83.9395752,
       34.7504391
      ],
      [
       -83.9396451,
       34.750338
      ],
      [
       -83.9396905,
       34.7502219
      ],
      [
       -83.9397159,
       34.7500287
      ],
      [
       -83.9397977,
       34.7498951
      ],
      [
       -83.9398559,
       34.749731
      ],
      [
       -83.9399936,
       34.7496444
      ],
      [
       -83.9401023,
       34.7495286
      ],
      [
       -83.9401561,
       34.7493652
      ],
      [
       -83.9402026,
       34.7493181
      ],
      [
       -83.9402808,
       34.7491617
      ],
      [
       -83.940289,
       34.7491083
      ],
      [
       -83.9401779,
       34.7489658
      ],
      [
       -83.9401536,
       34.7489075
      ],
      [
       -83.9401629,
       34.7488844
      ],
      [
       -83.9401949,
       34.7488845
      ],
      [
       -83.9402239,
       34.7489214
      ],
      [
       -83.9402933,
       34.7489402
      ],
      [
       -83.9403204,
       34.7489993
      ],
      [
       -83.9403898,
       34.7489915
      ],
      [
       -83.9404216,
       34.7490014
      ],
      [
       -83.9404342,
       34.7490301
      ],
      [
       -83.9404227,
       34.7492328
      ],
      [
       -83.9404522,
       34.7493616
      ],
      [
       -83.9404239,
       34.7494958
      ],
      [
       -83.9404479,
       34.7495814
      ],
      [
       -83.9404899,
       34.7496431
      ],
      [
       -83.9404889,
       34.7496696
      ],
      [
       -83.9404388,
       34.749771
      ],
      [
       -83.9404189,
       34.7499303
      ],
      [
       -83.9403891,
       34.7500515
      ],
      [
       -83.9404256,
       34.7501545
      ],
      [
       -83.9404712,
       34.7502245
      ],
      [
       -83.9405255,
       34.7502447
      ],
      [
       -83.9405847,
       34.7502036
      ],
      [
       -83.9406519,
       34.7501735
      ],
      [
       -83.9406896,
       34.7501026
      ],
      [
       -83.94073,
       34.7500757
      ],
      [
       -83.940888,
       34.7499515
      ],
      [
       -83.9411046,
       34.7498041
      ],
      [
       -83.9411391,
       34.7497584
      ],
      [
       -83.9411901,
       34.7497529
      ],
      [
       -83.9412614,
       34.7497555
      ],
      [
       -83.9413247,
       34.7497568
      ],
      [
       -83.941388,
       34.749736
      ],
      [
       -83.9414261,
       34.7496901
      ],
      [
       -83.9414817,
       34.7496274
      ],
      [
       -83.9415371,
       34.7496261
      ],
      [
       -83.9415816,
       34.7495799
      ],
      [
       -83.9417159,
       34.7494962
      ],
      [
       -83.9418123,
       34.7494404
      ],
      [
       -83.9418461,
       34.749403
      ],
      [
       -83.941849,
       34.749369
      ],
      [
       -83.941812,
       34.749356
      ],
      [
       -83.9417586,
       34.7493584
      ],
      [
       -83.9416678,
       34.7493377
      ],
      [
       -83.9415981,
       34.7492876
      ],
      [
       -83.9415508,
       34.7492117
      ],
      [
       -83.941519,
       34.7491306
      ],
      [
       -83.9415444,
       34.7490838
      ],
      [
       -83.9416142,
       34.7490064
      ],
      [
       -83.9416477,
       34.7489428
      ],
      [
       -83.941716,
       34.7488947
      ],
      [
       -83.9418381,
       34.7487141
      ],
      [
       -83.9419263,
       34.7485968
      ],
      [
       -83.942025,
       34.7485568
      ],
      [
       -83.9420969,
       34.7484771
      ],
      [
       -83.9421678,
       34.748341
      ],
      [
       -83.9422942,
       34.7482215
      ],
      [
       -83.9423615,
       34.7481263
      ],
      [
       -83.9423692,
       34.7480942
      ],
      [
       -83.9423752,
       34.7480868
      ],
      [
       -83.9423796,
       34.7480818
      ],
      [
       -83.942385,
       34.7480833
      ],
      [
       -83.9423873,
       34.748092
      ],
      [
       -83.9423909,
       34.7481256
      ],
      [
       -83.9424051,
       34.7481592
      ],
      [
       -83.9424235,
       34.7482259
      ],
      [
       -83.9424684,
       34.7482782
      ],
      [
       -83.9425381,
       34.748319
      ],
      [
       -83.9426035,
       34.7483423
      ],
      [
       -83.9426668,
       34.7483898
      ],
      [
       -83.9427062,
       34.7484396
      ],
      [
       -83.942746,
       34.748464
      ],
      [
       -83.9428139,
       34.7484752
      ],
      [
       -83.9428666,
       34.7485152
      ],
      [
       -83.9429217,
       34.7485267
      ],
      [
       -83.9429781,
       34.7485559
      ],
      [
       -83.9430082,
       34.7485807
      ],
      [
       -83.9430801,
       34.748603
      ],
      [
       -83.9431258,
       34.7486055
      ],
      [
       -83.9431687,
       34.7486138
      ],
      [
       -83.9431994,
       34.7486044
      ],
      [
       -83.9432383,
       34.7486228
      ],
      [
       -83.9432556,
       34.7486248
      ],
      [
       -83.9433534,
       34.7485769
      ],
      [
       -83.9434502,
       34.7485146
      ],
      [
       -83.9435077,
       34.7484845
      ],
      [
       -83.9435279,
       34.7484529
      ],
      [
       -83.9435306,
       34.7484182
      ],
      [
       -83.9435359,
       34.7484045
      ],
      [
       -83.9435286,
       34.7483911
      ],
      [
       -83.9435091,
       34.7483942
      ],
      [
       -83.9434421,
       34.7484132
      ],
      [
       -83.943371,
       34.7484187
      ],
      [
       -83.9433254,
       34.7484088
      ],
      [
       -83.9433012,
       34.7483923
      ],
      [
       -83.943304,
       34.7483724
      ],
      [
       -83.9433154,
       34.7483598
      ],
      [
       -83.9433492,
       34.7483634
      ],
      [
       -83.9434072,
       34.7483493
      ],
      [
       -83.9434433,
       34.7483209
      ],
      [
       -83.9435006,
       34.748304
      ],
      [
       -83.9435512,
       34.7482728
      ],
      [
       -83.9436026,
       34.7482692
      ],
      [
       -83.9436808,
       34.7482348
      ],
      [
       -83.9438551,
       34.7481632
      ],
      [
       -83.9439436,
       34.7481102
      ],
      [
       -83.9439691,
       34.7480661
      ],
      [
       -83.9439651,
       34.7480243
      ],
      [
       -83.9439316,
       34.7479953
      ],
      [
       -83.9438495,
       34.7479922
      ],
      [
       -83.9436808,
       34.748011
      ],
      [
       -83.9435649,
       34.7480231
      ],
      [
       -83.9434904,
       34.7480154
      ],
      [
       -83.9434399,
       34.747971
      ],
      [
       -83.9434117,
       34.747938
      ],
      [
       -83.9433996,
       34.7478939
      ],
      [
       -83.9434088,
       34.7478389
      ],
      [
       -83.9433871,
       34.7478083
      ],
      [
       -83.9433757,
       34.7477576
      ],
      [
       -83.9433911,
       34.7476936
      ],
      [
       -83.9433951,
       34.7475968
      ],
      [
       -83.9434207,
       34.7475654
      ],
      [
       -83.9434954,
       34.747352
      ],
      [
       -83.9435627,
       34.7472749
      ],
      [
       -83.9435607,
       34.7472176
      ],
      [
       -83.9435624,
       34.7471647
      ],
      [
       -83.9435909,
       34.7471625
      ],
      [
       -83.9436285,
       34.7471724
      ],
      [
       -83.9436835,
       34.747207
      ]
     ],
     [
      [
       -83.9374721,
       34.7515208
      ],
      [
       -83.9374347,
       34.7515624
      ],
      [
       -83.937393,
       34.7516089
      ],
      [
       -83.9373971,
       34.7516338
      ],
      [
       -83.937385,
       34.7516565
      ],
      [
       -83.9373355,
       34.7517042
      ],
      [
       -83.9372806,
       34.7517302
      ],
      [
       -83.93724,
       34.7517242
      ],
      [
       -83.9372069,
       34.7517317
      ],
      [
       -83.9371896,
       34.7517603
      ],
      [
       -83.9370343,
       34.7518472
      ],
      [
       -83.936869,
       34.7519298
      ],
      [
       -83.936781,
       34.7519348
      ],
      [
       -83.9366699,
       34.7519967
      ],
      [
       -83.9366178,
       34.7520741
      ],
      [
       -83.9364733,
       34.7521875
      ],
      [
       -83.9363512,
       34.7523017
      ],
      [
       -83.9363265,
       34.7523466
      ],
      [
       -83.9363205,
       34.7524398
      ],
      [
       -83.9362609,
       34.7525111
      ],
      [
       -83.9361062,
       34.7526408
      ],
      [
       -83.9359757,
       34.7527771
      ],
      [
       -83.9358835,
       34.7528226
      ],
      [
       -83.9358053,
       34.7528097
      ],
      [
       -83.9357217,
       34.7528144
      ],
      [
       -83.9356649,
       34.7528061
      ],
      [
       -83.9356319,
       34.7528112
      ],
      [
       -83.9356097,
       34.7528256
      ],
      [
       -83.935568,
       34.7528588
      ],
      [
       -83.9355371,
       34.7528701
      ],
      [
       -83.9355109,
       34.7528554
      ],
      [
       -83.9354787,
       34.7528495
      ],
      [
       -83.9354553,
       34.7528524
      ],
      [
       -83.935367,
       34.7529709
      ],
      [
       -83.9352742,
       34.7531399
      ],
      [
       -83.935156,
       34.7533588
      ],
      [
       -83.9351602,
       34.7534029
      ],
      [
       -83.9351147,
       34.7535099
      ],
      [
       -83.9350678,
       34.7535867
      ],
      [
       -83.9350316,
       34.7537307
      ],
      [
       -83.9350061,
       34.7538087
      ],
      [
       -83.9349042,
       34.7538811
      ],
      [
       -83.9346196,
       34.7540935
      ],
      [
       -83.9343965,
       34.7542812
      ],
      [
       -83.9341293,
       34.7544433
      ],
      [
       -83.9339011,
       34.7546594
      ],
      [
       -83.9337067,
       34.7548416
      ],
      [
       -83.9335746,
       34.7549547
      ],
      [
       -83.9334371,
       34.7550171
      ],
      [
       -83.933415,
       34.7550926
      ],
      [
       -83.9333383,
       34.7551403
      ],
      [
       -83.9332677,
       34.7551531
      ],
      [
       -83.9332226,
       34.75522
      ],
      [
       -83.9331483,
       34.7552808
      ],
      [
       -83.9331352,
       34.7553487
      ],
      [
       -83.9330766,
       34.7553869
      ],
      [
       -83.9330426,
       34.7555105
      ],
      [
       -83.932979,
       34.7555504
      ],
      [
       -83.9329547,
       34.7555988
      ],
      [
       -83.9329828,
       34.7556693
      ],
      [
       -83.9329646,
       34.7557089
      ],
      [
       -83.9328469,
       34.7558026
      ],
      [
       -83.9327673,
       34.7558273
      ],
      [
       -83.932693,
       34.7558786
      ],
      [
       -83.9324015,
       34.7559517
      ],
      [
       -83.9322171,
       34.7559499
      ],
      [
       -83.9320649,
       34.7559989
      ],
      [
       -83.9319449,
       34.7560103
      ],
      [
       -83.9318651,
       34.7559976
      ],
      [
       -83.9318055,
       34.7560144
      ],
      [
       -83.9316938,
       34.7560019
      ],
      [
       -83.9316166,
       34.7560231
      ],
      [
       -83.9315232,
       34.756018
      ],
      [
       -83.9314652,
       34.7560291
      ],
      [
       -83.9313884,
       34.7560579
      ],
      [
       -83.9312938,
       34.7560428
      ],
      [
       -83.9311724,
       34.7560959
      ],
      [
       -83.9310483,
       34.7561116
      ],
      [
       -83.9308743,
       34.7561841
      ],
      [
       -83.9308254,
       34.756183
      ],
      [
       -83.9307151,
       34.7562331
      ],
      [
       -83.9306907,
       34.75627
      ],
      [
       -83.930598,
       34.7563288
      ],
      [
       -83.9305504,
       34.7564299
      ],
      [
       -83.930445,
       34.7565155
      ],
      [
       -83.9303488,
       34.7566411
      ],
      [
       -83.9303182,
       34.7567656
      ],
      [
       -83.9302674,
       34.756834
      ],
      [
       -83.9302448,
       34.757008
      ],
      [
       -83.9302643,
       34.757127
      ],
      [
       -83.9303268,
       34.7572868
      ],
      [
       -83.9303798,
       34.7573774
      ],
      [
       -83.9303787,
       34.7574604
      ],
      [
       -83.9303535,
       34.757539
      ],
      [
       -83.930394,
       34.7576033
      ],
      [
       -83.9304417,
       34.7577164
      ],
      [
       -83.9304616,
       34.7579327
      ],
      [
       -83.9304975,
       34.7580433
      ],
      [
       -83.9304857,
       34.7581329
      ],
      [
       -83.9304953,
       34.7582622
      ],
      [
       -83.9305386,
       34.7584039
      ],
      [
       -83.9304897,
       34.7585128
      ],
      [
       -83.9305011,
       34.7585556
      ],
      [
       -83.9305661,
       34.7586292
      ],
      [
       -83.9306264,
       34.7586663
      ],
      [
       -83.930688,
       34.7587736
      ],
      [
       -83.9307039,
       34.7588823
      ],
      [
       -83.9307584,
       34.7589664
      ],
      [
       -83.930837,
       34.7592004
      ],
      [
       -83.930836,
       34.759296
      ],
      [
       -83.9308204,
       34.7594584
      ],
      [
       -83.930761,
       34.7595549
      ],
      [
       -83.9306859,
       34.7596565
      ],
      [
       -83.9307154,
       34.7597646
      ],
      [
       -83.9307476,
       34.7598199
      ],
      [
       -83.930929,
       34.7599582
      ],
      [
       -83.9310635,
       34.7600135
      ],
      [
       -83.9311849,
       34.7600298
      ],
      [
       -83.9313744,
       34.7600401
      ],
      [
       -83.9314163,
       34.7600482
      ],
      [
       -83.931441,
       34.7600819
      ],
      [
       -83.9314426,
       34.760145
      ],
      [
       -83.9314099,
       34.7602085
      ],
      [
       -83.9313735,
       34.7602723
      ],
      [
       -83.9313887,
       34.7603427
      ],
      [
       -83.9314577,
       34.7603977
      ],
      [
       -83.9314634,
       34.7605051
      ],
      [
       -83.9314838,
       34.760614
      ],
      [
       -83.9314506,
       34.760658
      ],
      [
       -83.9313831,
       34.7606877
      ],
      [
       -83.9313584,
       34.7607219
      ],
      [
       -83.9313297,
       34.7607632
      ],
      [
       -83.9313524,
       34.7607972
      ],
      [
       -83.9313543,
       34.7608307
      ],
      [
       -83.9313151,
       34.7608894
      ],
      [
       -83.931308,
       34.7609546
      ],
      [
       -83.9313673,
       34.76103
      ],
      [
       -83.9313822,
       34.7611382
      ],
      [
       -83.9314078,
       34.7611913
      ],
      [
       -83.9314165,
       34.761287
      ],
      [
       -83.9315,
       34.7615503
      ],
      [
       -83.9316184,
       34.7617211
      ],
      [
       -83.9316515,
       34.7618607
      ],
      [
       -83.9316493,
       34.7619576
      ],
      [
       -83.9316809,
       34.7620329
      ],
      [
       -83.9317596,
       34.7620939
      ],
      [
       -83.9319832,
       34.7621941
      ],
      [
       -83.9321822,
       34.7622982
      ],
      [
       -83.9323302,
       34.7624287
      ],
      [
       -83.932362,
       34.7626078
      ],
      [
       -83.9324048,
       34.7626882
      ],
      [
       -83.9325068,
       34.7627476
      ],
      [
       -83.9325302,
       34.7628097
      ],
      [
       -83.9325186,
       34.7628806
      ],
      [
       -83.9325573,
       34.7629475
      ],
      [
       -83.9325461,
       34.7630307
      ],
      [
       -83.9325049,
       34.7631
      ]
     ],
     [
      [
       -83.9325049,
       34.7631
      ],
      [
       -83.9324466,
       34.7631257
      ],
      [
       -83.9323976,
       34.763135
      ],
      [
       -83.9323114,
       34.7631324
      ],
      [
       -83.9322465,
       34.7631473
      ],
      [
       -83.932195,
       34.7631743
      ],
      [
       -83.9321033,
       34.7631827
      ],
      [
       -83.931949,
       34.7631524
      ],
      [
       -83.9318457,
       34.7631167
      ],
      [
       -83.9316506,
       34.7630425
      ],
      [
       -83.9315868,
       34.762981
      ],
      [
       -83.9315365,
       34.762956
      ],
      [
       -83.9315044,
       34.7629564
      ],
      [
       -83.9313985,
       34.762991
      ],
      [
       -83.9312239,
       34.7629481
      ],
      [
       -83.9310985,
       34.7629871
      ],
      [
       -83.9309701,
       34.7630451
      ],
      [
       -83.9308834,
       34.7631461
      ],
      [
       -83.93079,
       34.7631798
      ],
      [
       -83.9307036,
       34.7632011
      ],
      [
       -83.9305919,
       34.7631792
      ],
      [
       -83.9305167,
       34.7631921
      ],
      [
       -83.930476,
       34.7632364
      ],
      [
       -83.9304251,
       34.7633956
      ],
      [
       -83.9303747,
       34.7635018
      ],
      [
       -83.9303532,
       34.7636165
      ],
      [
       -83.9302766,
       34.7638248
      ],
      [
       -83.9302184,
       34.7639171
      ],
      [
       -83.9301738,
       34.7639609
      ],
      [
       -83.9301181,
       34.7639681
      ],
      [
       -83.9300304,
       34.763918
      ],
      [
       -83.9298649,
       34.7638871
      ],
      [
       -83.9297044,
       34.7638955
      ],
      [
       -83.9295846,
       34.7639272
      ],
      [
       -83.929391,
       34.763968
      ],
      [
       -83.9291757,
       34.7639679
      ],
      [
       -83.9290957,
       34.7639887
      ],
      [
       -83.9289593,
       34.7640829
      ],
      [
       -83.928878,
       34.764164
      ],
      [
       -83.9287941,
       34.7641951
      ],
      [
       -83.9286758,
       34.7641779
      ],
      [
       -83.9285141,
       34.7640999
      ],
      [
       -83.9284514,
       34.7641023
      ],
      [
       -83.9283911,
       34.7640969
      ],
      [
       -83.9283006,
       34.764011
      ],
      [
       -83.9282035,
       34.7639875
      ],
      [
       -83.9281395,
       34.7640212
      ],
      [
       -83.9280769,
       34.764042
      ],
      [
       -83.9279651,
       34.7640009
      ],
      [
       -83.9278178,
       34.7640008
      ],
      [
       -83.9275958,
       34.7637997
      ],
      [
       -83.9275348,
       34.763766
      ],
      [
       -83.9274977,
       34.7637579
      ],
      [
       -83.9272942,
       34.7637895
      ],
      [
       -83.9271958,
       34.7637821
      ],
      [
       -83.9270712,
       34.7637238
      ],
      [
       -83.9268708,
       34.7637351
      ],
      [
       -83.9267932,
       34.7637584
      ],
      [
       -83.926719,
       34.7638211
      ],
      [
       -83.9266293,
       34.763842
      ],
      [
       -83.926512,
       34.7638382
      ],
      [
       -83.9263854,
       34.7637688
      ]
     ],
     [
      [
       -83.9436835,
       34.747207
      ],
      [
       -83.9437104,
       34.7472543
      ],
      [
       -83.9437282,
       34.7472749
      ],
      [
       -83.9437494,
       34.7472763
      ],
      [
       -83.9437851,
       34.7472637
      ],
      [
       -83.9438127,
       34.7472472
      ],
      [
       -83.9438431,
       34.7472407
      ],
      [
       -83.943885,
       34.7472511
      ],
      [
       -83.9439163,
       34.7472482
      ],
      [
       -83.9440524,
       34.7472688
      ],
      [
       -83.9442146,
       34.747276
      ],
      [
       -83.9443808,
       34.7473114
      ],
      [
       -83.9445324,
       34.7473267
      ],
      [
       -83.9447037,
       34.7473187
      ],
      [
       -83.9448556,
       34.7473465
      ],
      [
       -83.9449442,
       34.7474076
      ],
      [
       -83.9450466,
       34.7474736
      ],
      [
       -83.9450645,
       34.7475196
      ],
      [
       -83.945079,
       34.7475545
      ],
      [
       -83.9451237,
       34.7475708
      ],
      [
       -83.9452141,
       34.7475585
      ],
      [
       -83.9452606,
       34.7475868
      ],
      [
       -83.9453963,
       34.747666
      ],
      [
       -83.9454649,
       34.747732
      ],
      [
       -83.9455566,
       34.7477715
      ],
      [
       -83.9456455,
       34.7477818
      ],
      [
       -83.9457823,
       34.7478072
      ],
      [
       -83.9459558,
       34.7478722
      ],
      [
       -83.9460306,
       34.7478871
      ],
      [
       -83.9460813,
       34.747913
      ],
      [
       -83.946178,
       34.7480075
      ],
      [
       -83.9462048,
       34.748058
      ],
      [
       -83.9462289,
       34.7481217
      ],
      [
       -83.946304,
       34.7481631
      ],
      [
       -83.9463901,
       34.7482465
      ],
      [
       -83.9464456,
       34.7483023
      ],
      [
       -83.9464743,
       34.7483603
      ],
      [
       -83.9465496,
       34.7484562
      ],
      [
       -83.9466919,
       34.7485763
      ],
      [
       -83.94679,
       34.7486109
      ],
      [
       -83.9468559,
       34.7486678
      ],
      [
       -83.9469137,
       34.7487071
      ],
      [
       -83.9469499,
       34.748735
      ]
     ],
     [
      [
       -83.9325049,
       34.7631
      ],
      [
       -83.9325868,
       34.7631155
      ],
      [
       -83.9326686,
       34.7631508
      ],
      [
       -83.9327801,
       34.7632051
      ],
      [
       -83.9328612,
       34.7632202
      ],
      [
       -83.9329263,
       34.7632132
      ],
      [
       -83.9329941,
       34.7632316
      ],
      [
       -83.9330864,
       34.7632279
      ],
      [
       -83.9331623,
       34.7632017
      ],
      [
       -83.9332066,
       34.7632044
      ],
      [
       -83.9333501,
       34.7632644
      ],
      [
       -83.933578,
       34.7633452
      ],
      [
       -83.9336883,
       34.7634035
      ],
      [
       -83.9338545,
       34.7634522
      ],
      [
       -83.9339974,
       34.7634952
      ]
     ]
    ]
   }
  }
 ]
}