{
 "type": "FeatureCollection",
 "features": [
  {
   "type": "Feature",
   "properties": {
    "name": "Noontootla Creek",
    "label": "Noontootla Creek (waterway, Three Forks confluence area)",
    "category": "waterway",
    "coord_source": "OpenStreetMap contributors, via api.openstreetmap.org/api/0.6/map small-bbox fetch, 2026-09-21 (ODbL) — Overpass API mirrors were unreachable/timed out this session, so trail geometry was pulled from the main OSM API instead. ways named \"Noontootla Creek\"."
   },
   "geometry": {
    "type": "MultiLineString",
    "coordinates": [
     [
      [
       -84.196837,
       34.672587
      ],
      [
       -84.197207,
       34.673575
      ],
      [
       -84.197143,
       34.674124
      ],
      [
       -84.196897,
       34.67473
      ],
      [
       -84.196915,
       34.674991
      ],
      [
       -84.196965,
       34.675128
      ],
      [
       -84.197549,
       34.675579
      ],
      [
       -84.197751,
       34.676018
      ],
      [
       -84.197752,
       34.676252
      ],
      [
       -84.197173,
       34.676858
      ],
      [
       -84.1956874,
       34.6777194
      ],
      [
       -84.195428,
       34.677925
      ],
      [
       -84.195434,
       34.6781
      ],
      [
       -84.195523,
       34.678234
      ],
      [
       -84.195759,
       34.678449
      ],
      [
       -84.196218,
       34.67873
      ],
      [
       -84.197999,
       34.679452
      ],
      [
       -84.1991,
       34.680328
      ],
      [
       -84.199268,
       34.680602
      ],
      [
       -84.199269,
       34.680849
      ],
      [
       -84.1985144,
       34.6815158
      ],
      [
       -84.19821,
       34.681869
      ],
      [
       -84.198129,
       34.68235
      ],
      [
       -84.198435,
       34.683641
      ],
      [
       -84.198287,
       34.683998
      ],
      [
       -84.198022,
       34.684288
      ],
      [
       -84.197716,
       34.684523
      ],
      [
       -84.197343,
       34.684702
      ],
      [
       -84.196141,
       34.685029
      ],
      [
       -84.195883,
       34.685146
      ],
      [
       -84.195768,
       34.685422
      ],
      [
       -84.195868,
       34.685627
      ]
     ],
     [
      [
       -84.195868,
       34.685627
      ],
      [
       -84.196534,
       34.685817
      ],
      [
       -84.196917,
       34.686022
      ],
      [
       -84.198016,
       34.687081
      ]
     ],
     [
      [
       -84.20652,
       34.688259
      ],
      [
       -84.206655,
       34.688424
      ],
      [
       -84.206703,
       34.688509
      ],
      [
       -84.206669,
       34.688632
      ],
      [
       -84.206546,
       34.68868
      ],
      [
       -84.206426,
       34.688677
      ],
      [
       -84.206195,
       34.688655
      ],
      [
       -84.205973,
       34.688675
      ],
      [
       -84.205827,
       34.688829
      ],
      [
       -84.205692,
       34.688951
      ],
      [
       -84.205284,
       34.689116
      ],
      [
       -84.205169,
       34.689254
      ],
      [
       -84.205093,
       34.689435
      ],
      [
       -84.204956,
       34.689607
      ],
      [
       -84.204769,
       34.689781
      ],
      [
       -84.204572,
       34.689968
      ],
      [
       -84.204297,
       34.690069
      ],
      [
       -84.204193,
       34.690158
      ],
      [
       -84.204178,
       34.690308
      ],
      [
       -84.204193,
       34.690466
      ],
      [
       -84.204059,
       34.690554
      ],
      [
       -84.203884,
       34.690666
      ],
      [
       -84.203601,
       34.691025
      ],
      [
       -84.203369,
       34.691328
      ],
      [
       -84.203294,
       34.691459
      ],
      [
       -84.203291,
       34.69155
      ],
      [
       -84.203309,
       34.691625
      ],
      [
       -84.203346,
       34.691717
      ],
      [
       -84.20373,
       34.691959
      ],
      [
       -84.204015,
       34.692157
      ],
      [
       -84.204145,
       34.692193
      ],
      [
       -84.204535,
       34.692243
      ],
      [
       -84.204745,
       34.692298
      ],
      [
       -84.205151,
       34.692486
      ],
      [
       -84.205625,
       34.692738
      ],
      [
       -84.205965,
       34.692812
      ],
      [
       -84.206514,
       34.692924
      ],
      [
       -84.207506,
       34.693055
      ],
      [
       -84.207855,
       34.693146
      ],
      [
       -84.208213,
       34.693271
      ],
      [
       -84.208717,
       34.693523
      ],
      [
       -84.208912,
       34.693723
      ],
      [
       -84.209033,
       34.693991
      ],
      [
       -84.209075,
       34.69425
      ],
      [
       -84.209057,
       34.694482
      ],
      [
       -84.208857,
       34.69476
      ],
      [
       -84.2087,
       34.694923
      ],
      [
       -84.208506,
       34.695018
      ],
      [
       -84.20818,
       34.695143
      ],
      [
       -84.207974,
       34.69528
      ],
      [
       -84.207929,
       34.695412
      ],
      [
       -84.207913,
       34.695607
      ]
     ],
     [
      [
       -84.198016,
       34.687081
      ],
      [
       -84.198737,
       34.687615
      ],
      [
       -84.198983,
       34.687754
      ],
      [
       -84.199343,
       34.687829
      ],
      [
       -84.199905,
       34.687875
      ],
      [
       -84.200628,
       34.687891
      ],
      [
       -84.201315,
       34.687816
      ],
      [
       -84.2017086,
       34.6878072
      ],
      [
       -84.202161,
       34.68779
      ],
      [
       -84.202885,
       34.687781
      ],
      [
       -84.20353,
       34.687746
      ],
      [
       -84.203741,
       34.687768
      ],
      [
       -84.20398,
       34.687823
      ],
      [
       -84.204532,
       34.687852
      ],
      [
       -84.205035,
       34.687868
      ],
      [
       -84.205586,
       34.687931
      ],
      [
       -84.205996,
       34.68799
      ],
      [
       -84.206323,
       34.68813
      ],
      [
       -84.20652,
       34.688259
      ]
     ]
    ]
   }
  },
  {
   "type": "Feature",
   "properties": {
    "name": "Rock Creek",
    "label": "Rock Creek (waterway)",
    "category": "waterway",
    "coord_source": "OpenStreetMap contributors, via api.openstreetmap.org/api/0.6/map small-bbox fetch, 2026-09-21 (ODbL) — Overpass API mirrors were unreachable/timed out this session, so trail geometry was pulled from the main OSM API instead. ways named \"Rock Creek\"."
   },
   "geometry": {
    "type": "MultiLineString",
    "coordinates": [
     [
      [
       -84.151541,
       34.704625
      ],
      [
       -84.151501,
       34.704818
      ],
      [
       -84.151327,
       34.705175
      ],
      [
       -84.150867,
       34.705852
      ],
      [
       -84.150498,
       34.706229
      ],
      [
       -84.15024,
       34.706349
      ],
      [
       -84.150057,
       34.706353
      ],
      [
       -84.149783,
       34.706346
      ],
      [
       -84.149529,
       34.706349
      ],
      [
       -84.14924,
       34.706493
      ],
      [
       -84.149025,
       34.706832
      ],
      [
       -84.148896,
       34.707194
      ],
      [
       -84.148948,
       34.707455
      ],
      [
       -84.149221,
       34.70778
      ],
      [
       -84.149419,
       34.707944
      ],
      [
       -84.149933,
       34.708333
      ],
      [
       -84.150455,
       34.708832
      ],
      [
       -84.150719,
       34.709132
      ],
      [
       -84.152067,
       34.709956
      ],
      [
       -84.153215,
       34.710537
      ],
      [
       -84.15382,
       34.710945
      ],
      [
       -84.154051,
       34.711043
      ],
      [
       -84.154475,
       34.711405
      ],
      [
       -84.154558,
       34.711642
      ],
      [
       -84.154769,
       34.711869
      ],
      [
       -84.154946,
       34.712032
      ],
      [
       -84.155256,
       34.712484
      ],
      [
       -84.155482,
       34.712699
      ],
      [
       -84.155876,
       34.713061
      ],
      [
       -84.156205,
       34.713236
      ],
      [
       -84.156437,
       34.713275
      ],
      [
       -84.156631,
       34.713246
      ],
      [
       -84.156859,
       34.713117
      ],
      [
       -84.157117,
       34.713006
      ],
      [
       -84.15728,
       34.712976
      ],
      [
       -84.157491,
       34.713048
      ],
      [
       -84.157959,
       34.713172
      ],
      [
       -84.15854,
       34.713429
      ],
      [
       -84.158948,
       34.713665
      ],
      [
       -84.1592,
       34.713721
      ],
      [
       -84.159533,
       34.713788
      ],
      [
       -84.159816,
       34.713844
      ],
      [
       -84.160207,
       34.713971
      ],
      [
       -84.160507,
       34.713982
      ],
      [
       -84.160686,
       34.71407
      ],
      [
       -84.160978,
       34.714153
      ],
      [
       -84.161231,
       34.7142
      ],
      [
       -84.161385,
       34.714154
      ],
      [
       -84.161646,
       34.713925
      ],
      [
       -84.161775,
       34.713735
      ],
      [
       -84.161793,
       34.713492
      ],
      [
       -84.161668,
       34.712994
      ],
      [
       -84.161684,
       34.71281
      ],
      [
       -84.161889,
       34.712463
      ],
      [
       -84.16217,
       34.712285
      ],
      [
       -84.162508,
       34.712184
      ],
      [
       -84.16346,
       34.711988
      ],
      [
       -84.16413,
       34.711831
      ],
      [
       -84.164346,
       34.711752
      ],
      [
       -84.164563,
       34.71164
      ],
      [
       -84.16471,
       34.711518
      ],
      [
       -84.164803,
       34.711453
      ],
      [
       -84.164999,
       34.711373
      ],
      [
       -84.165287,
       34.711263
      ],
      [
       -84.165453,
       34.711183
      ],
      [
       -84.165633,
       34.710969
      ],
      [
       -84.165778,
       34.71088
      ],
      [
       -84.165911,
       34.710841
      ],
      [
       -84.166084,
       34.710837
      ],
      [
       -84.166204,
       34.710881
      ],
      [
       -84.166526,
       34.710985
      ]
     ],
     [
      [
       -84.15105,
       34.703099
      ],
      [
       -84.151064,
       34.703129
      ],
      [
       -84.151331,
       34.703639
      ],
      [
       -84.151454,
       34.703918
      ],
      [
       -84.151539,
       34.704105
      ],
      [
       -84.15155,
       34.704373
      ],
      [
       -84.151541,
       34.704625
      ]
     ],
     [
      [
       -84.150853,
       34.70271
      ],
      [
       -84.15105,
       34.703099
      ]
     ],
     [
      [
       -84.14141,
       34.692572
      ],
      [
       -84.141527,
       34.692832
      ],
      [
       -84.141626,
       34.692885
      ],
      [
       -84.142073,
       34.693189
      ],
      [
       -84.142274,
       34.693252
      ],
      [
       -84.142461,
       34.693407
      ],
      [
       -84.142623,
       34.693428
      ],
      [
       -84.142773,
       34.693499
      ],
      [
       -84.143097,
       34.693817
      ],
      [
       -84.143481,
       34.694178
      ],
      [
       -84.14372,
       34.694301
      ],
      [
       -84.14379,
       34.694344
      ],
      [
       -84.143837,
       34.694438
      ],
      [
       -84.143707,
       34.694988
      ],
      [
       -84.143606,
       34.695254
      ],
      [
       -84.14334,
       34.695609
      ],
      [
       -84.143305,
       34.695734
      ],
      [
       -84.143107,
       34.696199
      ],
      [
       -84.142602,
       34.696699
      ],
      [
       -84.142434,
       34.696993
      ],
      [
       -84.142327,
       34.697175
      ],
      [
       -84.142097,
       34.697362
      ],
      [
       -84.141812,
       34.697674
      ],
      [
       -84.141668,
       34.698031
      ],
      [
       -84.141525,
       34.698338
      ],
      [
       -84.141517,
       34.698581
      ],
      [
       -84.141544,
       34.698666
      ],
      [
       -84.141811,
       34.69889
      ],
      [
       -84.142039,
       34.699038
      ],
      [
       -84.14228,
       34.699128
      ],
      [
       -84.14245,
       34.69919
      ],
      [
       -84.142523,
       34.699133
      ],
      [
       -84.142599,
       34.699001
      ],
      [
       -84.142869,
       34.698831
      ],
      [
       -84.143045,
       34.698718
      ],
      [
       -84.143198,
       34.698713
      ],
      [
       -84.143482,
       34.69872
      ],
      [
       -84.143703,
       34.698784
      ],
      [
       -84.143989,
       34.699034
      ],
      [
       -84.144228,
       34.69919
      ],
      [
       -84.144477,
       34.69933
      ],
      [
       -84.144702,
       34.699407
      ],
      [
       -84.144975,
       34.699464
      ],
      [
       -84.145236,
       34.699554
      ],
      [
       -84.14559,
       34.699897
      ],
      [
       -84.145866,
       34.700139
      ],
      [
       -84.14633,
       34.700502
      ],
      [
       -84.14657,
       34.700633
      ],
      [
       -84.146751,
       34.700663
      ],
      [
       -84.146874,
       34.700649
      ],
      [
       -84.147195,
       34.700472
      ],
      [
       -84.147676,
       34.700349
      ],
      [
       -84.147952,
       34.700313
      ],
      [
       -84.148301,
       34.700334
      ],
      [
       -84.148755,
       34.700445
      ],
      [
       -84.149066,
       34.700545
      ],
      [
       -84.149358,
       34.700619
      ],
      [
       -84.149595,
       34.700809
      ],
      [
       -84.150143,
       34.701409
      ],
      [
       -84.150405,
       34.701767
      ],
      [
       -84.150594,
       34.7022
      ],
      [
       -84.150853,
       34.70271
      ]
     ],
     [
      [
       -84.150961,
       34.720247
      ],
      [
       -84.150713,
       34.720584
      ],
      [
       -84.150614,
       34.720817
      ],
      [
       -84.150545,
       34.72105
      ],
      [
       -84.150078,
       34.721936
      ],
      [
       -84.149909,
       34.72241
      ],
      [
       -84.149672,
       34.722816
      ],
      [
       -84.149612,
       34.723058
      ],
      [
       -84.149702,
       34.723421
      ],
      [
       -84.149759,
       34.723808
      ],
      [
       -84.15003,
       34.7242
      ],
      [
       -84.150197,
       34.72438
      ],
      [
       -84.1504069,
       34.724606
      ],
      [
       -84.150398,
       34.724729
      ],
      [
       -84.150539,
       34.724774
      ],
      [
       -84.15071,
       34.724828
      ],
      [
       -84.150846,
       34.724999
      ],
      [
       -84.151159,
       34.725497
      ],
      [
       -84.151493,
       34.72584
      ],
      [
       -84.151788,
       34.726107
      ],
      [
       -84.151974,
       34.726313
      ],
      [
       -84.152097,
       34.726593
      ],
      [
       -84.15216,
       34.726821
      ],
      [
       -84.152414,
       34.727112
      ],
      [
       -84.1526,
       34.727326
      ],
      [
       -84.152988,
       34.727561
      ],
      [
       -84.153607,
       34.728041
      ],
      [
       -84.154105,
       34.728321
      ],
      [
       -84.154418,
       34.728379
      ],
      [
       -84.154934,
       34.72845
      ],
      [
       -84.155205,
       34.728532
      ],
      [
       -84.156038,
       34.728836
      ],
      [
       -84.1565152,
       34.7289942
      ],
      [
       -84.156825,
       34.729144
      ],
      [
       -84.157068,
       34.729166
      ],
      [
       -84.157353,
       34.729148
      ],
      [
       -84.157535,
       34.729169
      ],
      [
       -84.157724,
       34.729299
      ],
      [
       -84.157813,
       34.729352
      ],
      [
       -84.157861,
       34.729453
      ]
     ],
     [
      [
       -84.166593,
       34.717268
      ],
      [
       -84.166762,
       34.717437
      ],
      [
       -84.166827,
       34.717606
      ],
      [
       -84.16668,
       34.717762
      ],
      [
       -84.166261,
       34.71813
      ],
      [
       -84.166026,
       34.718477
      ],
      [
       -84.16603,
       34.718644
      ],
      [
       -84.166084,
       34.718847
      ],
      [
       -84.166267,
       34.719128
      ],
      [
       -84.166352,
       34.719315
      ],
      [
       -84.166297,
       34.719447
      ],
      [
       -84.16614,
       34.719595
      ],
      [
       -84.165883,
       34.719681
      ],
      [
       -84.165598,
       34.719683
      ],
      [
       -84.165299,
       34.719525
      ],
      [
       -84.164803,
       34.719186
      ],
      [
       -84.164331,
       34.718731
      ],
      [
       -84.164212,
       34.718636
      ],
      [
       -84.163939,
       34.718604
      ],
      [
       -84.162614,
       34.718733
      ],
      [
       -84.16221,
       34.718811
      ],
      [
       -84.161702,
       34.718816
      ],
      [
       -84.16101,
       34.718842
      ],
      [
       -84.160008,
       34.719045
      ],
      [
       -84.159169,
       34.719495
      ],
      [
       -84.158758,
       34.719507
      ],
      [
       -84.158525,
       34.719476
      ],
      [
       -84.158229,
       34.719503
      ],
      [
       -84.157719,
       34.719566
      ],
      [
       -84.157444,
       34.719585
      ],
      [
       -84.15709,
       34.719543
      ],
      [
       -84.156809,
       34.719444
      ],
      [
       -84.156412,
       34.719485
      ],
      [
       -84.156032,
       34.719611
      ],
      [
       -84.155791,
       34.71966
      ],
      [
       -84.155426,
       34.719651
      ],
      [
       -84.155181,
       34.719687
      ],
      [
       -84.154871,
       34.719839
      ],
      [
       -84.154647,
       34.719843
      ],
      [
       -84.153661,
       34.71987
      ],
      [
       -84.153309,
       34.720046
      ],
      [
       -84.152745,
       34.720054
      ],
      [
       -84.15245,
       34.720089
      ],
      [
       -84.152086,
       34.720022
      ],
      [
       -84.151688,
       34.720079
      ],
      [
       -84.15127,
       34.720112
      ],
      [
       -84.150961,
       34.720247
      ]
     ],
     [
      [
       -84.159674,
       34.740455
      ],
      [
       -84.159825,
       34.740437
      ]
     ],
     [
      [
       -84.157861,
       34.729453
      ],
      [
       -84.157155,
       34.730114
      ],
      [
       -84.156984,
       34.730363
      ],
      [
       -84.156866,
       34.730455
      ],
      [
       -84.156754,
       34.730666
      ],
      [
       -84.156693,
       34.730775
      ],
      [
       -84.156312,
       34.730979
      ],
      [
       -84.156135,
       34.731133
      ],
      [
       -84.156103,
       34.731227
      ],
      [
       -84.156147,
       34.731347
      ],
      [
       -84.156247,
       34.731483
      ],
      [
       -84.156237,
       34.731783
      ],
      [
       -84.156272,
       34.732017
      ],
      [
       -84.156418,
       34.732218
      ],
      [
       -84.156663,
       34.73235
      ],
      [
       -84.156975,
       34.732452
      ],
      [
       -84.157162,
       34.732567
      ],
      [
       -84.157328,
       34.732745
      ],
      [
       -84.157488,
       34.732836
      ],
      [
       -84.157763,
       34.732897
      ],
      [
       -84.158133,
       34.733009
      ],
      [
       -84.158311,
       34.733123
      ],
      [
       -84.158545,
       34.733255
      ],
      [
       -84.158754,
       34.7333
      ],
      [
       -84.158974,
       34.733313
      ],
      [
       -84.159365,
       34.733338
      ],
      [
       -84.159769,
       34.733422
      ],
      [
       -84.159977,
       34.733506
      ],
      [
       -84.160134,
       34.733683
      ],
      [
       -84.160341,
       34.733783
      ],
      [
       -84.160482,
       34.733857
      ],
      [
       -84.160555,
       34.733946
      ],
      [
       -84.160548,
       34.734143
      ],
      [
       -84.160444,
       34.734394
      ],
      [
       -84.160105,
       34.734789
      ],
      [
       -84.159807,
       34.735114
      ],
      [
       -84.159604,
       34.73518
      ],
      [
       -84.159277,
       34.735228
      ],
      [
       -84.159049,
       34.735167
      ],
      [
       -84.158708,
       34.735072
      ],
      [
       -84.158546,
       34.735045
      ],
      [
       -84.158307,
       34.735047
      ],
      [
       -84.157917,
       34.73499
      ],
      [
       -84.157689,
       34.734938
      ],
      [
       -84.157374,
       34.734907
      ],
      [
       -84.157004,
       34.734803
      ],
      [
       -84.156678,
       34.734819
      ],
      [
       -84.156437,
       34.734877
      ],
      [
       -84.156221,
       34.73503
      ],
      [
       -84.156048,
       34.735358
      ],
      [
       -84.155821,
       34.735672
      ],
      [
       -84.155737,
       34.735891
      ],
      [
       -84.155762,
       34.736018
      ],
      [
       -84.155881,
       34.736432
      ],
      [
       -84.155878,
       34.736819
      ],
      [
       -84.155698,
       34.737305
      ],
      [
       -84.155578,
       34.737744
      ],
      [
       -84.155496,
       34.738315
      ],
      [
       -84.155504,
       34.738663
      ],
      [
       -84.155644,
       34.739037
      ],
      [
       -84.155889,
       34.73943
      ],
      [
       -84.155956,
       34.739692
      ],
      [
       -84.156193,
       34.740053
      ],
      [
       -84.156311,
       34.74023
      ],
      [
       -84.156397,
       34.740248
      ],
      [
       -84.156521,
       34.740259
      ],
      [
       -84.156654,
       34.74027
      ],
      [
       -84.15673,
       34.740303
      ],
      [
       -84.156864,
       34.740421
      ],
      [
       -84.156993,
       34.740582
      ],
      [
       -84.157158,
       34.740799
      ],
      [
       -84.157287,
       34.74092
      ],
      [
       -84.157362,
       34.740985
      ],
      [
       -84.157611,
       34.740983
      ],
      [
       -84.157744,
       34.740994
      ],
      [
       -84.157986,
       34.740913
      ],
      [
       -84.158172,
       34.740791
      ],
      [
       -84.158443,
       34.740702
      ],
      [
       -84.158635,
       34.740691
      ],
      [
       -84.158925,
       34.740619
      ],
      [
       -84.159254,
       34.740516
      ],
      [
       -84.159466,
       34.740473
      ],
      [
       -84.159674,
       34.740455
      ]
     ]
    ]
   }
  },
  {
   "type": "Feature",
   "properties": {
    "name": "Frogtown Creek",
    "label": "Frogtown Creek",
    "category": "waterway",
    "coord_source": "OpenStreetMap contributors, via api.openstreetmap.org/api/0.6/map small-bbox fetch, 2026-09-21 (ODbL). Overpass API mirrors and api.open-elevation.com are unreachable this session (tested), so all geometry comes from the main OSM API instead. Matched way(s) tagged waterway=stream|river with name matching \"Frogtown Creek\", bbox ±0.01 deg around the spot's published coordinate (34.70556,-83.91778)."
   },
   "geometry": {
    "type": "MultiLineString",
    "coordinates": [
     [
      [
       -83.914675,
       34.716404
      ],
      [
       -83.914612,
       34.716183
      ],
      [
       -83.91452,
       34.716045
      ],
      [
       -83.914383,
       34.715925
      ],
      [
       -83.914157,
       34.715783
      ],
      [
       -83.913915,
       34.715648
      ],
      [
       -83.913762,
       34.715539
      ],
      [
       -83.913535,
       34.71541
      ],
      [
       -83.913315,
       34.715305
      ],
      [
       -83.913136,
       34.715193
      ],
      [
       -83.913042,
       34.715123
      ],
      [
       -83.912985,
       34.715047
      ],
      [
       -83.912938,
       34.714904
      ]
     ],
     [
      [
       -83.912938,
       34.714904
      ],
      [
       -83.912894,
       34.71456
      ],
      [
       -83.912913,
       34.714456
      ],
      [
       -83.912865,
       34.714356
      ],
      [
       -83.912863,
       34.714202
      ],
      [
       -83.912856,
       34.713998
      ],
      [
       -83.912839,
       34.71385
      ],
      [
       -83.912845,
       34.713677
      ],
      [
       -83.91289,
       34.713462
      ],
      [
       -83.912917,
       34.713352
      ],
      [
       -83.913028,
       34.713092
      ],
      [
       -83.9131,
       34.712952
      ],
      [
       -83.91324,
       34.712814
      ],
      [
       -83.91338,
       34.712651
      ],
      [
       -83.91356,
       34.712446
      ],
      [
       -83.913745,
       34.712284
      ],
      [
       -83.913847,
       34.712151
      ],
      [
       -83.913963,
       34.712043
      ],
      [
       -83.914095,
       34.711923
      ],
      [
       -83.914112,
       34.711867
      ],
      [
       -83.9141085,
       34.7117633
      ],
      [
       -83.9140848,
       34.7116593
      ],
      [
       -83.9141481,
       34.7114903
      ],
      [
       -83.9142113,
       34.7113667
      ],
      [
       -83.9142509,
       34.7112627
      ],
      [
       -83.914245,
       34.711201
      ],
      [
       -83.914255,
       34.711134
      ],
      [
       -83.914226,
       34.710905
      ],
      [
       -83.914216,
       34.710781
      ],
      [
       -83.914163,
       34.710582
      ],
      [
       -83.91416,
       34.710459
      ],
      [
       -83.914126,
       34.710365
      ],
      [
       -83.914143,
       34.710329
      ],
      [
       -83.914175,
       34.710256
      ],
      [
       -83.914208,
       34.710176
      ],
      [
       -83.91421,
       34.710133
      ],
      [
       -83.914204,
       34.710096
      ],
      [
       -83.914198,
       34.710046
      ],
      [
       -83.914192,
       34.710003
      ],
      [
       -83.914208,
       34.709967
      ],
      [
       -83.914218,
       34.709911
      ],
      [
       -83.914213,
       34.709843
      ],
      [
       -83.914215,
       34.709788
      ],
      [
       -83.914167,
       34.709676
      ],
      [
       -83.914131,
       34.709631
      ],
      [
       -83.914032,
       34.709493
      ],
      [
       -83.913995,
       34.709392
      ],
      [
       -83.913991,
       34.709381
      ],
      [
       -83.913957,
       34.709192
      ],
      [
       -83.91396,
       34.7091
      ],
      [
       -83.914018,
       34.708965
      ],
      [
       -83.914144,
       34.70879
      ],
      [
       -83.914222,
       34.708705
      ],
      [
       -83.914276,
       34.708645
      ],
      [
       -83.914324,
       34.708554
      ],
      [
       -83.914461,
       34.708489
      ],
      [
       -83.914561,
       34.708411
      ],
      [
       -83.914746,
       34.708274
      ],
      [
       -83.914937,
       34.708156
      ],
      [
       -83.915144,
       34.708001
      ],
      [
       -83.915373,
       34.707871
      ],
      [
       -83.915543,
       34.707721
      ],
      [
       -83.915653,
       34.707588
      ],
      [
       -83.915709,
       34.707497
      ],
      [
       -83.915819,
       34.707231
      ],
      [
       -83.915831,
       34.70712
      ],
      [
       -83.915883,
       34.706912
      ],
      [
       -83.915895,
       34.706795
      ],
      [
       -83.91591,
       34.706712
      ]
     ],
     [
      [
       -83.91591,
       34.706712
      ],
      [
       -83.91597,
       34.706593
      ],
      [
       -83.915973,
       34.706519
      ],
      [
       -83.916046,
       34.706354
      ],
      [
       -83.916102,
       34.706245
      ],
      [
       -83.91616,
       34.706098
      ],
      [
       -83.916199,
       34.70605
      ],
      [
       -83.916213,
       34.705871
      ],
      [
       -83.916241,
       34.70573
      ],
      [
       -83.916255,
       34.705558
      ],
      [
       -83.916259,
       34.70516
      ],
      [
       -83.916251,
       34.70495
      ],
      [
       -83.916245,
       34.704715
      ],
      [
       -83.916237,
       34.704524
      ],
      [
       -83.916218,
       34.704443
      ],
      [
       -83.916192,
       34.704331
      ],
      [
       -83.916217,
       34.704258
      ],
      [
       -83.916228,
       34.703975
      ],
      [
       -83.916246,
       34.703697
      ],
      [
       -83.916273,
       34.70355
      ],
      [
       -83.91633,
       34.703147
      ],
      [
       -83.916333,
       34.703049
      ],
      [
       -83.916321,
       34.70298
      ],
      [
       -83.91637,
       34.702852
      ],
      [
       -83.916403,
       34.702779
      ],
      [
       -83.916406,
       34.702699
      ],
      [
       -83.916408,
       34.702637
      ],
      [
       -83.91641,
       34.702588
      ],
      [
       -83.916428,
       34.70252
      ],
      [
       -83.916415,
       34.702446
      ],
      [
       -83.916375,
       34.702322
      ],
      [
       -83.91632,
       34.702197
      ],
      [
       -83.916309,
       34.702104
      ],
      [
       -83.916296,
       34.702042
      ],
      [
       -83.916265,
       34.701875
      ],
      [
       -83.916233,
       34.701726
      ],
      [
       -83.916238,
       34.701596
      ],
      [
       -83.916273,
       34.701138
      ],
      [
       -83.91629,
       34.700891
      ],
      [
       -83.916287,
       34.700762
      ],
      [
       -83.916282,
       34.700718
      ],
      [
       -83.916209,
       34.700655
      ],
      [
       -83.916057,
       34.700527
      ],
      [
       -83.915991,
       34.700489
      ],
      [
       -83.915926,
       34.700425
      ],
      [
       -83.915905,
       34.7004
      ],
      [
       -83.915883,
       34.700381
      ],
      [
       -83.915773,
       34.700329
      ],
      [
       -83.915737,
       34.700291
      ],
      [
       -83.91568,
       34.700222
      ],
      [
       -83.915631,
       34.700134
      ],
      [
       -83.915611,
       34.700078
      ],
      [
       -83.915597,
       34.700047
      ],
      [
       -83.915599,
       34.699998
      ],
      [
       -83.915586,
       34.699936
      ],
      [
       -83.915573,
       34.699892
      ],
      [
       -83.915551,
       34.699873
      ],
      [
       -83.91553,
       34.699842
      ],
      [
       -83.915494,
       34.699798
      ],
      [
       -83.915445,
       34.69971
      ],
      [
       -83.915394,
       34.699672
      ],
      [
       -83.915293,
       34.699577
      ],
      [
       -83.915204,
       34.699472
      ],
      [
       -83.915177,
       34.699392
      ],
      [
       -83.915173,
       34.699299
      ],
      [
       -83.915152,
       34.699255
      ],
      [
       -83.915097,
       34.69913
      ],
      [
       -83.915003,
       34.699035
      ],
      [
       -83.914983,
       34.698979
      ],
      [
       -83.914977,
       34.698942
      ],
      [
       -83.914955,
       34.698917
      ],
      [
       -83.914928,
       34.698855
      ],
      [
       -83.914892,
       34.698811
      ],
      [
       -83.914879,
       34.698749
      ],
      [
       -83.914874,
       34.698693
      ],
      [
       -83.914867,
       34.698668
      ],
      [
       -83.914854,
       34.698637
      ],
      [
       -83.91484,
       34.698593
      ],
      [
       -83.914834,
       34.698568
      ],
      [
       -83.914828,
       34.698525
      ],
      [
       -83.914807,
       34.698488
      ],
      [
       -83.9148,
       34.698475
      ],
      [
       -83.914711,
       34.698257
      ],
      [
       -83.914596,
       34.698118
      ],
      [
       -83.914483,
       34.697961
      ],
      [
       -83.914485,
       34.697906
      ],
      [
       -83.914463,
       34.69788
      ],
      [
       -83.914437,
       34.697781
      ],
      [
       -83.914316,
       34.697611
      ],
      [
       -83.914326,
       34.697556
      ],
      [
       -83.914277,
       34.697361
      ],
      [
       -83.914251,
       34.697273
      ],
      [
       -83.914194,
       34.697186
      ],
      [
       -83.914103,
       34.697035
      ],
      [
       -83.914018,
       34.69691
      ],
      [
       -83.914021,
       34.696823
      ],
      [
       -83.913897,
       34.69674
      ],
      [
       -83.91387,
       34.696653
      ],
      [
       -83.913836,
       34.696572
      ],
      [
       -83.913698,
       34.696464
      ],
      [
       -83.913599,
       34.696319
      ],
      [
       -83.913521,
       34.6962
      ],
      [
       -83.913459,
       34.696063
      ],
      [
       -83.913416,
       34.696006
      ],
      [
       -83.913417,
       34.695988
      ],
      [
       -83.91342,
       34.695914
      ],
      [
       -83.913406,
       34.695882
      ],
      [
       -83.913359,
       34.695745
      ],
      [
       -83.913317,
       34.695652
      ],
      [
       -83.913311,
       34.695615
      ],
      [
       -83.913292,
       34.69554
      ],
      [
       -83.913166,
       34.695201
      ],
      [
       -83.91314,
       34.695089
      ],
      [
       -83.913155,
       34.694904
      ],
      [
       -83.91312,
       34.694829
      ],
      [
       -83.913081,
       34.694674
      ],
      [
       -83.913062,
       34.694575
      ],
      [
       -83.913057,
       34.694519
      ],
      [
       -83.913045,
       34.694445
      ],
      [
       -83.913017,
       34.694376
      ],
      [
       -83.912989,
       34.694326
      ],
      [
       -83.912976,
       34.694295
      ],
      [
       -83.913001,
       34.694222
      ],
      [
       -83.91301,
       34.69416
      ],
      [
       -83.912998,
       34.694098
      ],
      [
       -83.912985,
       34.694049
      ],
      [
       -83.912973,
       34.693974
      ],
      [
       -83.912959,
       34.693931
      ],
      [
       -83.912925,
       34.693837
      ],
      [
       -83.912926,
       34.693825
      ],
      [
       -83.912945,
       34.693714
      ],
      [
       -83.912996,
       34.693555
      ],
      [
       -83.913052,
       34.69335
      ],
      [
       -83.913055,
       34.69327
      ],
      [
       -83.913075,
       34.693128
      ],
      [
       -83.913031,
       34.692893
      ],
      [
       -83.913016,
       34.692695
      ],
      [
       -83.913007,
       34.692541
      ],
      [
       -83.912972,
       34.692472
      ],
      [
       -83.912948,
       34.692336
      ],
      [
       -83.912934,
       34.692286
      ],
      [
       -83.912923,
       34.692199
      ],
      [
       -83.912891,
       34.692056
      ],
      [
       -83.912863,
       34.691994
      ],
      [
       -83.912836,
       34.691926
      ],
      [
       -83.912838,
       34.691864
      ],
      [
       -83.912833,
       34.691802
      ],
      [
       -83.912809,
       34.691641
      ],
      [
       -83.912803,
       34.691604
      ],
      [
       -83.91278,
       34.691526
      ],
      [
       -83.912708,
       34.691444
      ],
      [
       -83.912658,
       34.691381
      ],
      [
       -83.912639,
       34.691282
      ],
      [
       -83.912641,
       34.691226
      ],
      [
       -83.912658,
       34.691171
      ],
      [
       -83.912641,
       34.691048
      ],
      [
       -83.912616,
       34.690899
      ],
      [
       -83.912532,
       34.690749
      ],
      [
       -83.912491,
       34.690649
      ],
      [
       -83.912451,
       34.690524
      ],
      [
       -83.912432,
       34.690425
      ],
      [
       -83.912427,
       34.69037
      ],
      [
       -83.91242,
       34.690154
      ],
      [
       -83.912453,
       34.690074
      ],
      [
       -83.912601,
       34.689905
      ],
      [
       -83.912705,
       34.689729
      ],
      [
       -83.912769,
       34.689594
      ],
      [
       -83.912943,
       34.689448
      ],
      [
       -83.913327,
       34.689168
      ],
      [
       -83.913536,
       34.688976
      ],
      [
       -83.913669,
       34.688794
      ],
      [
       -83.913683,
       34.688634
      ],
      [
       -83.913632,
       34.688589
      ],
      [
       -83.913512,
       34.688593
      ],
      [
       -83.913413,
       34.688646
      ],
      [
       -83.913383,
       34.688657
      ],
      [
       -83.913346,
       34.688656
      ],
      [
       -83.913257,
       34.688635
      ],
      [
       -83.913228,
       34.688598
      ],
      [
       -83.913178,
       34.688559
      ],
      [
       -83.913157,
       34.688509
      ],
      [
       -83.913143,
       34.688484
      ],
      [
       -83.913115,
       34.688231
      ],
      [
       -83.913187,
       34.687906
      ],
      [
       -83.913315,
       34.687668
      ],
      [
       -83.913691,
       34.687298
      ],
      [
       -83.913884,
       34.687143
      ],
      [
       -83.913946,
       34.687077
      ],
      [
       -83.914056,
       34.686937
      ],
      [
       -83.914187,
       34.68683
      ],
      [
       -83.914332,
       34.686735
      ],
      [
       -83.914432,
       34.686651
      ],
      [
       -83.914575,
       34.686432
      ],
      [
       -83.914599,
       34.686377
      ],
      [
       -83.914677,
       34.686287
      ],
      [
       -83.914679,
       34.686052
      ],
      [
       -83.914678,
       34.685855
      ],
      [
       -83.91455,
       34.685685
      ],
      [
       -83.914462,
       34.685646
      ],
      [
       -83.914236,
       34.6856
      ],
      [
       -83.914035,
       34.685595
      ],
      [
       -83.913758,
       34.685606
      ],
      [
       -83.91345,
       34.685642
      ],
      [
       -83.913202,
       34.685685
      ],
      [
       -83.913054,
       34.68565
      ],
      [
       -83.912915,
       34.685567
      ],
      [
       -83.912859,
       34.685473
      ],
      [
       -83.912781,
       34.685366
      ],
      [
       -83.912777,
       34.685273
      ],
      [
       -83.912817,
       34.685206
      ],
      [
       -83.912904,
       34.685067
      ],
      [
       -83.913065,
       34.68496
      ],
      [
       -83.913121,
       34.684862
      ],
      [
       -83.913244,
       34.684754
      ],
      [
       -83.913307,
       34.68467
      ],
      [
       -83.913485,
       34.684495
      ],
      [
       -83.913653,
       34.684407
      ],
      [
       -83.913812,
       34.684349
      ],
      [
       -83.914054,
       34.684269
      ],
      [
       -83.914242,
       34.684237
      ],
      [
       -83.914423,
       34.684186
      ],
      [
       -83.914508,
       34.684114
      ],
      [
       -83.914579,
       34.684011
      ],
      [
       -83.914635,
       34.683901
      ],
      [
       -83.914622,
       34.683864
      ],
      [
       -83.914551,
       34.683757
      ],
      [
       -83.914598,
       34.683684
      ],
      [
       -83.914593,
       34.683521
      ],
      [
       -83.914571,
       34.683317
      ],
      [
       -83.91457,
       34.683144
      ],
      [
       -83.914591,
       34.682978
      ],
      [
       -83.914687,
       34.68282
      ],
      [
       -83.914835,
       34.682638
      ],
      [
       -83.915022,
       34.682446
      ],
      [
       -83.915206,
       34.682321
      ],
      [
       -83.915427,
       34.682197
      ],
      [
       -83.915649,
       34.682048
      ],
      [
       -83.915863,
       34.681899
      ],
      [
       -83.916028,
       34.6817
      ],
      [
       -83.916158,
       34.681503
      ],
      [
       -83.916232,
       34.68132
      ],
      [
       -83.916289,
       34.681204
      ],
      [
       -83.916336,
       34.681137
      ],
      [
       -83.916356,
       34.681014
      ],
      [
       -83.916427,
       34.680905
      ],
      [
       -83.91646,
       34.680826
      ],
      [
       -83.916454,
       34.68077
      ],
      [
       -83.916441,
       34.680714
      ],
      [
       -83.916436,
       34.680658
      ],
      [
       -83.916437,
       34.680628
      ],
      [
       -83.916431,
       34.680603
      ],
      [
       -83.916442,
       34.680504
      ],
      [
       -83.91645,
       34.680492
      ],
      [
       -83.916474,
       34.680443
      ],
      [
       -83.91651,
       34.68029
      ],
      [
       -83.916524,
       34.680105
      ],
      [
       -83.916476,
       34.679981
      ],
      [
       -83.916465,
       34.679888
      ],
      [
       -83.916474,
       34.679845
      ],
      [
       -83.916479,
       34.679697
      ],
      [
       -83.916558,
       34.679486
      ],
      [
       -83.916647,
       34.679291
      ],
      [
       -83.916778,
       34.679189
      ],
      [
       -83.917021,
       34.679078
      ],
      [
       -83.91727,
       34.679023
      ],
      [
       -83.917443,
       34.678978
      ],
      [
       -83.917857,
       34.678902
      ],
      [
       -83.918164,
       34.678867
      ],
      [
       -83.918352,
       34.678828
      ],
      [
       -83.918428,
       34.678793
      ],
      [
       -83.918481,
       34.678788
      ],
      [
       -83.918534,
       34.678777
      ],
      [
       -83.918594,
       34.678754
      ],
      [
       -83.918624,
       34.678743
      ],
      [
       -83.918696,
       34.678735
      ]
     ]
    ]
   }
  },
  {
   "type": "Feature",
   "properties": {
    "name": "Cooper Creek",
    "label": "Cooper Creek",
    "category": "waterway",
    "coord_source": "OpenStreetMap contributors, via api.openstreetmap.org/api/0.6/map small-bbox fetch, 2026-09-21 (ODbL). Overpass API mirrors and api.open-elevation.com are unreachable this session (tested), so all geometry comes from the main OSM API instead. Matched way(s) tagged waterway=stream|river with name matching \"Cooper Creek\", bbox ±0.01 deg around the spot's published coordinate (34.76325,-84.06754)."
   },
   "geometry": {
    "type": "MultiLineString",
    "coordinates": [
     [
      [
       -84.066808,
       34.7587587
      ],
      [
       -84.067085,
       34.758762
      ],
      [
       -84.067319,
       34.758859
      ],
      [
       -84.067546,
       34.758967
      ],
      [
       -84.067625,
       34.758998
      ],
      [
       -84.067741,
       34.759049
      ],
      [
       -84.067889,
       34.759127
      ],
      [
       -84.068061,
       34.759238
      ],
      [
       -84.068194,
       34.759331
      ],
      [
       -84.068289,
       34.759406
      ],
      [
       -84.068379,
       34.759484
      ],
      [
       -84.068406,
       34.759512
      ],
      [
       -84.068454,
       34.759572
      ],
      [
       -84.068474,
       34.759604
      ],
      [
       -84.068505,
       34.759671
      ],
      [
       -84.068516,
       34.759705
      ],
      [
       -84.068528,
       34.759776
      ],
      [
       -84.068531,
       34.759847
      ],
      [
       -84.06853,
       34.759883
      ],
      [
       -84.068501,
       34.760095
      ],
      [
       -84.068485,
       34.760273
      ],
      [
       -84.068476,
       34.760308
      ],
      [
       -84.06845,
       34.760376
      ],
      [
       -84.068414,
       34.760441
      ],
      [
       -84.06834,
       34.76053
      ],
      [
       -84.068209,
       34.760673
      ],
      [
       -84.068161,
       34.760733
      ],
      [
       -84.068078,
       34.760859
      ],
      [
       -84.068047,
       34.760926
      ],
      [
       -84.068035,
       34.76096
      ],
      [
       -84.068017,
       34.76103
      ],
      [
       -84.067992,
       34.761207
      ],
      [
       -84.067938,
       34.761417
      ],
      [
       -84.067934,
       34.761488
      ],
      [
       -84.067947,
       34.761559
      ],
      [
       -84.067958,
       34.761593
      ],
      [
       -84.067992,
       34.761659
      ],
      [
       -84.068041,
       34.761719
      ],
      [
       -84.068071,
       34.761745
      ],
      [
       -84.068102,
       34.76177
      ],
      [
       -84.068173,
       34.761813
      ],
      [
       -84.068442,
       34.761934
      ],
      [
       -84.068508,
       34.761981
      ],
      [
       -84.068537,
       34.762008
      ],
      [
       -84.068566,
       34.762035
      ],
      [
       -84.068612,
       34.762096
      ],
      [
       -84.068662,
       34.762195
      ],
      [
       -84.068686,
       34.762263
      ],
      [
       -84.068704,
       34.762333
      ],
      [
       -84.068713,
       34.762404
      ],
      [
       -84.068719,
       34.762583
      ],
      [
       -84.068733,
       34.762689
      ],
      [
       -84.068757,
       34.762795
      ],
      [
       -84.068779,
       34.762864
      ],
      [
       -84.068819,
       34.762966
      ],
      [
       -84.068942,
       34.763234
      ],
      [
       -84.068994,
       34.763332
      ],
      [
       -84.069033,
       34.763396
      ],
      [
       -84.069085,
       34.763454
      ],
      [
       -84.069116,
       34.76348
      ],
      [
       -84.069152,
       34.7635
      ],
      [
       -84.069192,
       34.763515
      ],
      [
       -84.06923,
       34.763533
      ],
      [
       -84.069356,
       34.763614
      ]
     ],
     [
      [
       -84.069356,
       34.763614
      ],
      [
       -84.069521,
       34.763662
      ],
      [
       -84.069563,
       34.763671
      ],
      [
       -84.069877,
       34.763697
      ]
     ],
     [
      [
       -84.069877,
       34.763697
      ],
      [
       -84.069965,
       34.763701
      ],
      [
       -84.070009,
       34.763699
      ],
      [
       -84.070138,
       34.763677
      ],
      [
       -84.070265,
       34.763648
      ],
      [
       -84.070306,
       34.763635
      ],
      [
       -84.070347,
       34.763622
      ],
      [
       -84.070463,
       34.763571
      ],
      [
       -84.070536,
       34.763531
      ],
      [
       -84.070566,
       34.763505
      ],
      [
       -84.070846,
       34.76323
      ],
      [
       -84.070944,
       34.763111
      ],
      [
       -84.07108,
       34.762928
      ],
      [
       -84.071159,
       34.762762
      ],
      [
       -84.071186,
       34.762694
      ],
      [
       -84.071275,
       34.762531
      ],
      [
       -84.071307,
       34.762465
      ],
      [
       -84.07144,
       34.76224
      ],
      [
       -84.071665,
       34.761816
      ],
      [
       -84.071798,
       34.761552
      ],
      [
       -84.071825,
       34.761512
      ],
      [
       -84.071925,
       34.761442
      ],
      [
       -84.072037,
       34.761385
      ],
      [
       -84.072115,
       34.761352
      ],
      [
       -84.072743,
       34.76119
      ],
      [
       -84.073163,
       34.761085
      ],
      [
       -84.07329,
       34.761055
      ],
      [
       -84.073376,
       34.76104
      ],
      [
       -84.073588,
       34.760992
      ],
      [
       -84.073668,
       34.760964
      ],
      [
       -84.073825,
       34.760901
      ],
      [
       -84.073866,
       34.760888
      ],
      [
       -84.074038,
       34.760858
      ],
      [
       -84.074125,
       34.76085
      ],
      [
       -84.074213,
       34.760848
      ],
      [
       -84.074301,
       34.760852
      ],
      [
       -84.074344,
       34.760859
      ],
      [
       -84.074427,
       34.760881
      ],
      [
       -84.074548,
       34.760922
      ],
      [
       -84.074744,
       34.761002
      ],
      [
       -84.07512,
       34.761187
      ],
      [
       -84.075268,
       34.761263
      ],
      [
       -84.075699,
       34.761507
      ],
      [
       -84.075911,
       34.761633
      ],
      [
       -84.076081,
       34.761743
      ],
      [
       -84.076473,
       34.76197
      ],
      [
       -84.07685,
       34.762154
      ],
      [
       -84.077005,
       34.762222
      ],
      [
       -84.077085,
       34.762251
      ],
      [
       -84.077495,
       34.762373
      ],
      [
       -84.077663,
       34.762416
      ],
      [
       -84.077706,
       34.76242
      ],
      [
       -84.07775,
       34.762419
      ],
      [
       -84.077879,
       34.762398
      ],
      [
       -84.078047,
       34.762357
      ],
      [
       -84.078318,
       34.762242
      ],
      [
       -84.078714,
       34.762098
      ],
      [
       -84.078792,
       34.762066
      ],
      [
       -84.079349,
       34.761861
      ],
      [
       -84.079505,
       34.761797
      ],
      [
       -84.079545,
       34.761784
      ],
      [
       -84.079818,
       34.761671
      ],
      [
       -84.079897,
       34.761642
      ],
      [
       -84.080127,
       34.761538
      ],
      [
       -84.081037,
       34.761105
      ],
      [
       -84.081108,
       34.761062
      ],
      [
       -84.08114,
       34.761038
      ],
      [
       -84.081243,
       34.760972
      ],
      [
       -84.081313,
       34.760931
      ],
      [
       -84.081346,
       34.760908
      ],
      [
       -84.081402,
       34.760853
      ],
      [
       -84.081454,
       34.760796
      ],
      [
       -84.081474,
       34.760764
      ],
      [
       -84.081496,
       34.760695
      ],
      [
       -84.08151,
       34.760626
      ],
      [
       -84.081509,
       34.76059
      ],
      [
       -84.081496,
       34.760556
      ],
      [
       -84.081481,
       34.760486
      ],
      [
       -84.081458,
       34.760417
      ],
      [
       -84.081286,
       34.760051
      ],
      [
       -84.081218,
       34.759919
      ],
      [
       -84.081197,
       34.759888
      ],
      [
       -84.081163,
       34.759823
      ],
      [
       -84.080688,
       34.759102
      ],
      [
       -84.080645,
       34.75904
      ],
      [
       -84.080571,
       34.758952
      ],
      [
       -84.080502,
       34.758848
      ],
      [
       -84.080466,
       34.758784
      ],
      [
       -84.080246,
       34.758436
      ],
      [
       -84.080011,
       34.758134
      ],
      [
       -84.079901,
       34.75798
      ],
      [
       -84.079863,
       34.757916
      ],
      [
       -84.07985,
       34.757883
      ],
      [
       -84.079781,
       34.757753
      ],
      [
       -84.079761,
       34.757722
      ],
      [
       -84.079717,
       34.757621
      ],
      [
       -84.079702,
       34.757552
      ],
      [
       -84.079698,
       34.757516
      ],
      [
       -84.0797,
       34.757481
      ],
      [
       -84.079758,
       34.75731
      ],
      [
       -84.079773,
       34.757277
      ],
      [
       -84.079799,
       34.757248
      ],
      [
       -84.079856,
       34.757194
      ],
      [
       -84.079882,
       34.757165
      ],
      [
       -84.079996,
       34.757057
      ],
      [
       -84.080027,
       34.757032
      ],
      [
       -84.080084,
       34.757
      ],
      [
       -84.080211,
       34.75697
      ],
      [
       -84.080296,
       34.756954
      ],
      [
       -84.080516,
       34.756944
      ],
      [
       -84.08056,
       34.756947
      ],
      [
       -84.080643,
       34.756966
      ],
      [
       -84.08089,
       34.757039
      ],
      [
       -84.081042,
       34.75711
      ],
      [
       -84.081359,
       34.7573
      ],
      [
       -84.081495,
       34.757391
      ],
      [
       -84.081792,
       34.757602
      ],
      [
       -84.081919,
       34.7577
      ],
      [
       -84.0820428,
       34.7577625
      ],
      [
       -84.0821348,
       34.7577925
      ],
      [
       -84.0823283,
       34.7578245
      ],
      [
       -84.0825267,
       34.7578406
      ],
      [
       -84.0826872,
       34.7578247
      ],
      [
       -84.0828064,
       34.7577967
      ],
      [
       -84.0829754,
       34.757759
      ],
      [
       -84.0830895,
       34.7577302
      ],
      [
       -84.0832252,
       34.7576557
      ],
      [
       -84.083549,
       34.757564
      ],
      [
       -84.083679,
       34.75747
      ],
      [
       -84.083785,
       34.757407
      ],
      [
       -84.083824,
       34.757391
      ],
      [
       -84.083944,
       34.757347
      ],
      [
       -84.084066,
       34.757309
      ],
      [
       -84.08432,
       34.757263
      ],
      [
       -84.084406,
       34.757255
      ],
      [
       -84.08467,
       34.757248
      ],
      [
       -84.084932,
       34.757253
      ],
      [
       -84.085063,
       34.757252
      ],
      [
       -84.08515,
       34.757246
      ],
      [
       -84.085279,
       34.757232
      ],
      [
       -84.085364,
       34.757216
      ],
      [
       -84.085407,
       34.757214
      ],
      [
       -84.085834,
       34.757146
      ],
      [
       -84.08592,
       34.757134
      ],
      [
       -84.086132,
       34.757097
      ],
      [
       -84.086307,
       34.757089
      ],
      [
       -84.086395,
       34.757088
      ],
      [
       -84.086439,
       34.75709
      ],
      [
       -84.08648,
       34.757102
      ],
      [
       -84.086566,
       34.757113
      ],
      [
       -84.08665,
       34.75713
      ],
      [
       -84.086906,
       34.757166
      ],
      [
       -84.087461,
       34.757262
      ],
      [
       -84.087672,
       34.757308
      ],
      [
       -84.087713,
       34.75732
      ],
      [
       -84.087957,
       34.757401
      ],
      [
       -84.088118,
       34.757459
      ],
      [
       -84.088194,
       34.757493
      ],
      [
       -84.088231,
       34.757513
      ],
      [
       -84.088295,
       34.75756
      ],
      [
       -84.088415,
       34.757664
      ],
      [
       -84.088484,
       34.757708
      ],
      [
       -84.088521,
       34.757726
      ],
      [
       -84.088561,
       34.75774
      ],
      [
       -84.088691,
       34.75776
      ],
      [
       -84.088771,
       34.757788
      ],
      [
       -84.088808,
       34.757807
      ],
      [
       -84.088945,
       34.757895
      ],
      [
       -84.089008,
       34.757944
      ],
      [
       -84.089076,
       34.757987
      ],
      [
       -84.089242,
       34.758103
      ],
      [
       -84.089273,
       34.758127
      ],
      [
       -84.089329,
       34.758182
      ],
      [
       -84.08938,
       34.75824
      ],
      [
       -84.089427,
       34.7583
      ],
      [
       -84.089486,
       34.758394
      ],
      [
       -84.089573,
       34.758517
      ],
      [
       -84.089611,
       34.758581
      ],
      [
       -84.089627,
       34.758651
      ],
      [
       -84.089625,
       34.758686
      ],
      [
       -84.089616,
       34.758721
      ],
      [
       -84.089603,
       34.758755
      ],
      [
       -84.089568,
       34.7588
      ],
      [
       -84.08949,
       34.758885
      ],
      [
       -84.089433,
       34.75894
      ],
      [
       -84.089344,
       34.759018
      ],
      [
       -84.089245,
       34.759089
      ],
      [
       -84.089136,
       34.759148
      ],
      [
       -84.088948,
       34.75924
      ],
      [
       -84.088729,
       34.759358
      ],
      [
       -84.088584,
       34.759438
      ],
      [
       -84.088407,
       34.759544
      ],
      [
       -84.08834,
       34.759589
      ],
      [
       -84.088311,
       34.759616
      ],
      [
       -84.088236,
       34.759703
      ],
      [
       -84.088198,
       34.759767
      ],
      [
       -84.088135,
       34.759897
      ],
      [
       -84.088062,
       34.760024
      ],
      [
       -84.088051,
       34.760095
      ],
      [
       -84.088058,
       34.7602
      ],
      [
       -84.088082,
       34.760268
      ],
      [
       -84.088117,
       34.760332
      ],
      [
       -84.088256,
       34.760512
      ],
      [
       -84.088381,
       34.760658
      ],
      [
       -84.088487,
       34.760772
      ],
      [
       -84.0886,
       34.760879
      ],
      [
       -84.088661,
       34.760929
      ],
      [
       -84.088746,
       34.761009
      ],
      [
       -84.088832,
       34.761132
      ],
      [
       -84.088935,
       34.761287
      ],
      [
       -84.088997,
       34.761336
      ],
      [
       -84.089034,
       34.761355
      ],
      [
       -84.089116,
       34.761379
      ],
      [
       -84.0892,
       34.761398
      ],
      [
       -84.089351,
       34.761468
      ],
      [
       -84.089429,
       34.761498
      ],
      [
       -84.089557,
       34.761523
      ],
      [
       -84.089901,
       34.761562
      ],
      [
       -84.090244,
       34.761558
      ],
      [
       -84.090331,
       34.761564
      ],
      [
       -84.090417,
       34.761575
      ],
      [
       -84.090547,
       34.761579
      ],
      [
       -84.09059,
       34.761575
      ],
      [
       -84.09072,
       34.761575
      ],
      [
       -84.090763,
       34.761577
      ],
      [
       -84.090849,
       34.761589
      ],
      [
       -84.090934,
       34.761605
      ],
      [
       -84.091161,
       34.76171
      ],
      [
       -84.091279,
       34.761757
      ],
      [
       -84.091316,
       34.761776
      ],
      [
       -84.091476,
       34.761832
      ],
      [
       -84.091895,
       34.761938
      ],
      [
       -84.091938,
       34.761941
      ],
      [
       -84.091981,
       34.761936
      ],
      [
       -84.092066,
       34.761918
      ],
      [
       -84.092141,
       34.761883
      ],
      [
       -84.092174,
       34.76186
      ],
      [
       -84.09225,
       34.761825
      ],
      [
       -84.092352,
       34.76176
      ],
      [
       -84.092383,
       34.761734
      ],
      [
       -84.092453,
       34.761695
      ],
      [
       -84.092491,
       34.761679
      ],
      [
       -84.092527,
       34.76166
      ],
      [
       -84.092559,
       34.761637
      ],
      [
       -84.092631,
       34.761599
      ],
      [
       -84.09277,
       34.761516
      ],
      [
       -84.092882,
       34.761461
      ],
      [
       -84.092937,
       34.761438
      ],
      [
       -84.093038,
       34.761396
      ],
      [
       -84.093303,
       34.761275
      ],
      [
       -84.093382,
       34.761244
      ],
      [
       -84.093496,
       34.761192
      ],
      [
       -84.093569,
       34.761153
      ],
      [
       -84.093603,
       34.761131
      ],
      [
       -84.093814,
       34.760951
      ],
      [
       -84.093869,
       34.760896
      ],
      [
       -84.094031,
       34.760727
      ],
      [
       -84.094199,
       34.760519
      ],
      [
       -84.094286,
       34.760439
      ],
      [
       -84.094389,
       34.760373
      ],
      [
       -84.09442,
       34.760349
      ],
      [
       -84.09449,
       34.760307
      ],
      [
       -84.094605,
       34.760255
      ],
      [
       -84.094954,
       34.76011
      ],
      [
       -84.095017,
       34.760062
      ],
      [
       -84.095075,
       34.760009
      ],
      [
       -84.095288,
       34.759831
      ],
      [
       -84.095602,
       34.759636
      ],
      [
       -84.095636,
       34.759614
      ],
      [
       -84.095667,
       34.759589
      ],
      [
       -84.095695,
       34.759562
      ],
      [
       -84.095894,
       34.759333
      ],
      [
       -84.095924,
       34.759308
      ],
      [
       -84.096032,
       34.759247
      ],
      [
       -84.09607,
       34.759229
      ],
      [
       -84.096112,
       34.759218
      ],
      [
       -84.096154,
       34.75921
      ],
      [
       -84.096327,
       34.759232
      ],
      [
       -84.096368,
       34.759244
      ],
      [
       -84.096448,
       34.759273
      ],
      [
       -84.096563,
       34.759325
      ],
      [
       -84.096637,
       34.759363
      ],
      [
       -84.096857,
       34.759536
      ],
      [
       -84.096948,
       34.759614
      ],
      [
       -84.097348,
       34.75994
      ],
      [
       -84.097647,
       34.7602
      ],
      [
       -84.097759,
       34.760311
      ],
      [
       -84.09785,
       34.760387
      ],
      [
       -84.097952,
       34.760453
      ],
      [
       -84.097989,
       34.760473
      ],
      [
       -84.098051,
       34.760523
      ],
      [
       -84.098129,
       34.760609
      ],
      [
       -84.098218,
       34.760731
      ],
      [
       -84.098261,
       34.760832
      ],
      [
       -84.098282,
       34.760937
      ],
      [
       -84.098285,
       34.761043
      ],
      [
       -84.098277,
       34.761078
      ],
      [
       -84.098248,
       34.761144
      ],
      [
       -84.098214,
       34.761208
      ],
      [
       -84.098204,
       34.761243
      ],
      [
       -84.098186,
       34.761276
      ],
      [
       -84.097978,
       34.761535
      ]
     ],
     [
      [
       -84.062057,
       34.756711
      ],
      [
       -84.062101,
       34.756715
      ],
      [
       -84.062315,
       34.756757
      ],
      [
       -84.062433,
       34.756803
      ],
      [
       -84.06255,
       34.756854
      ],
      [
       -84.062626,
       34.756889
      ],
      [
       -84.062699,
       34.756928
      ],
      [
       -84.062834,
       34.75702
      ],
      [
       -84.062896,
       34.757071
      ],
      [
       -84.063027,
       34.757166
      ],
      [
       -84.063132,
       34.75723
      ],
      [
       -84.063207,
       34.757268
      ],
      [
       -84.063245,
       34.757286
      ],
      [
       -84.063325,
       34.757316
      ],
      [
       -84.063575,
       34.757383
      ],
      [
       -84.063616,
       34.757398
      ],
      [
       -84.063695,
       34.757429
      ],
      [
       -84.063806,
       34.757486
      ],
      [
       -84.063913,
       34.757549
      ],
      [
       -84.064015,
       34.757617
      ],
      [
       -84.064108,
       34.757693
      ],
      [
       -84.064193,
       34.757775
      ],
      [
       -84.06434,
       34.757908
      ],
      [
       -84.064434,
       34.757983
      ],
      [
       -84.0645,
       34.75803
      ],
      [
       -84.0645571,
       34.7581246
      ],
      [
       -84.064654,
       34.7582044
      ],
      [
       -84.064733,
       34.7582513
      ],
      [
       -84.0648517,
       34.7583364
      ],
      [
       -84.0650305,
       34.7583954
      ],
      [
       -84.0651911,
       34.7584459
      ],
      [
       -84.0653325,
       34.7584839
      ],
      [
       -84.0655159,
       34.7585238
      ],
      [
       -84.0657958,
       34.7585856
      ],
      [
       -84.0659648,
       34.758635
      ],
      [
       -84.0660992,
       34.7586658
      ],
      [
       -84.0662543,
       34.7586893
      ],
      [
       -84.0664321,
       34.7587222
      ],
      [
       -84.0665487,
       34.7587347
      ],
      [
       -84.066808,
       34.7587587
      ]
     ],
     [
      [
       -84.050919,
       34.7527
      ],
      [
       -84.050986,
       34.752792
      ],
      [
       -84.051005,
       34.752824
      ],
      [
       -84.051017,
       34.752859
      ],
      [
       -84.051023,
       34.75293
      ],
      [
       -84.051002,
       34.753036
      ],
      [
       -84.050959,
       34.753137
      ],
      [
       -84.050921,
       34.753201
      ],
      [
       -84.05083,
       34.753323
      ],
      [
       -84.050813,
       34.753356
      ],
      [
       -84.050804,
       34.753391
      ],
      [
       -84.050793,
       34.753462
      ],
      [
       -84.050789,
       34.753533
      ],
      [
       -84.050794,
       34.753569
      ],
      [
       -84.050805,
       34.753603
      ],
      [
       -84.050821,
       34.753637
      ],
      [
       -84.050865,
       34.753699
      ],
      [
       -84.050895,
       34.753724
      ],
      [
       -84.050931,
       34.753745
      ],
      [
       -84.05101,
       34.753776
      ],
      [
       -84.051092,
       34.753802
      ],
      [
       -84.051134,
       34.753811
      ],
      [
       -84.051222,
       34.75382
      ],
      [
       -84.051309,
       34.753826
      ],
      [
       -84.051397,
       34.753825
      ],
      [
       -84.051573,
       34.753819
      ],
      [
       -84.051704,
       34.753807
      ],
      [
       -84.051836,
       34.753802
      ],
      [
       -84.052012,
       34.753804
      ],
      [
       -84.052188,
       34.753811
      ],
      [
       -84.052451,
       34.753829
      ],
      [
       -84.052582,
       34.753845
      ],
      [
       -84.052711,
       34.753868
      ],
      [
       -84.052879,
       34.753911
      ],
      [
       -84.053001,
       34.753952
      ],
      [
       -84.05312,
       34.753999
      ],
      [
       -84.053195,
       34.754036
      ],
      [
       -84.053229,
       34.754059
      ],
      [
       -84.053259,
       34.754084
      ],
      [
       -84.053284,
       34.754114
      ],
      [
       -84.053326,
       34.754177
      ],
      [
       -84.053383,
       34.754273
      ],
      [
       -84.053418,
       34.754339
      ],
      [
       -84.053463,
       34.75444
      ],
      [
       -84.053488,
       34.754508
      ],
      [
       -84.053509,
       34.754578
      ],
      [
       -84.053522,
       34.754648
      ],
      [
       -84.053531,
       34.754719
      ],
      [
       -84.053535,
       34.75479
      ],
      [
       -84.053535,
       34.754826
      ],
      [
       -84.053525,
       34.754933
      ],
      [
       -84.053504,
       34.755039
      ],
      [
       -84.053444,
       34.755247
      ],
      [
       -84.053265,
       34.755836
      ],
      [
       -84.05322,
       34.755974
      ],
      [
       -84.053066,
       34.756384
      ],
      [
       -84.053002,
       34.756591
      ],
      [
       -84.052988,
       34.756625
      ],
      [
       -84.05293,
       34.756722
      ],
      [
       -84.052909,
       34.756753
      ],
      [
       -84.05286,
       34.756812
      ],
      [
       -84.052749,
       34.756923
      ],
      [
       -84.05272,
       34.75695
      ],
      [
       -84.052688,
       34.756974
      ],
      [
       -84.052602,
       34.757056
      ],
      [
       -84.052554,
       34.757115
      ],
      [
       -84.052532,
       34.757146
      ],
      [
       -84.0525,
       34.757213
      ],
      [
       -84.052478,
       34.757282
      ],
      [
       -84.052467,
       34.757353
      ],
      [
       -84.052465,
       34.75746
      ],
      [
       -84.052477,
       34.757602
      ],
      [
       -84.052486,
       34.757673
      ],
      [
       -84.052497,
       34.757708
      ],
      [
       -84.052514,
       34.757741
      ],
      [
       -84.052536,
       34.757772
      ],
      [
       -84.052591,
       34.757827
      ],
      [
       -84.052645,
       34.757867
      ],
      [
       -84.052686,
       34.75788
      ],
      [
       -84.052771,
       34.757899
      ],
      [
       -84.052815,
       34.757904
      ],
      [
       -84.052903,
       34.757906
      ],
      [
       -84.05299,
       34.7579
      ],
      [
       -84.053075,
       34.757881
      ],
      [
       -84.053159,
       34.757858
      ],
      [
       -84.053245,
       34.757845
      ],
      [
       -84.053327,
       34.757819
      ],
      [
       -84.053446,
       34.757772
      ],
      [
       -84.053519,
       34.757732
      ],
      [
       -84.053689,
       34.757619
      ],
      [
       -84.053754,
       34.757571
      ],
      [
       -84.054037,
       34.757347
      ],
      [
       -84.054143,
       34.757282
      ],
      [
       -84.054251,
       34.757221
      ],
      [
       -84.0544,
       34.757145
      ],
      [
       -84.054479,
       34.757113
      ],
      [
       -84.054559,
       34.757084
      ],
      [
       -84.054684,
       34.75705
      ],
      [
       -84.054855,
       34.757016
      ],
      [
       -84.055115,
       34.756979
      ],
      [
       -84.055246,
       34.756964
      ],
      [
       -84.055465,
       34.756948
      ],
      [
       -84.055641,
       34.756947
      ],
      [
       -84.055773,
       34.756956
      ],
      [
       -84.055903,
       34.756975
      ],
      [
       -84.05603,
       34.757002
      ],
      [
       -84.056322,
       34.757084
      ],
      [
       -84.056448,
       34.757113
      ],
      [
       -84.056491,
       34.757122
      ],
      [
       -84.056621,
       34.75714
      ],
      [
       -84.056753,
       34.757144
      ],
      [
       -84.057237,
       34.757125
      ],
      [
       -84.057413,
       34.757116
      ],
      [
       -84.057466,
       34.757111
      ],
      [
       -84.057507,
       34.757099
      ],
      [
       -84.057778,
       34.756981
      ],
      [
       -84.05797,
       34.756893
      ],
      [
       -84.058091,
       34.756849
      ],
      [
       -84.058259,
       34.756809
      ],
      [
       -84.058388,
       34.756784
      ],
      [
       -84.058474,
       34.756772
      ],
      [
       -84.058562,
       34.756767
      ],
      [
       -84.058694,
       34.756778
      ],
      [
       -84.058824,
       34.756796
      ],
      [
       -84.058997,
       34.756824
      ],
      [
       -84.059125,
       34.756849
      ],
      [
       -84.059207,
       34.756875
      ],
      [
       -84.059285,
       34.756907
      ],
      [
       -84.059464,
       34.757011
      ],
      [
       -84.05954,
       34.757046
      ],
      [
       -84.059622,
       34.757074
      ],
      [
       -84.059706,
       34.757093
      ],
      [
       -84.059793,
       34.757105
      ],
      [
       -84.059881,
       34.757111
      ],
      [
       -84.059969,
       34.757109
      ],
      [
       -84.060013,
       34.757106
      ],
      [
       -84.0601,
       34.757094
      ],
      [
       -84.060185,
       34.757076
      ],
      [
       -84.060269,
       34.757055
      ],
      [
       -84.06039,
       34.757011
      ],
      [
       -84.060467,
       34.756977
      ],
      [
       -84.060548,
       34.756949
      ],
      [
       -84.060672,
       34.756913
      ],
      [
       -84.060872,
       34.75684
      ],
      [
       -84.061001,
       34.756816
      ],
      [
       -84.061472,
       34.75673
      ],
      [
       -84.061689,
       34.756704
      ],
      [
       -84.061865,
       34.756696
      ],
      [
       -84.062057,
       34.756711
      ]
     ]
    ]
   }
  },
  {
   "type": "Feature",
   "properties": {
    "name": "Upper Chattahoochee River (FS-44 reach)",
    "label": "Upper Chattahoochee River (FS-44 reach)",
    "category": "waterway",
    "coord_source": "OpenStreetMap contributors, via api.openstreetmap.org/api/0.6/map small-bbox fetch, 2026-09-21 (ODbL). Overpass API mirrors and api.open-elevation.com are unreachable this session (tested), so all geometry comes from the main OSM API instead. Matched way(s) tagged waterway=stream|river with name matching \"Upper Chattahoochee River (FS-44 reach)\", bbox ±0.01 deg around the spot's published coordinate (34.78933,-83.78343)."
   },
   "geometry": {
    "type": "MultiLineString",
    "coordinates": [
     [
      [
       -83.7960525,
       34.8220853
      ],
      [
       -83.7958546,
       34.822017
      ],
      [
       -83.795621,
       34.8219556
      ],
      [
       -83.795571,
       34.821892
      ],
      [
       -83.7954514,
       34.8218155
      ],
      [
       -83.7952961,
       34.8217138
      ],
      [
       -83.795141,
       34.8215853
      ],
      [
       -83.794958,
       34.821353
      ],
      [
       -83.794755,
       34.821134
      ],
      [
       -83.794571,
       34.820923
      ],
      [
       -83.794368,
       34.820704
      ],
      [
       -83.794272,
       34.820598
      ],
      [
       -83.794136,
       34.820381
      ],
      [
       -83.794056,
       34.820204
      ],
      [
       -83.793976,
       34.82006
      ],
      [
       -83.793847,
       34.819906
      ],
      [
       -83.793712,
       34.819688
      ],
      [
       -83.793623,
       34.819496
      ],
      [
       -83.793553,
       34.819312
      ],
      [
       -83.793473,
       34.819151
      ],
      [
       -83.793408,
       34.819086
      ],
      [
       -83.793241,
       34.818932
      ],
      [
       -83.793053,
       34.818839
      ],
      [
       -83.792826,
       34.818746
      ],
      [
       -83.792648,
       34.818639
      ],
      [
       -83.792575,
       34.818526
      ],
      [
       -83.792523,
       34.818398
      ],
      [
       -83.792424,
       34.818213
      ],
      [
       -83.792295,
       34.818067
      ],
      [
       -83.792145,
       34.817976
      ],
      [
       -83.792013,
       34.817917
      ],
      [
       -83.791824,
       34.817833
      ],
      [
       -83.791606,
       34.817764
      ],
      [
       -83.791416,
       34.817719
      ],
      [
       -83.791196,
       34.817697
      ],
      [
       -83.790985,
       34.817692
      ],
      [
       -83.79083,
       34.817704
      ],
      [
       -83.790666,
       34.817723
      ],
      [
       -83.790682,
       34.817556
      ],
      [
       -83.7906521,
       34.8174917
      ],
      [
       -83.790602,
       34.817397
      ],
      [
       -83.79059,
       34.817206
      ],
      [
       -83.790568,
       34.817039
      ],
      [
       -83.790547,
       34.816841
      ],
      [
       -83.790483,
       34.816768
      ],
      [
       -83.790391,
       34.816662
      ],
      [
       -83.790289,
       34.816557
      ],
      [
       -83.790225,
       34.816468
      ],
      [
       -83.7902,
       34.81638
      ],
      [
       -83.790195,
       34.816269
      ],
      [
       -83.790239,
       34.816104
      ],
      [
       -83.790274,
       34.815954
      ],
      [
       -83.790372,
       34.81579
      ],
      [
       -83.790502,
       34.815651
      ],
      [
       -83.790643,
       34.815489
      ],
      [
       -83.790726,
       34.815317
      ],
      [
       -83.790811,
       34.815113
      ],
      [
       -83.790895,
       34.814933
      ],
      [
       -83.791026,
       34.814762
      ],
      [
       -83.791236,
       34.814554
      ],
      [
       -83.791399,
       34.814313
      ],
      [
       -83.791513,
       34.81411
      ],
      [
       -83.791669,
       34.813781
      ],
      [
       -83.791754,
       34.81357
      ],
      [
       -83.791868,
       34.813351
      ],
      [
       -83.791995,
       34.81318
      ],
      [
       -83.792058,
       34.813047
      ],
      [
       -83.792096,
       34.812802
      ],
      [
       -83.79217,
       34.812638
      ],
      [
       -83.792213,
       34.812528
      ],
      [
       -83.792295,
       34.81238
      ],
      [
       -83.792474,
       34.811981
      ],
      [
       -83.792715,
       34.811448
      ],
      [
       -83.792829,
       34.811238
      ],
      [
       -83.792864,
       34.811096
      ],
      [
       -83.792849,
       34.810977
      ],
      [
       -83.792844,
       34.810858
      ],
      [
       -83.792811,
       34.810603
      ],
      [
       -83.792769,
       34.810444
      ],
      [
       -83.7927,
       34.810228
      ],
      [
       -83.792624,
       34.809973
      ],
      [
       -83.792582,
       34.809821
      ],
      [
       -83.792559,
       34.80967
      ],
      [
       -83.792567,
       34.809464
      ],
      [
       -83.792544,
       34.809297
      ],
      [
       -83.792464,
       34.809145
      ],
      [
       -83.792431,
       34.809001
      ],
      [
       -83.792401,
       34.808787
      ],
      [
       -83.79234,
       34.808627
      ],
      [
       -83.792237,
       34.808442
      ],
      [
       -83.792186,
       34.808266
      ],
      [
       -83.792078,
       34.808073
      ],
      [
       -83.791977,
       34.807944
      ],
      [
       -83.79179,
       34.807836
      ],
      [
       -83.791628,
       34.807792
      ],
      [
       -83.791407,
       34.807794
      ],
      [
       -83.791215,
       34.807789
      ],
      [
       -83.791111,
       34.807747
      ],
      [
       -83.791027,
       34.807681
      ],
      [
       -83.791011,
       34.807594
      ],
      [
       -83.791035,
       34.807475
      ],
      [
       -83.791021,
       34.80734
      ],
      [
       -83.790968,
       34.80722
      ],
      [
       -83.79086,
       34.807051
      ],
      [
       -83.790731,
       34.806913
      ],
      [
       -83.790566,
       34.806703
      ],
      [
       -83.790486,
       34.806534
      ],
      [
       -83.790443,
       34.806414
      ],
      [
       -83.790443,
       34.806153
      ],
      [
       -83.790481,
       34.805932
      ],
      [
       -83.790518,
       34.805703
      ],
      [
       -83.790495,
       34.805568
      ],
      [
       -83.790443,
       34.805424
      ],
      [
       -83.790372,
       34.805264
      ],
      [
       -83.790329,
       34.804891
      ],
      [
       -83.790261,
       34.804801
      ],
      [
       -83.790229,
       34.804753
      ],
      [
       -83.79015,
       34.804595
      ],
      [
       -83.790075,
       34.804504
      ],
      [
       -83.789975,
       34.804366
      ],
      [
       -83.789883,
       34.804269
      ],
      [
       -83.789742,
       34.804178
      ],
      [
       -83.789543,
       34.804109
      ],
      [
       -83.789333,
       34.804072
      ],
      [
       -83.789114,
       34.804027
      ],
      [
       -83.788856,
       34.803988
      ],
      [
       -83.78857,
       34.803949
      ],
      [
       -83.788418,
       34.80389
      ],
      [
       -83.788325,
       34.803824
      ],
      [
       -83.788269,
       34.803775
      ],
      [
       -83.788197,
       34.803662
      ],
      [
       -83.788104,
       34.803572
      ],
      [
       -83.787934,
       34.803505
      ],
      [
       -83.787764,
       34.803437
      ],
      [
       -83.787623,
       34.803362
      ],
      [
       -83.787587,
       34.803297
      ],
      [
       -83.787543,
       34.803185
      ],
      [
       -83.787513,
       34.802971
      ],
      [
       -83.787493,
       34.802756
      ],
      [
       -83.787472,
       34.80255
      ],
      [
       -83.787398,
       34.802342
      ],
      [
       -83.787326,
       34.802221
      ],
      [
       -83.787252,
       34.802148
      ],
      [
       -83.78713,
       34.802089
      ],
      [
       -83.786958,
       34.802045
      ],
      [
       -83.786798,
       34.801962
      ],
      [
       -83.786715,
       34.80188
      ],
      [
       -83.786681,
       34.801776
      ],
      [
       -83.786608,
       34.801672
      ],
      [
       -83.786489,
       34.801526
      ],
      [
       -83.78637,
       34.801364
      ],
      [
       -83.786252,
       34.801195
      ],
      [
       -83.786123,
       34.801057
      ],
      [
       -83.786071,
       34.800921
      ],
      [
       -83.786008,
       34.8008
      ],
      [
       -83.785998,
       34.800578
      ],
      [
       -83.785948,
       34.800379
      ],
      [
       -83.785876,
       34.800242
      ],
      [
       -83.785766,
       34.800121
      ],
      [
       -83.785599,
       34.799974
      ],
      [
       -83.785545,
       34.799861
      ],
      [
       -83.785511,
       34.799757
      ],
      [
       -83.785481,
       34.799677
      ],
      [
       -83.785408,
       34.799572
      ],
      [
       -83.785286,
       34.79949
      ],
      [
       -83.785063,
       34.79931
      ],
      [
       -83.784897,
       34.799115
      ],
      [
       -83.784847,
       34.79894
      ],
      [
       -83.784835,
       34.798749
      ],
      [
       -83.784881,
       34.798553
      ],
      [
       -83.784957,
       34.798333
      ],
      [
       -83.785058,
       34.798193
      ],
      [
       -83.785169,
       34.798053
      ],
      [
       -83.785347,
       34.797923
      ],
      [
       -83.785448,
       34.797799
      ],
      [
       -83.78548,
       34.797721
      ],
      [
       -83.785475,
       34.797602
      ],
      [
       -83.78544,
       34.797514
      ],
      [
       -83.785385,
       34.797449
      ],
      [
       -83.785302,
       34.797344
      ],
      [
       -83.785267,
       34.797256
      ],
      [
       -83.785262,
       34.797137
      ],
      [
       -83.785332,
       34.796949
      ],
      [
       -83.785403,
       34.796856
      ],
      [
       -83.785473,
       34.796786
      ],
      [
       -83.785602,
       34.796687
      ],
      [
       -83.785701,
       34.796602
      ],
      [
       -83.785714,
       34.796507
      ],
      [
       -83.78569,
       34.79638
      ],
      [
       -83.785608,
       34.796267
      ],
      [
       -83.785507,
       34.796153
      ],
      [
       -83.785365,
       34.79611
      ],
      [
       -83.78532,
       34.79603
      ],
      [
       -83.785238,
       34.795901
      ],
      [
       -83.785197,
       34.795725
      ],
      [
       -83.785167,
       34.795511
      ],
      [
       -83.785138,
       34.795383
      ],
      [
       -83.785175,
       34.795178
      ],
      [
       -83.785173,
       34.79498
      ],
      [
       -83.785208,
       34.794839
      ],
      [
       -83.785258,
       34.794769
      ],
      [
       -83.785395,
       34.794701
      ],
      [
       -83.785455,
       34.794655
      ],
      [
       -83.785526,
       34.794554
      ],
      [
       -83.785559,
       34.794444
      ],
      [
       -83.785566,
       34.794254
      ],
      [
       -83.785476,
       34.794101
      ],
      [
       -83.785405,
       34.793965
      ],
      [
       -83.785315,
       34.793796
      ],
      [
       -83.785276,
       34.793565
      ],
      [
       -83.785271,
       34.793217
      ],
      [
       -83.785261,
       34.792963
      ],
      [
       -83.7852951,
       34.7928438
      ],
      [
       -83.7853564,
       34.7926186
      ],
      [
       -83.7853927,
       34.7923807
      ],
      [
       -83.785508,
       34.7921803
      ],
      [
       -83.7855598,
       34.7921029
      ]
     ],
     [
      [
       -83.804531,
       34.798042
      ],
      [
       -83.804396,
       34.797966
      ],
      [
       -83.804322,
       34.797885
      ],
      [
       -83.80422,
       34.797779
      ],
      [
       -83.804137,
       34.797714
      ],
      [
       -83.804072,
       34.797649
      ],
      [
       -83.804015,
       34.797623
      ],
      [
       -83.803938,
       34.797637
      ],
      [
       -83.803851,
       34.797659
      ],
      [
       -83.803775,
       34.797625
      ],
      [
       -83.803632,
       34.797598
      ],
      [
       -83.803517,
       34.797587
      ],
      [
       -83.80342,
       34.797608
      ],
      [
       -83.803323,
       34.797637
      ],
      [
       -83.803217,
       34.79765
      ],
      [
       -83.803133,
       34.7976
      ],
      [
       -83.80301,
       34.79755
      ],
      [
       -83.802934,
       34.797516
      ],
      [
       -83.80281,
       34.797497
      ],
      [
       -83.802707,
       34.797431
      ],
      [
       -83.802539,
       34.7973
      ],
      [
       -83.802419,
       34.797185
      ],
      [
       -83.80212,
       34.79698
      ],
      [
       -83.80198,
       34.796873
      ],
      [
       -83.801762,
       34.796788
      ],
      [
       -83.801659,
       34.796738
      ],
      [
       -83.801565,
       34.796672
      ],
      [
       -83.801491,
       34.796599
      ],
      [
       -83.801457,
       34.796495
      ],
      [
       -83.801368,
       34.796302
      ],
      [
       -83.801335,
       34.796159
      ],
      [
       -83.801314,
       34.795968
      ],
      [
       -83.801294,
       34.795738
      ],
      [
       -83.801273,
       34.795286
      ],
      [
       -83.801287,
       34.794922
      ],
      [
       -83.801284,
       34.794748
      ],
      [
       -83.801298,
       34.794629
      ],
      [
       -83.801265,
       34.79451
      ],
      [
       -83.801191,
       34.794428
      ],
      [
       -83.801076,
       34.794307
      ],
      [
       -83.800929,
       34.794121
      ],
      [
       -83.80082,
       34.793975
      ],
      [
       -83.800777,
       34.793839
      ],
      [
       -83.800627,
       34.79374
      ],
      [
       -83.80042,
       34.793624
      ],
      [
       -83.800212,
       34.793547
      ],
      [
       -83.800003,
       34.793478
      ],
      [
       -83.799891,
       34.79342
      ],
      [
       -83.799757,
       34.793401
      ],
      [
       -83.799565,
       34.793404
      ],
      [
       -83.799409,
       34.793463
      ],
      [
       -83.799264,
       34.793491
      ],
      [
       -83.799157,
       34.793512
      ],
      [
       -83.799023,
       34.793508
      ],
      [
       -83.798833,
       34.793456
      ],
      [
       -83.798654,
       34.793372
      ],
      [
       -83.798521,
       34.793329
      ],
      [
       -83.798387,
       34.793309
      ],
      [
       -83.798274,
       34.793274
      ],
      [
       -83.798152,
       34.7932
      ],
      [
       -83.797973,
       34.7931
      ],
      [
       -83.797654,
       34.79291
      ],
      [
       -83.797537,
       34.792835
      ],
      [
       -83.797386,
       34.792752
      ],
      [
       -83.797303,
       34.792679
      ],
      [
       -83.797179,
       34.792644
      ],
      [
       -83.796999,
       34.792599
      ],
      [
       -83.796839,
       34.792508
      ],
      [
       -83.796615,
       34.792336
      ],
      [
       -83.796475,
       34.792229
      ],
      [
       -83.796353,
       34.792163
      ],
      [
       -83.796271,
       34.792042
      ],
      [
       -83.796207,
       34.791961
      ],
      [
       -83.796123,
       34.791911
      ],
      [
       -83.795959,
       34.791915
      ],
      [
       -83.795844,
       34.791911
      ],
      [
       -83.795708,
       34.791963
      ],
      [
       -83.795612,
       34.791969
      ],
      [
       -83.795479,
       34.791934
      ],
      [
       -83.795356,
       34.791867
      ],
      [
       -83.795216,
       34.791776
      ],
      [
       -83.795103,
       34.79171
      ],
      [
       -83.795029,
       34.791644
      ],
      [
       -83.794935,
       34.791602
      ],
      [
       -83.794858,
       34.791592
      ],
      [
       -83.794635,
       34.79165
      ],
      [
       -83.794344,
       34.791737
      ],
      [
       -83.794158,
       34.791827
      ],
      [
       -83.793715,
       34.791974
      ],
      [
       -83.793541,
       34.792017
      ],
      [
       -83.793328,
       34.792067
      ],
      [
       -83.793173,
       34.792102
      ],
      [
       -83.793076,
       34.792108
      ],
      [
       -83.793018,
       34.792138
      ],
      [
       -83.792919,
       34.792199
      ],
      [
       -83.792898,
       34.792262
      ],
      [
       -83.792857,
       34.792324
      ],
      [
       -83.792788,
       34.79237
      ],
      [
       -83.792701,
       34.792391
      ],
      [
       -83.792566,
       34.792403
      ],
      [
       -83.79247,
       34.792401
      ],
      [
       -83.792346,
       34.792374
      ],
      [
       -83.79226,
       34.792371
      ],
      [
       -83.792124,
       34.7924
      ],
      [
       -83.791979,
       34.792419
      ],
      [
       -83.791797,
       34.792423
      ],
      [
       -83.791662,
       34.792443
      ],
      [
       -83.791516,
       34.792494
      ],
      [
       -83.791389,
       34.792539
      ],
      [
       -83.791156,
       34.792596
      ],
      [
       -83.790983,
       34.792615
      ],
      [
       -83.790866,
       34.792651
      ],
      [
       -83.790787,
       34.792713
      ],
      [
       -83.790667,
       34.792836
      ],
      [
       -83.790602,
       34.793017
      ],
      [
       -83.790512,
       34.793125
      ],
      [
       -83.790466,
       34.793187
      ],
      [
       -83.790397,
       34.793249
      ],
      [
       -83.790328,
       34.793271
      ],
      [
       -83.790203,
       34.793276
      ],
      [
       -83.790108,
       34.793265
      ],
      [
       -83.789994,
       34.79323
      ],
      [
       -83.789841,
       34.793226
      ],
      [
       -83.789668,
       34.793206
      ],
      [
       -83.789583,
       34.79318
      ],
      [
       -83.789488,
       34.793154
      ],
      [
       -83.789365,
       34.793119
      ],
      [
       -83.789212,
       34.793091
      ],
      [
       -83.789068,
       34.793087
      ],
      [
       -83.788885,
       34.793106
      ],
      [
       -83.788751,
       34.793103
      ],
      [
       -83.788645,
       34.7931
      ],
      [
       -83.788494,
       34.79304
      ],
      [
       -83.788392,
       34.792958
      ],
      [
       -83.788263,
       34.792805
      ],
      [
       -83.788209,
       34.792724
      ],
      [
       -83.788145,
       34.792643
      ],
      [
       -83.788129,
       34.792555
      ],
      [
       -83.788135,
       34.792389
      ],
      [
       -83.78811,
       34.792301
      ],
      [
       -83.787999,
       34.79218
      ],
      [
       -83.787944,
       34.792123
      ],
      [
       -83.787849,
       34.792097
      ],
      [
       -83.787678,
       34.792045
      ],
      [
       -83.787533,
       34.792064
      ],
      [
       -83.7874727,
       34.7920985
      ],
      [
       -83.787386,
       34.792148
      ],
      [
       -83.78723,
       34.792207
      ],
      [
       -83.787066,
       34.792234
      ],
      [
       -83.786916,
       34.792262
      ],
      [
       -83.7868054,
       34.7922708
      ],
      [
       -83.78659,
       34.792261
      ],
      [
       -83.786523,
       34.792252
      ],
      [
       -83.786436,
       34.792257
      ],
      [
       -83.786358,
       34.792287
      ],
      [
       -83.786204,
       34.792299
      ],
      [
       -83.78607,
       34.792279
      ],
      [
       -83.785966,
       34.792237
      ],
      [
       -83.785825,
       34.79217
      ],
      [
       -83.785672,
       34.792142
      ],
      [
       -83.7855598,
       34.7921029
      ],
      [
       -83.7855035,
       34.7919718
      ],
      [
       -83.7854338,
       34.7917163
      ],
      [
       -83.7852568,
       34.7914828
      ],
      [
       -83.78501,
       34.7913
      ],
      [
       -83.784945,
       34.791228
      ],
      [
       -83.784862,
       34.791169
      ],
      [
       -83.784767,
       34.791126
      ],
      [
       -83.784659,
       34.791114
      ],
      [
       -83.784555,
       34.791087
      ],
      [
       -83.784461,
       34.791041
      ],
      [
       -83.784387,
       34.790975
      ],
      [
       -83.784318,
       34.790905
      ],
      [
       -83.784254,
       34.790832
      ],
      [
       -83.784142,
       34.790677
      ],
      [
       -83.784028,
       34.790515
      ],
      [
       -83.783995,
       34.79043
      ],
      [
       -83.783996,
       34.79034
      ],
      [
       -83.784117,
       34.790199
      ],
      [
       -83.784179,
       34.790145
      ],
      [
       -83.784187,
       34.790055
      ],
      [
       -83.784169,
       34.789966
      ],
      [
       -83.784145,
       34.789878
      ],
      [
       -83.784112,
       34.78978
      ],
      [
       -83.784082,
       34.789683
      ],
      [
       -83.784095,
       34.789541
      ],
      [
       -83.784116,
       34.789361
      ],
      [
       -83.784094,
       34.789249
      ],
      [
       -83.784045,
       34.789138
      ],
      [
       -83.783996,
       34.789034
      ],
      [
       -83.784058,
       34.788899
      ],
      [
       -83.784062,
       34.788765
      ],
      [
       -83.784072,
       34.788676
      ],
      [
       -83.784119,
       34.7885
      ],
      [
       -83.784143,
       34.788413
      ],
      [
       -83.784144,
       34.788323
      ],
      [
       -83.784121,
       34.788235
      ],
      [
       -83.784071,
       34.788148
      ],
      [
       -83.784036,
       34.78799
      ],
      [
       -83.784045,
       34.787915
      ],
      [
       -83.784038,
       34.787826
      ],
      [
       -83.784067,
       34.787739
      ],
      [
       -83.784105,
       34.787654
      ],
      [
       -83.784154,
       34.78757
      ],
      [
       -83.784218,
       34.787497
      ],
      [
       -83.784247,
       34.78741
      ],
      [
       -83.78424,
       34.787321
      ],
      [
       -83.784129,
       34.787187
      ],
      [
       -83.784102,
       34.7871
      ],
      [
       -83.784082,
       34.787024
      ],
      [
       -83.784078,
       34.78691
      ],
      [
       -83.784081,
       34.78681
      ],
      [
       -83.784091,
       34.786721
      ],
      [
       -83.784045,
       34.78664
      ],
      [
       -83.783927,
       34.786555
      ],
      [
       -83.783774,
       34.786474
      ],
      [
       -83.783657,
       34.786412
      ],
      [
       -83.783521,
       34.786321
      ],
      [
       -83.783353,
       34.786213
      ],
      [
       -83.783164,
       34.78587
      ],
      [
       -83.782942,
       34.785579
      ],
      [
       -83.782737,
       34.785387
      ],
      [
       -83.782544,
       34.785173
      ],
      [
       -83.782465,
       34.78511
      ],
      [
       -83.782397,
       34.78504
      ],
      [
       -83.782295,
       34.784883
      ],
      [
       -83.782273,
       34.784794
      ],
      [
       -83.782231,
       34.784712
      ],
      [
       -83.782113,
       34.784591
      ],
      [
       -83.7820603,
       34.7845732
      ],
      [
       -83.781964,
       34.784462
      ],
      [
       -83.781926,
       34.784378
      ],
      [
       -83.781916,
       34.784288
      ],
      [
       -83.78194,
       34.78419
      ],
      [
       -83.782006,
       34.783784
      ],
      [
       -83.782022,
       34.783695
      ],
      [
       -83.782027,
       34.783605
      ],
      [
       -83.78202,
       34.783515
      ],
      [
       -83.781978,
       34.783357
      ],
      [
       -83.781918,
       34.78314
      ],
      [
       -83.781891,
       34.783052
      ],
      [
       -83.781871,
       34.782964
      ],
      [
       -83.78186,
       34.782874
      ],
      [
       -83.781851,
       34.782725
      ],
      [
       -83.781847,
       34.782635
      ],
      [
       -83.781856,
       34.782545
      ],
      [
       -83.781906,
       34.782385
      ],
      [
       -83.781992,
       34.782175
      ],
      [
       -83.782027,
       34.78209
      ],
      [
       -83.782043,
       34.782001
      ],
      [
       -83.78204,
       34.781911
      ],
      [
       -83.782017,
       34.781823
      ],
      [
       -83.781976,
       34.781739
      ],
      [
       -83.781917,
       34.781663
      ],
      [
       -83.781843,
       34.781598
      ],
      [
       -83.781756,
       34.781544
      ],
      [
       -83.781624,
       34.781493
      ],
      [
       -83.781453,
       34.78153
      ],
      [
       -83.781343,
       34.781531
      ],
      [
       -83.781235,
       34.78152
      ],
      [
       -83.781129,
       34.781499
      ],
      [
       -83.781026,
       34.781468
      ],
      [
       -83.780929,
       34.781427
      ],
      [
       -83.780839,
       34.781377
      ],
      [
       -83.780756,
       34.781318
      ],
      [
       -83.780673,
       34.781241
      ],
      [
       -83.780522,
       34.78107
      ],
      [
       -83.78037,
       34.780887
      ],
      [
       -83.780244,
       34.780715
      ],
      [
       -83.780188,
       34.780638
      ],
      [
       -83.780124,
       34.780565
      ],
      [
       -83.780051,
       34.780497
      ],
      [
       -83.779972,
       34.780436
      ],
      [
       -83.779886,
       34.78038
      ],
      [
       -83.779794,
       34.780332
      ],
      [
       -83.779697,
       34.780291
      ],
      [
       -83.779565,
       34.780249
      ],
      [
       -83.779379,
       34.780242
      ],
      [
       -83.779258,
       34.780201
      ],
      [
       -83.77916,
       34.780162
      ],
      [
       -83.779064,
       34.780118
      ],
      [
       -83.778973,
       34.780069
      ],
      [
       -83.778881,
       34.780012
      ],
      [
       -83.778554,
       34.779768
      ],
      [
       -83.778391,
       34.779641
      ],
      [
       -83.778176,
       34.779578
      ],
      [
       -83.778092,
       34.779512
      ],
      [
       -83.777998,
       34.779465
      ],
      [
       -83.777897,
       34.779432
      ],
      [
       -83.77779,
       34.779411
      ],
      [
       -83.777682,
       34.779405
      ],
      [
       -83.777573,
       34.779412
      ],
      [
       -83.777467,
       34.779432
      ],
      [
       -83.777363,
       34.779467
      ],
      [
       -83.777155,
       34.779581
      ],
      [
       -83.777065,
       34.779682
      ],
      [
       -83.77696,
       34.779706
      ],
      [
       -83.776853,
       34.779698
      ],
      [
       -83.776719,
       34.779657
      ],
      [
       -83.776637,
       34.779582
      ],
      [
       -83.776581,
       34.779496
      ],
      [
       -83.776577,
       34.779364
      ],
      [
       -83.776532,
       34.779201
      ],
      [
       -83.776514,
       34.77907
      ],
      [
       -83.776508,
       34.778895
      ],
      [
       -83.776503,
       34.778805
      ],
      [
       -83.776516,
       34.778716
      ],
      [
       -83.776549,
       34.77863
      ],
      [
       -83.776598,
       34.77855
      ],
      [
       -83.776664,
       34.778478
      ],
      [
       -83.776744,
       34.778417
      ],
      [
       -83.776848,
       34.778362
      ],
      [
       -83.776965,
       34.778294
      ],
      [
       -83.777067,
       34.778262
      ],
      [
       -83.777154,
       34.778207
      ],
      [
       -83.777218,
       34.778135
      ],
      [
       -83.777255,
       34.77805
      ],
      [
       -83.777261,
       34.777961
      ],
      [
       -83.77723,
       34.777861
      ],
      [
       -83.777133,
       34.777764
      ],
      [
       -83.777064,
       34.777678
      ],
      [
       -83.776983,
       34.777615
      ],
      [
       -83.776902,
       34.777595
      ],
      [
       -83.776739,
       34.777489
      ],
      [
       -83.77659,
       34.777383
      ],
      [
       -83.776496,
       34.777337
      ],
      [
       -83.776422,
       34.777271
      ],
      [
       -83.776375,
       34.77719
      ],
      [
       -83.776359,
       34.777102
      ],
      [
       -83.776375,
       34.777013
      ],
      [
       -83.776421,
       34.776932
      ],
      [
       -83.776545,
       34.776836
      ],
      [
       -83.776689,
       34.776789
      ],
      [
       -83.776913,
       34.776718
      ],
      [
       -83.777043,
       34.77665
      ],
      [
       -83.777228,
       34.776624
      ],
      [
       -83.777414,
       34.77663
      ],
      [
       -83.777676,
       34.776548
      ],
      [
       -83.778123,
       34.776406
      ],
      [
       -83.778557,
       34.776304
      ],
      [
       -83.778871,
       34.775968
      ],
      [
       -83.779153,
       34.775677
      ],
      [
       -83.779256,
       34.775576
      ],
      [
       -83.779356,
       34.775409
      ],
      [
       -83.779375,
       34.775321
      ],
      [
       -83.779377,
       34.775231
      ],
      [
       -83.779362,
       34.775141
      ],
      [
       -83.779289,
       34.774984
      ],
      [
       -83.779208,
       34.774942
      ],
      [
       -83.779087,
       34.774901
      ],
      [
       -83.778914,
       34.774872
      ],
      [
       -83.778753,
       34.774832
      ],
      [
       -83.778647,
       34.774812
      ],
      [
       -83.778547,
       34.774776
      ],
      [
       -83.778458,
       34.774724
      ],
      [
       -83.778362,
       34.774633
      ],
      [
       -83.778373,
       34.774556
      ],
      [
       -83.778345,
       34.774469
      ],
      [
       -83.778354,
       34.77438
      ],
      [
       -83.778398,
       34.774298
      ],
      [
       -83.778533,
       34.774202
      ],
      [
       -83.778652,
       34.774177
      ],
      [
       -83.778848,
       34.774085
      ],
      [
       -83.779017,
       34.773994
      ],
      [
       -83.779105,
       34.77394
      ],
      [
       -83.779276,
       34.773813
      ],
      [
       -83.779351,
       34.773747
      ],
      [
       -83.779415,
       34.773674
      ],
      [
       -83.779469,
       34.773596
      ],
      [
       -83.779511,
       34.773513
      ],
      [
       -83.779542,
       34.773426
      ],
      [
       -83.779564,
       34.773292
      ],
      [
       -83.779547,
       34.773203
      ],
      [
       -83.77955,
       34.773113
      ],
      [
       -83.779573,
       34.773025
      ],
      [
       -83.779616,
       34.772942
      ],
      [
       -83.779676,
       34.772867
      ],
      [
       -83.779752,
       34.772802
      ],
      [
       -83.779841,
       34.77275
      ],
      [
       -83.779982,
       34.772702
      ],
      [
       -83.780154,
       34.772698
      ],
      [
       -83.780354,
       34.772704
      ],
      [
       -83.780446,
       34.77268
      ],
      [
       -83.780589,
       34.772611
      ],
      [
       -83.780669,
       34.772551
      ],
      [
       -83.78072,
       34.772472
      ],
      [
       -83.780726,
       34.772324
      ],
      [
       -83.780682,
       34.772226
      ],
      [
       -83.780604,
       34.772164
      ],
      [
       -83.780543,
       34.772089
      ],
      [
       -83.780501,
       34.772006
      ],
      [
       -83.780481,
       34.771918
      ],
      [
       -83.780483,
       34.771828
      ],
      [
       -83.780508,
       34.77174
      ],
      [
       -83.78057,
       34.771637
      ],
      [
       -83.780737,
       34.771469
      ],
      [
       -83.780919,
       34.771356
      ],
      [
       -83.781114,
       34.771242
      ],
      [
       -83.781269,
       34.771129
      ],
      [
       -83.781488,
       34.770938
      ],
      [
       -83.78167,
       34.770813
      ],
      [
       -83.781796,
       34.770624
      ],
      [
       -83.78191,
       34.770446
      ],
      [
       -83.782024,
       34.770302
      ],
      [
       -83.782179,
       34.770178
      ],
      [
       -83.782361,
       34.770075
      ],
      [
       -83.782623,
       34.76997
      ],
      [
       -83.78286,
       34.76991
      ],
      [
       -83.783084,
       34.76985
      ],
      [
       -83.783206,
       34.769733
      ],
      [
       -83.783215,
       34.769623
      ],
      [
       -83.783171,
       34.769482
      ],
      [
       -83.783075,
       34.769396
      ],
      [
       -83.782926,
       34.769312
      ],
      [
       -83.782818,
       34.769249
      ],
      [
       -83.782695,
       34.769142
      ],
      [
       -83.78261,
       34.768991
      ],
      [
       -83.782459,
       34.76883
      ],
      [
       -83.782374,
       34.768668
      ],
      [
       -83.782301,
       34.768472
      ],
      [
       -83.782264,
       34.768388
      ],
      [
       -83.7822,
       34.768234
      ],
      [
       -83.782231,
       34.768148
      ],
      [
       -83.782241,
       34.768058
      ],
      [
       -83.782228,
       34.767969
      ],
      [
       -83.782192,
       34.767884
      ],
      [
       -83.782137,
       34.767806
      ],
      [
       -83.781983,
       34.767691
      ],
      [
       -83.781848,
       34.767618
      ],
      [
       -83.781712,
       34.767523
      ],
      [
       -83.78159,
       34.767438
      ],
      [
       -83.781425,
       34.767277
      ],
      [
       -83.781315,
       34.767148
      ],
      [
       -83.781217,
       34.767008
      ],
      [
       -83.781144,
       34.766813
      ],
      [
       -83.781074,
       34.766694
      ],
      [
       -83.780861,
       34.766475
      ],
      [
       -83.780736,
       34.766302
      ],
      [
       -83.780626,
       34.766184
      ],
      [
       -83.78049,
       34.766089
      ],
      [
       -83.780314,
       34.765994
      ],
      [
       -83.780166,
       34.765943
      ],
      [
       -83.779992,
       34.765881
      ],
      [
       -83.779883,
       34.765884
      ],
      [
       -83.779774,
       34.76589
      ],
      [
       -83.779665,
       34.765898
      ],
      [
       -83.779515,
       34.765914
      ],
      [
       -83.77916,
       34.76601
      ],
      [
       -83.778885,
       34.766093
      ],
      [
       -83.778686,
       34.766108
      ],
      [
       -83.778346,
       34.766237
      ],
      [
       -83.777688,
       34.766416
      ],
      [
       -83.777516,
       34.76642
      ],
      [
       -83.777383,
       34.766401
      ],
      [
       -83.777288,
       34.766357
      ],
      [
       -83.777213,
       34.766292
      ],
      [
       -83.777164,
       34.766212
      ],
      [
       -83.777147,
       34.766123
      ],
      [
       -83.777183,
       34.765989
      ],
      [
       -83.777204,
       34.765814
      ],
      [
       -83.777277,
       34.765615
      ],
      [
       -83.777389,
       34.765415
      ],
      [
       -83.777555,
       34.765215
      ],
      [
       -83.777658,
       34.765114
      ],
      [
       -83.777747,
       34.765002
      ],
      [
       -83.777809,
       34.764929
      ],
      [
       -83.777824,
       34.76484
      ],
      [
       -83.777751,
       34.764717
      ],
      [
       -83.777641,
       34.764621
      ],
      [
       -83.777494,
       34.76457
      ],
      [
       -83.777319,
       34.764497
      ],
      [
       -83.777158,
       34.764457
      ],
      [
       -83.776983,
       34.764374
      ],
      [
       -83.776808,
       34.76429
      ],
      [
       -83.776686,
       34.764205
      ],
      [
       -83.776536,
       34.76411
      ],
      [
       -83.776349,
       34.76406
      ],
      [
       -83.776147,
       34.763966
      ],
      [
       -83.775972,
       34.763893
      ],
      [
       -83.775758,
       34.763832
      ],
      [
       -83.775529,
       34.76375
      ],
      [
       -83.775314,
       34.763667
      ],
      [
       -83.774995,
       34.76345
      ],
      [
       -83.774779,
       34.763335
      ],
      [
       -83.77459,
       34.763241
      ],
      [
       -83.774369,
       34.763173
      ],
      [
       -83.774287,
       34.76307
      ],
      [
       -83.774242,
       34.762988
      ],
      [
       -83.77421,
       34.762902
      ],
      [
       -83.774193,
       34.762813
      ],
      [
       -83.774189,
       34.762723
      ],
      [
       -83.774199,
       34.762633
      ],
      [
       -83.774242,
       34.762502
      ],
      [
       -83.774263,
       34.762351
      ],
      [
       -83.774283,
       34.762179
      ],
      [
       -83.774304,
       34.762006
      ],
      [
       -83.774372,
       34.761725
      ],
      [
       -83.774383,
       34.761636
      ],
      [
       -83.774391,
       34.761546
      ],
      [
       -83.7744,
       34.76137
      ],
      [
       -83.774394,
       34.761281
      ],
      [
       -83.774288,
       34.761137
      ],
      [
       -83.774139,
       34.760968
      ],
      [
       -83.773952,
       34.760822
      ],
      [
       -83.773752,
       34.760676
      ],
      [
       -83.77363,
       34.76054
      ],
      [
       -83.773521,
       34.760392
      ],
      [
       -83.773457,
       34.760319
      ],
      [
       -83.773333,
       34.760213
      ],
      [
       -83.773263,
       34.760144
      ],
      [
       -83.773156,
       34.759992
      ],
      [
       -83.773146,
       34.759903
      ],
      [
       -83.773168,
       34.759814
      ],
      [
       -83.773218,
       34.759735
      ],
      [
       -83.773294,
       34.75967
      ],
      [
       -83.773404,
       34.759621
      ],
      [
       -83.773622,
       34.75953
      ],
      [
       -83.774048,
       34.759435
      ],
      [
       -83.774148,
       34.759397
      ],
      [
       -83.774236,
       34.759344
      ],
      [
       -83.774309,
       34.759277
      ],
      [
       -83.774364,
       34.7592
      ],
      [
       -83.774399,
       34.759115
      ],
      [
       -83.774411,
       34.758997
      ],
      [
       -83.774436,
       34.758567
      ],
      [
       -83.774454,
       34.758341
      ],
      [
       -83.774461,
       34.758158
      ],
      [
       -83.774519,
       34.757942
      ],
      [
       -83.774592,
       34.75779
      ],
      [
       -83.774665,
       34.757638
      ],
      [
       -83.774669,
       34.75738
      ],
      [
       -83.774663,
       34.757198
      ],
      [
       -83.774661,
       34.757122
      ],
      [
       -83.774774,
       34.756945
      ],
      [
       -83.774768,
       34.756819
      ],
      [
       -83.774674,
       34.756735
      ],
      [
       -83.774515,
       34.756653
      ],
      [
       -83.774318,
       34.756604
      ],
      [
       -83.774044,
       34.756567
      ],
      [
       -83.773939,
       34.756592
      ],
      [
       -83.77383,
       34.756598
      ],
      [
       -83.773722,
       34.756585
      ],
      [
       -83.77362,
       34.756554
      ],
      [
       -83.773508,
       34.756494
      ],
      [
       -83.773439,
       34.756377
      ],
      [
       -83.773433,
       34.756287
      ],
      [
       -83.773399,
       34.756202
      ],
      [
       -83.773273,
       34.75608
      ],
      [
       -83.772668,
       34.755621
      ],
      [
       -83.772601,
       34.755549
      ],
      [
       -83.772548,
       34.755471
      ],
      [
       -83.772509,
       34.755387
      ],
      [
       -83.772478,
       34.755216
      ],
      [
       -83.772476,
       34.755126
      ],
      [
       -83.772487,
       34.755036
      ],
      [
       -83.772511,
       34.754948
      ],
      [
       -83.772547,
       34.754863
      ],
      [
       -83.772595,
       34.754782
      ],
      [
       -83.772678,
       34.75468
      ],
      [
       -83.772967,
       34.754467
      ],
      [
       -83.773056,
       34.754415
      ],
      [
       -83.773155,
       34.754272
      ],
      [
       -83.773154,
       34.754103
      ],
      [
       -83.773059,
       34.753891
      ],
      [
       -83.772881,
       34.753532
      ],
      [
       -83.772869,
       34.753468
      ],
      [
       -83.772853,
       34.753399
      ],
      [
       -83.772848,
       34.753391
      ],
      [
       -83.772671,
       34.753208
      ],
      [
       -83.772478,
       34.752995
      ],
      [
       -83.772406,
       34.752927
      ],
      [
       -83.772321,
       34.752871
      ],
      [
       -83.772148,
       34.752804
      ],
      [
       -83.77204,
       34.752786
      ],
      [
       -83.771932,
       34.752776
      ],
      [
       -83.771823,
       34.752773
      ],
      [
       -83.771674,
       34.75278
      ],
      [
       -83.771426,
       34.752832
      ],
      [
       -83.771146,
       34.752911
      ],
      [
       -83.771038,
       34.752923
      ],
      [
       -83.770929,
       34.752926
      ],
      [
       -83.77079,
       34.752915
      ],
      [
       -83.770597,
       34.752839
      ],
      [
       -83.770506,
       34.75279
      ],
      [
       -83.770423,
       34.752731
      ],
      [
       -83.77035,
       34.752664
      ],
      [
       -83.770239,
       34.752511
      ],
      [
       -83.770175,
       34.752413
      ],
      [
       -83.770112,
       34.752339
      ],
      [
       -83.770039,
       34.752272
      ],
      [
       -83.769899,
       34.752178
      ],
      [
       -83.769733,
       34.752079
      ],
      [
       -83.769648,
       34.752023
      ],
      [
       -83.769505,
       34.7519
      ],
      [
       -83.769447,
       34.751833
      ],
      [
       -83.769351,
       34.751644
      ],
      [
       -83.769248,
       34.751478
      ],
      [
       -83.76915,
       34.751331
      ],
      [
       -83.769101,
       34.751252
      ],
      [
       -83.769098,
       34.751153
      ],
      [
       -83.769123,
       34.751064
      ],
      [
       -83.769113,
       34.750975
      ],
      [
       -83.769085,
       34.750888
      ],
      [
       -83.769016,
       34.750772
      ],
      [
       -83.768851,
       34.750539
      ],
      [
       -83.768804,
       34.750458
      ],
      [
       -83.768766,
       34.750373
      ],
      [
       -83.768739,
       34.750286
      ],
      [
       -83.768721,
       34.750197
      ],
      [
       -83.768714,
       34.750042
      ],
      [
       -83.768731,
       34.749881
      ],
      [
       -83.768764,
       34.749795
      ],
      [
       -83.768829,
       34.749724
      ],
      [
       -83.768924,
       34.749674
      ],
      [
       -83.769112,
       34.749616
      ],
      [
       -83.769296,
       34.749585
      ],
      [
       -83.769458,
       34.749589
      ],
      [
       -83.769677,
       34.749614
      ],
      [
       -83.769783,
       34.749633
      ],
      [
       -83.769892,
       34.749641
      ],
      [
       -83.770052,
       34.749633
      ],
      [
       -83.770251,
       34.749605
      ],
      [
       -83.770401,
       34.749537
      ],
      [
       -83.770536,
       34.74943
      ],
      [
       -83.770603,
       34.74933
      ],
      [
       -83.770667,
       34.749183
      ],
      [
       -83.770682,
       34.749094
      ],
      [
       -83.770722,
       34.74901
      ],
      [
       -83.77085,
       34.748888
      ],
      [
       -83.771157,
       34.748659
      ],
      [
       -83.771516,
       34.748456
      ],
      [
       -83.771776,
       34.74834
      ],
      [
       -83.771875,
       34.748302
      ],
      [
       -83.771979,
       34.748273
      ],
      [
       -83.772085,
       34.748252
      ],
      [
       -83.772231,
       34.748237
      ],
      [
       -83.772532,
       34.748227
      ],
      [
       -83.772641,
       34.748232
      ],
      [
       -83.772749,
       34.748245
      ],
      [
       -83.772854,
       34.748267
      ],
      [
       -83.772957,
       34.748297
      ],
      [
       -83.773056,
       34.748335
      ],
      [
       -83.773207,
       34.748414
      ],
      [
       -83.7733,
       34.748461
      ],
      [
       -83.773401,
       34.748495
      ],
      [
       -83.773507,
       34.748517
      ],
      [
       -83.773651,
       34.748526
      ],
      [
       -83.77376,
       34.748518
      ],
      [
       -83.773867,
       34.7485
      ],
      [
       -83.77397,
       34.748473
      ],
      [
       -83.774088,
       34.748428
      ],
      [
       -83.774303,
       34.748358
      ],
      [
       -83.774506,
       34.748266
      ],
      [
       -83.774646,
       34.748156
      ],
      [
       -83.77474,
       34.748069
      ],
      [
       -83.774812,
       34.747995
      ],
      [
       -83.774802,
       34.7479
      ],
      [
       -83.774794,
       34.74781
      ],
      [
       -83.774766,
       34.747723
      ],
      [
       -83.7747,
       34.747615
      ],
      [
       -83.774578,
       34.747431
      ],
      [
       -83.774488,
       34.747234
      ],
      [
       -83.774402,
       34.747014
      ],
      [
       -83.774368,
       34.746929
      ],
      [
       -83.774256,
       34.746827
      ],
      [
       -83.774152,
       34.746801
      ],
      [
       -83.774046,
       34.746779
      ],
      [
       -83.773842,
       34.746748
      ],
      [
       -83.773742,
       34.746711
      ],
      [
       -83.773655,
       34.746658
      ],
      [
       -83.773583,
       34.74659
      ],
      [
       -83.773523,
       34.746495
      ],
      [
       -83.773453,
       34.746333
      ],
      [
       -83.773433,
       34.746244
      ],
      [
       -83.77343,
       34.746154
      ],
      [
       -83.773456,
       34.746019
      ],
      [
       -83.773556,
       34.745837
      ],
      [
       -83.773852,
       34.745525
      ],
      [
       -83.774138,
       34.745235
      ],
      [
       -83.774185,
       34.745155
      ],
      [
       -83.774169,
       34.745067
      ],
      [
       -83.774104,
       34.744996
      ],
      [
       -83.773983,
       34.744956
      ],
      [
       -83.773733,
       34.744809
      ],
      [
       -83.773657,
       34.744744
      ],
      [
       -83.773589,
       34.744674
      ],
      [
       -83.773529,
       34.744598
      ],
      [
       -83.773479,
       34.744518
      ],
      [
       -83.773427,
       34.744403
      ],
      [
       -83.773378,
       34.744175
      ],
      [
       -83.773367,
       34.743926
      ],
      [
       -83.773351,
       34.743837
      ],
      [
       -83.773316,
       34.743752
      ],
      [
       -83.773204,
       34.743609
      ],
      [
       -83.772999,
       34.743449
      ],
      [
       -83.772925,
       34.743383
      ],
      [
       -83.772854,
       34.743315
      ],
      [
       -83.772786,
       34.743245
      ],
      [
       -83.772721,
       34.743172
      ],
      [
       -83.77263,
       34.74306
      ],
      [
       -83.772492,
       34.742811
      ],
      [
       -83.772445,
       34.742663
      ],
      [
       -83.772442,
       34.742552
      ],
      [
       -83.772463,
       34.742487
      ],
      [
       -83.772502,
       34.742403
      ],
      [
       -83.772557,
       34.742325
      ],
      [
       -83.772687,
       34.74221
      ],
      [
       -83.772867,
       34.742038
      ],
      [
       -83.77319,
       34.741732
      ],
      [
       -83.773256,
       34.741661
      ],
      [
       -83.773305,
       34.74158
      ],
      [
       -83.773338,
       34.741465
      ],
      [
       -83.773334,
       34.741324
      ],
      [
       -83.773241,
       34.741196
      ],
      [
       -83.77307,
       34.741062
      ],
      [
       -83.772709,
       34.740853
      ],
      [
       -83.772355,
       34.740654
      ],
      [
       -83.772123,
       34.740491
      ],
      [
       -83.772049,
       34.740425
      ],
      [
       -83.771989,
       34.74035
      ],
      [
       -83.771945,
       34.740268
      ],
      [
       -83.771912,
       34.740148
      ],
      [
       -83.771842,
       34.739986
      ],
      [
       -83.771744,
       34.739709
      ],
      [
       -83.771639,
       34.739405
      ],
      [
       -83.771609,
       34.739319
      ],
      [
       -83.771576,
       34.739233
      ],
      [
       -83.77154,
       34.739148
      ],
      [
       -83.771501,
       34.739064
      ],
      [
       -83.771459,
       34.73898
      ],
      [
       -83.771414,
       34.738898
      ],
      [
       -83.771321,
       34.738744
      ],
      [
       -83.771164,
       34.738472
      ],
      [
       -83.771114,
       34.738385
      ],
      [
       -83.771081,
       34.738299
      ],
      [
       -83.771052,
       34.738212
      ],
      [
       -83.771026,
       34.738125
      ],
      [
       -83.771003,
       34.738036
      ],
      [
       -83.770971,
       34.73795
      ],
      [
       -83.770928,
       34.737867
      ],
      [
       -83.770874,
       34.737789
      ],
      [
       -83.770811,
       34.737715
      ],
      [
       -83.770693,
       34.737611
      ],
      [
       -83.770612,
       34.737551
      ],
      [
       -83.770522,
       34.737499
      ],
      [
       -83.770426,
       34.737457
      ],
      [
       -83.770324,
       34.737426
      ],
      [
       -83.770217,
       34.737405
      ],
      [
       -83.770033,
       34.737397
      ],
      [
       -83.769717,
       34.737369
      ],
      [
       -83.769461,
       34.737329
      ],
      [
       -83.769275,
       34.737322
      ],
      [
       -83.768824,
       34.737321
      ],
      [
       -83.768295,
       34.737283
      ],
      [
       -83.767933,
       34.737272
      ],
      [
       -83.767824,
       34.737263
      ],
      [
       -83.767718,
       34.737244
      ],
      [
       -83.767615,
       34.737214
      ],
      [
       -83.767489,
       34.73716
      ],
      [
       -83.767156,
       34.736965
      ],
      [
       -83.766795,
       34.736671
      ],
      [
       -83.766709,
       34.736616
      ],
      [
       -83.766621,
       34.736562
      ],
      [
       -83.766534,
       34.736508
      ],
      [
       -83.766445,
       34.736456
      ],
      [
       -83.766356,
       34.736404
      ],
      [
       -83.7662972,
       34.736331
      ],
      [
       -83.7661339,
       34.7362348
      ],
      [
       -83.7659396,
       34.7360622
      ],
      [
       -83.7656876,
       34.7359251
      ],
      [
       -83.765318,
       34.735791
      ],
      [
       -83.7650131,
       34.7356107
      ],
      [
       -83.7648008,
       34.7354786
      ],
      [
       -83.76452,
       34.735259
      ],
      [
       -83.76446,
       34.735184
      ],
      [
       -83.764411,
       34.735104
      ],
      [
       -83.764373,
       34.735019
      ],
      [
       -83.764342,
       34.7349
      ],
      [
       -83.764341,
       34.73481
      ],
      [
       -83.764353,
       34.73472
      ],
      [
       -83.76438,
       34.734633
      ],
      [
       -83.764436,
       34.734523
      ],
      [
       -83.764565,
       34.734375
      ],
      [
       -83.764755,
       34.734237
      ],
      [
       -83.764827,
       34.734185
      ],
      [
       -83.764899,
       34.734123
      ],
      [
       -83.764913,
       34.733992
      ],
      [
       -83.764908,
       34.733902
      ],
      [
       -83.764893,
       34.733813
      ],
      [
       -83.764869,
       34.733725
      ],
      [
       -83.764836,
       34.73364
      ],
      [
       -83.764758,
       34.733499
      ],
      [
       -83.76449,
       34.7331
      ],
      [
       -83.764335,
       34.732885
      ],
      [
       -83.76422,
       34.73277
      ],
      [
       -83.764119,
       34.732676
      ],
      [
       -83.764036,
       34.732548
      ],
      [
       -83.763992,
       34.732469
      ],
      [
       -83.763915,
       34.732395
      ],
      [
       -83.763834,
       34.732334
      ],
      [
       -83.763743,
       34.732285
      ],
      [
       -83.763643,
       34.732249
      ],
      [
       -83.763538,
       34.732226
      ],
      [
       -83.763429,
       34.732217
      ],
      [
       -83.763321,
       34.732223
      ],
      [
       -83.763217,
       34.732251
      ],
      [
       -83.763111,
       34.732274
      ],
      [
       -83.763004,
       34.732291
      ],
      [
       -83.762896,
       34.732302
      ],
      [
       -83.762787,
       34.732309
      ],
      [
       -83.762678,
       34.732309
      ],
      [
       -83.762569,
       34.732304
      ],
      [
       -83.76246,
       34.732297
      ],
      [
       -83.762351,
       34.732288
      ],
      [
       -83.762243,
       34.732277
      ],
      [
       -83.762135,
       34.732266
      ],
      [
       -83.762027,
       34.73225
      ],
      [
       -83.761921,
       34.732231
      ],
      [
       -83.761815,
       34.732207
      ],
      [
       -83.761711,
       34.73218
      ],
      [
       -83.761609,
       34.732149
      ],
      [
       -83.761508,
       34.732114
      ],
      [
       -83.76141,
       34.732075
      ],
      [
       -83.761314,
       34.732033
      ],
      [
       -83.761219,
       34.731987
      ],
      [
       -83.761127,
       34.731939
      ],
      [
       -83.761037,
       34.731888
      ],
      [
       -83.76095,
       34.731834
      ],
      [
       -83.760865,
       34.731777
      ],
      [
       -83.760783,
       34.731718
      ],
      [
       -83.760702,
       34.731658
      ],
      [
       -83.760623,
       34.731595
      ],
      [
       -83.760546,
       34.731531
      ],
      [
       -83.760471,
       34.731466
      ],
      [
       -83.760398,
       34.731399
      ],
      [
       -83.760328,
       34.73133
      ],
      [
       -83.760259,
       34.73126
      ],
      [
       -83.760192,
       34.731189
      ],
      [
       -83.760127,
       34.731117
      ],
      [
       -83.760063,
       34.731044
      ],
      [
       -83.76,
       34.73097
      ],
      [
       -83.759939,
       34.730895
      ],
      [
       -83.759878,
       34.73082
      ],
      [
       -83.759823,
       34.730743
      ],
      [
       -83.759774,
       34.730662
      ],
      [
       -83.75973,
       34.73058
      ],
      [
       -83.759692,
       34.730495
      ],
      [
       -83.75966,
       34.730409
      ],
      [
       -83.759629,
       34.730323
      ],
      [
       -83.7596,
       34.730236
      ],
      [
       -83.759572,
       34.730149
      ],
      [
       -83.759551,
       34.730038
      ],
      [
       -83.759399,
       34.729819
      ],
      [
       -83.759277,
       34.729703
      ],
      [
       -83.759181,
       34.729661
      ],
      [
       -83.759073,
       34.729653
      ],
      [
       -83.758965,
       34.729664
      ],
      [
       -83.758862,
       34.729694
      ],
      [
       -83.758765,
       34.729735
      ],
      [
       -83.758416,
       34.729958
      ],
      [
       -83.758293,
       34.730037
      ],
      [
       -83.7582,
       34.730084
      ],
      [
       -83.758101,
       34.730122
      ],
      [
       -83.757999,
       34.730153
      ],
      [
       -83.757893,
       34.730174
      ],
      [
       -83.757785,
       34.730187
      ],
      [
       -83.757678,
       34.730208
      ],
      [
       -83.757581,
       34.730247
      ],
      [
       -83.757494,
       34.730302
      ],
      [
       -83.757419,
       34.730367
      ],
      [
       -83.757283,
       34.730468
      ],
      [
       -83.757197,
       34.730523
      ],
      [
       -83.757107,
       34.730575
      ],
      [
       -83.757014,
       34.730622
      ],
      [
       -83.756914,
       34.730659
      ],
      [
       -83.756811,
       34.730687
      ],
      [
       -83.756704,
       34.730705
      ],
      [
       -83.756595,
       34.730713
      ],
      [
       -83.756486,
       34.73071
      ],
      [
       -83.756379,
       34.730694
      ],
      [
       -83.756275,
       34.730666
      ],
      [
       -83.756169,
       34.730645
      ],
      [
       -83.756063,
       34.730624
      ],
      [
       -83.755956,
       34.730604
      ],
      [
       -83.755855,
       34.73057
      ],
      [
       -83.75576,
       34.730527
      ],
      [
       -83.755671,
       34.730474
      ],
      [
       -83.755591,
       34.730413
      ],
      [
       -83.75552,
       34.730345
      ],
      [
       -83.755464,
       34.730268
      ],
      [
       -83.755422,
       34.730184
      ],
      [
       -83.755376,
       34.730103
      ],
      [
       -83.755331,
       34.730021
      ],
      [
       -83.755275,
       34.729943
      ],
      [
       -83.755212,
       34.72987
      ],
      [
       -83.755147,
       34.729797
      ],
      [
       -83.755079,
       34.729727
      ],
      [
       -83.754948,
       34.72957
      ],
      [
       -83.754849,
       34.72947
      ],
      [
       -83.754768,
       34.729409
      ],
      [
       -83.754678,
       34.729358
      ],
      [
       -83.754591,
       34.729304
      ],
      [
       -83.754502,
       34.729252
      ],
      [
       -83.754429,
       34.729185
      ],
      [
       -83.754359,
       34.729116
      ],
      [
       -83.754293,
       34.729044
      ],
      [
       -83.754226,
       34.728973
      ],
      [
       -83.754158,
       34.728902
      ],
      [
       -83.754097,
       34.728828
      ],
      [
       -83.75403,
       34.728756
      ],
      [
       -83.75396,
       34.728687
      ],
      [
       -83.753882,
       34.728625
      ],
      [
       -83.753796,
       34.728569
      ],
      [
       -83.753711,
       34.728512
      ],
      [
       -83.753626,
       34.728456
      ],
      [
       -83.753541,
       34.7284
      ],
      [
       -83.753466,
       34.728334
      ],
      [
       -83.7534,
       34.728262
      ],
      [
       -83.753327,
       34.728195
      ],
      [
       -83.753252,
       34.72813
      ],
      [
       -83.753176,
       34.728065
      ],
      [
       -83.753097,
       34.728003
      ],
      [
       -83.753024,
       34.727936
      ],
      [
       -83.752956,
       34.727866
      ],
      [
       -83.752893,
       34.727792
      ],
      [
       -83.752836,
       34.727715
      ],
      [
       -83.752782,
       34.727637
      ],
      [
       -83.752732,
       34.727557
      ],
      [
       -83.752684,
       34.727476
      ],
      [
       -83.752641,
       34.727393
      ],
      [
       -83.7526,
       34.727309
      ],
      [
       -83.752564,
       34.727225
      ],
      [
       -83.752533,
       34.727138
      ],
      [
       -83.752507,
       34.727051
      ],
      [
       -83.752466,
       34.726967
      ],
      [
       -83.752413,
       34.726888
      ],
      [
       -83.75236,
       34.72681
      ],
      [
       -83.752304,
       34.726732
      ],
      [
       -83.752247,
       34.726655
      ],
      [
       -83.75219,
       34.726579
      ],
      [
       -83.752145,
       34.726497
      ],
      [
       -83.752112,
       34.726411
      ],
      [
       -83.752088,
       34.726327
      ],
      [
       -83.751909,
       34.725995
      ],
      [
       -83.751798,
       34.725743
      ],
      [
       -83.751756,
       34.725613
      ],
      [
       -83.75172,
       34.725517
      ],
      [
       -83.751668,
       34.725214
      ],
      [
       -83.751638,
       34.725127
      ],
      [
       -83.751605,
       34.725041
      ],
      [
       -83.751569,
       34.724956
      ],
      [
       -83.751529,
       34.724872
      ],
      [
       -83.751485,
       34.72479
      ],
      [
       -83.751438,
       34.724708
      ],
      [
       -83.751388,
       34.724628
      ],
      [
       -83.751335,
       34.72455
      ],
      [
       -83.751264,
       34.724455
      ],
      [
       -83.751204,
       34.72438
      ],
      [
       -83.751138,
       34.724309
      ],
      [
       -83.751065,
       34.724241
      ],
      [
       -83.750988,
       34.724177
      ],
      [
       -83.750906,
       34.724118
      ],
      [
       -83.750793,
       34.724049
      ],
      [
       -83.750243,
       34.723791
      ],
      [
       -83.7494767,
       34.7235439
      ],
      [
       -83.7491736,
       34.7234447
      ],
      [
       -83.7489488,
       34.7233421
      ],
      [
       -83.7485438,
       34.7231144
      ],
      [
       -83.7483085,
       34.7229923
      ],
      [
       -83.7480875,
       34.7228834
      ],
      [
       -83.7478102,
       34.7227541
      ],
      [
       -83.7478278,
       34.7226024
      ],
      [
       -83.7479521,
       34.7224679
      ],
      [
       -83.7479871,
       34.7224012
      ],
      [
       -83.748103,
       34.7223134
      ],
      [
       -83.7482027,
       34.7222056
      ],
      [
       -83.7482621,
       34.7220438
      ],
      [
       -83.748387,
       34.7215899
      ],
      [
       -83.7485251,
       34.7213004
      ],
      [
       -83.7485717,
       34.7211739
      ],
      [
       -83.7485661,
       34.7209904
      ],
      [
       -83.7484862,
       34.7206581
      ],
      [
       -83.748232,
       34.7204628
      ],
      [
       -83.747922,
       34.720321
      ],
      [
       -83.747715,
       34.7201764
      ],
      [
       -83.7475099,
       34.7199746
      ],
      [
       -83.747469,
       34.719765
      ],
      [
       -83.747439,
       34.719678
      ],
      [
       -83.747416,
       34.71959
      ],
      [
       -83.747401,
       34.719501
      ],
      [
       -83.747393,
       34.719411
      ],
      [
       -83.747398,
       34.719238
      ],
      [
       -83.747408,
       34.719148
      ],
      [
       -83.747429,
       34.71906
      ],
      [
       -83.747462,
       34.718974
      ],
      [
       -83.747543,
       34.718833
      ],
      [
       -83.747741,
       34.718462
      ],
      [
       -83.747829,
       34.718275
      ],
      [
       -83.747869,
       34.718192
      ],
      [
       -83.747895,
       34.718092
      ],
      [
       -83.747895,
       34.718029
      ],
      [
       -83.747894,
       34.717919
      ],
      [
       -83.747866,
       34.717831
      ],
      [
       -83.747836,
       34.717745
      ],
      [
       -83.747805,
       34.717659
      ],
      [
       -83.747771,
       34.717573
      ],
      [
       -83.747736,
       34.717488
      ],
      [
       -83.747694,
       34.717395
      ],
      [
       -83.74684,
       34.715716
      ],
      [
       -83.746654,
       34.715462
      ],
      [
       -83.7464334,
       34.7151003
      ],
      [
       -83.7463835,
       34.7149884
      ],
      [
       -83.7463271,
       34.7149206
      ],
      [
       -83.7462878,
       34.7148397
      ],
      [
       -83.746235,
       34.714746
      ],
      [
       -83.746208,
       34.714659
      ],
      [
       -83.746177,
       34.714573
      ],
      [
       -83.746143,
       34.714487
      ],
      [
       -83.746106,
       34.714402
      ],
      [
       -83.746066,
       34.714318
      ],
      [
       -83.746023,
       34.714236
      ],
      [
       -83.745977,
       34.714154
      ],
      [
       -83.745928,
       34.714073
      ],
      [
       -83.7459038,
       34.713897
      ],
      [
       -83.7459012,
       34.7137976
      ],
      [
       -83.7458487,
       34.7135709
      ],
      [
       -83.7459014,
       34.7132386
      ],
      [
       -83.7459306,
       34.7127567
      ],
      [
       -83.7458951,
       34.7124694
      ],
      [
       -83.745822,
       34.712148
      ],
      [
       -83.745802,
       34.712079
      ],
      [
       -83.7457578,
       34.7120061
      ],
      [
       -83.745722,
       34.711926
      ],
      [
       -83.745624,
       34.711789
      ],
      [
       -83.745583,
       34.711686
      ],
      [
       -83.745494,
       34.711534
      ],
      [
       -83.745397,
       34.711428
      ],
      [
       -83.745219,
       34.711285
      ],
      [
       -83.7448674,
       34.7110476
      ],
      [
       -83.7443955,
       34.7108403
      ],
      [
       -83.7441263,
       34.7107505
      ],
      [
       -83.7439765,
       34.7106944
      ],
      [
       -83.7438079,
       34.7106236
      ],
      [
       -83.743568,
       34.7105373
      ],
      [
       -83.7433821,
       34.7104654
      ],
      [
       -83.7432351,
       34.710399
      ],
      [
       -83.7431026,
       34.7103385
      ],
      [
       -83.7429886,
       34.7102761
      ],
      [
       -83.7428557,
       34.7102442
      ],
      [
       -83.7427313,
       34.7101866
      ],
      [
       -83.7426315,
       34.710129
      ],
      [
       -83.7424876,
       34.7100688
      ],
      [
       -83.7423476,
       34.7099915
      ],
      [
       -83.7420584,
       34.7098634
      ],
      [
       -83.7417651,
       34.7096906
      ],
      [
       -83.741404,
       34.709562
      ],
      [
       -83.7411345,
       34.7095381
      ],
      [
       -83.7408772,
       34.7094635
      ],
      [
       -83.7406513,
       34.7093223
      ]
     ]
    ]
   }
  },
  {
   "type": "Feature",
   "properties": {
    "name": "Dukes Creek",
    "label": "Dukes Creek",
    "category": "waterway",
    "coord_source": "OpenStreetMap contributors, via api.openstreetmap.org/api/0.6/map small-bbox fetch, 2026-09-21 (ODbL). Overpass API mirrors and api.open-elevation.com are unreachable this session (tested), so all geometry comes from the main OSM API instead. Matched way(s) tagged waterway=stream|river with name matching \"Dukes Creek\", bbox ±0.01 deg around the spot's published coordinate (34.70102,-83.79083)."
   },
   "geometry": {
    "type": "MultiLineString",
    "coordinates": [
     [
      [
       -83.790664,
       34.711539
      ],
      [
       -83.790342,
       34.711556
      ],
      [
       -83.790086,
       34.711548
      ],
      [
       -83.789945,
       34.711424
      ],
      [
       -83.789838,
       34.711286
      ],
      [
       -83.789749,
       34.711098
      ],
      [
       -83.789782,
       34.71064
      ],
      [
       -83.789761,
       34.710499
      ],
      [
       -83.789688,
       34.71036
      ],
      [
       -83.789424,
       34.710113
      ],
      [
       -83.7890766,
       34.7100061
      ],
      [
       -83.7887634,
       34.7099253
      ],
      [
       -83.7882265,
       34.709835
      ],
      [
       -83.7876966,
       34.7097084
      ],
      [
       -83.7875211,
       34.7096784
      ],
      [
       -83.787353,
       34.7096226
      ],
      [
       -83.7872027,
       34.7095608
      ],
      [
       -83.7871014,
       34.7094888
      ],
      [
       -83.7870744,
       34.709334
      ],
      [
       -83.787162,
       34.709136
      ],
      [
       -83.787228,
       34.708983
      ],
      [
       -83.787528,
       34.708602
      ],
      [
       -83.787674,
       34.70829
      ],
      [
       -83.787734,
       34.708039
      ],
      [
       -83.787455,
       34.707341
      ],
      [
       -83.787448,
       34.707144
      ],
      [
       -83.787495,
       34.706901
      ],
      [
       -83.787595,
       34.706703
      ],
      [
       -83.788021,
       34.706152
      ],
      [
       -83.7886157,
       34.7050613
      ],
      [
       -83.788759,
       34.704648
      ],
      [
       -83.788899,
       34.704264
      ],
      [
       -83.789066,
       34.704006
      ],
      [
       -83.789245,
       34.70378
      ],
      [
       -83.789578,
       34.703533
      ],
      [
       -83.789724,
       34.703303
      ],
      [
       -83.78992,
       34.703068
      ],
      [
       -83.790338,
       34.702805
      ],
      [
       -83.79066,
       34.702769
      ],
      [
       -83.791104,
       34.702787
      ],
      [
       -83.791359,
       34.702767
      ],
      [
       -83.791477,
       34.702708
      ],
      [
       -83.791592,
       34.702593
      ],
      [
       -83.791686,
       34.702528
      ],
      [
       -83.791802,
       34.702236
      ]
     ],
     [
      [
       -83.791802,
       34.702236
      ],
      [
       -83.792047,
       34.701439
      ],
      [
       -83.79212,
       34.701103
      ],
      [
       -83.792055,
       34.700672
      ],
      [
       -83.791944,
       34.700395
      ],
      [
       -83.791736,
       34.700219
      ],
      [
       -83.791445,
       34.7001
      ],
      [
       -83.790884,
       34.699987
      ],
      [
       -83.790611,
       34.69991
      ],
      [
       -83.790348,
       34.699637
      ],
      [
       -83.789972,
       34.699004
      ],
      [
       -83.789507,
       34.698708
      ],
      [
       -83.787951,
       34.69813
      ],
      [
       -83.787383,
       34.697808
      ],
      [
       -83.787154,
       34.697535
      ],
      [
       -83.786937,
       34.697107
      ],
      [
       -83.786828,
       34.696873
      ],
      [
       -83.786652,
       34.696682
      ],
      [
       -83.786496,
       34.696546
      ],
      [
       -83.786372,
       34.696381
      ]
     ],
     [
      [
       -83.786372,
       34.696381
      ],
      [
       -83.786037,
       34.696181
      ],
      [
       -83.785775,
       34.696074
      ],
      [
       -83.785544,
       34.696068
      ],
      [
       -83.785369,
       34.69614
      ],
      [
       -83.785036,
       34.696338
      ],
      [
       -83.784461,
       34.696621
      ],
      [
       -83.784193,
       34.69674
      ],
      [
       -83.7838,
       34.696782
      ],
      [
       -83.783151,
       34.696898
      ],
      [
       -83.782295,
       34.696929
      ],
      [
       -83.7819,
       34.696904
      ],
      [
       -83.781366,
       34.696815
      ],
      [
       -83.780997,
       34.696734
      ],
      [
       -83.78047,
       34.696431
      ],
      [
       -83.780011,
       34.696139
      ],
      [
       -83.779843,
       34.695985
      ],
      [
       -83.77981,
       34.695806
      ],
      [
       -83.780182,
       34.695111
      ],
      [
       -83.780236,
       34.69477
      ],
      [
       -83.780188,
       34.694517
      ],
      [
       -83.780087,
       34.69434
      ],
      [
       -83.779877,
       34.694176
      ],
      [
       -83.779628,
       34.694036
      ],
      [
       -83.779408,
       34.693973
      ],
      [
       -83.77874,
       34.69391
      ],
      [
       -83.778436,
       34.693782
      ],
      [
       -83.777863,
       34.693705
      ],
      [
       -83.777649,
       34.693797
      ],
      [
       -83.777576,
       34.69383
      ],
      [
       -83.777343,
       34.694198
      ],
      [
       -83.777216,
       34.694282
      ],
      [
       -83.777066,
       34.694285
      ],
      [
       -83.776794,
       34.694269
      ],
      [
       -83.776464,
       34.694175
      ],
      [
       -83.776203,
       34.694086
      ],
      [
       -83.775441,
       34.69407
      ],
      [
       -83.775139,
       34.693998
      ],
      [
       -83.774622,
       34.693987
      ],
      [
       -83.774361,
       34.693914
      ],
      [
       -83.773908,
       34.69379
      ],
      [
       -83.773518,
       34.693507
      ],
      [
       -83.7730671,
       34.6932476
      ],
      [
       -83.772748,
       34.6930589
      ],
      [
       -83.7719567,
       34.6926686
      ],
      [
       -83.7712577,
       34.6922312
      ],
      [
       -83.7710574,
       34.6921354
      ]
     ]
    ]
   }
  },
  {
   "type": "Feature",
   "properties": {
    "name": "Yahoola Creek",
    "label": "Yahoola Creek",
    "category": "waterway",
    "coord_source": "OpenStreetMap contributors, via api.openstreetmap.org/api/0.6/map small-bbox fetch, 2026-09-21 (ODbL). Overpass API mirrors and api.open-elevation.com are unreachable this session (tested), so all geometry comes from the main OSM API instead. Matched way(s) tagged waterway=stream|river with name matching \"Yahoola Creek\", bbox ±0.01 deg around the spot's published coordinate (34.52777,-83.9594)."
   },
   "geometry": {
    "type": "MultiLineString",
    "coordinates": [
     [
      [
       -83.965754,
       34.538017
      ],
      [
       -83.965581,
       34.537734
      ],
      [
       -83.965374,
       34.537247
      ],
      [
       -83.965384,
       34.53696
      ],
      [
       -83.965419,
       34.536572
      ],
      [
       -83.965493,
       34.53649
      ],
      [
       -83.965628,
       34.536425
      ],
      [
       -83.965925,
       34.536399
      ],
      [
       -83.96665,
       34.5364
      ],
      [
       -83.967274,
       34.53639
      ],
      [
       -83.967847,
       34.536345
      ],
      [
       -83.96791,
       34.536305
      ],
      [
       -83.968127,
       34.536217
      ],
      [
       -83.968571,
       34.536093
      ],
      [
       -83.968787,
       34.536048
      ],
      [
       -83.968963,
       34.535976
      ],
      [
       -83.96913,
       34.535896
      ]
     ],
     [
      [
       -83.96913,
       34.535896
      ],
      [
       -83.969422,
       34.535709
      ],
      [
       -83.969511,
       34.535525
      ],
      [
       -83.969464,
       34.535135
      ],
      [
       -83.969277,
       34.534657
      ],
      [
       -83.969031,
       34.534406
      ],
      [
       -83.968645,
       34.53405
      ],
      [
       -83.968253,
       34.53388
      ],
      [
       -83.967968,
       34.533799
      ],
      [
       -83.967859,
       34.533768
      ],
      [
       -83.967526,
       34.53365
      ],
      [
       -83.967044,
       34.533436
      ],
      [
       -83.966711,
       34.533334
      ],
      [
       -83.966344,
       34.5333
      ],
      [
       -83.96597,
       34.533206
      ],
      [
       -83.965617,
       34.533096
      ],
      [
       -83.965357,
       34.532937
      ],
      [
       -83.965208,
       34.532815
      ],
      [
       -83.965065,
       34.532524
      ],
      [
       -83.964915,
       34.532174
      ],
      [
       -83.964677,
       34.53197
      ],
      [
       -83.964317,
       34.531758
      ],
      [
       -83.963926,
       34.531579
      ],
      [
       -83.963406,
       34.531279
      ],
      [
       -83.963286,
       34.531208
      ],
      [
       -83.962966,
       34.531023
      ]
     ],
     [
      [
       -83.958926,
       34.5263601
      ],
      [
       -83.9589989,
       34.5262496
      ],
      [
       -83.9590414,
       34.5260709
      ],
      [
       -83.9590579,
       34.5259117
      ],
      [
       -83.9591168,
       34.5257189
      ],
      [
       -83.9592649,
       34.5255788
      ],
      [
       -83.9592809,
       34.5255269
      ],
      [
       -83.959297,
       34.525475
      ],
      [
       -83.959151,
       34.525286
      ],
      [
       -83.9591162,
       34.525245
      ]
     ],
     [
      [
       -83.962966,
       34.531023
      ],
      [
       -83.962461,
       34.530709
      ],
      [
       -83.961936,
       34.53042
      ],
      [
       -83.961691,
       34.530348
      ],
      [
       -83.961691,
       34.530349
      ]
     ],
     [
      [
       -83.961691,
       34.530349
      ],
      [
       -83.9610645,
       34.5302305
      ],
      [
       -83.9605038,
       34.5301545
      ],
      [
       -83.9602897,
       34.5300685
      ],
      [
       -83.9601277,
       34.5299514
      ],
      [
       -83.9600327,
       34.5298666
      ],
      [
       -83.9599928,
       34.5297753
      ],
      [
       -83.959968,
       34.5295567
      ],
      [
       -83.9599403,
       34.5293857
      ],
      [
       -83.9599301,
       34.529242
      ],
      [
       -83.9599137,
       34.5291357
      ],
      [
       -83.9598828,
       34.529003
      ],
      [
       -83.9598039,
       34.5288402
      ],
      [
       -83.9596666,
       34.5286872
      ],
      [
       -83.9596355,
       34.5285715
      ],
      [
       -83.9597008,
       34.5284656
      ],
      [
       -83.9598583,
       34.5283205
      ],
      [
       -83.9599218,
       34.5281475
      ],
      [
       -83.959879,
       34.528016
      ],
      [
       -83.9597932,
       34.5278334
      ],
      [
       -83.9595799,
       34.5276225
      ],
      [
       -83.959479,
       34.527515
      ],
      [
       -83.9593936,
       34.5273587
      ],
      [
       -83.9593082,
       34.527264
      ],
      [
       -83.9592099,
       34.5271712
      ],
      [
       -83.9589966,
       34.5269229
      ],
      [
       -83.9588787,
       34.526804
      ],
      [
       -83.9588448,
       34.5266784
      ],
      [
       -83.9588734,
       34.5265356
      ],
      [
       -83.958926,
       34.5263601
      ]
     ],
     [
      [
       -83.9591162,
       34.525245
      ],
      [
       -83.9587709,
       34.5244135
      ],
      [
       -83.9588932,
       34.5240105
      ],
      [
       -83.9593389,
       34.5233164
      ],
      [
       -83.9600148,
       34.5223504
      ],
      [
       -83.9602226,
       34.522154
      ],
      [
       -83.9604779,
       34.5220131
      ],
      [
       -83.9612149,
       34.5217338
      ],
      [
       -83.9614762,
       34.5216753
      ],
      [
       -83.9616563,
       34.5216705
      ],
      [
       -83.9617687,
       34.5216949
      ],
      [
       -83.9618219,
       34.5217289
      ],
      [
       -83.9618618,
       34.5218082
      ],
      [
       -83.9619649,
       34.5222523
      ],
      [
       -83.9619694,
       34.5223857
      ],
      [
       -83.9618725,
       34.5230102
      ],
      [
       -83.9619048,
       34.5234202
      ],
      [
       -83.9619391,
       34.5235746
      ],
      [
       -83.9621007,
       34.524009
      ],
      [
       -83.9623569,
       34.524529
      ],
      [
       -83.9626884,
       34.5247425
      ],
      [
       -83.963042,
       34.5250095
      ],
      [
       -83.9633394,
       34.5253276
      ],
      [
       -83.9635315,
       34.5254418
      ],
      [
       -83.9636786,
       34.5254781
      ],
      [
       -83.9638815,
       34.5254666
      ],
      [
       -83.9640174,
       34.5254293
      ],
      [
       -83.9642265,
       34.525245
      ],
      [
       -83.9643186,
       34.5250396
      ],
      [
       -83.9643494,
       34.524892
      ],
      [
       -83.9644311,
       34.5242082
      ],
      [
       -83.9643549,
       34.5239183
      ],
      [
       -83.9642587,
       34.5237346
      ],
      [
       -83.9640617,
       34.5234671
      ],
      [
       -83.9640363,
       34.5233094
      ],
      [
       -83.9642229,
       34.5228348
      ],
      [
       -83.9642765,
       34.5225466
      ],
      [
       -83.9642985,
       34.5219838
      ],
      [
       -83.9643412,
       34.5218113
      ],
      [
       -83.9645584,
       34.5214261
      ],
      [
       -83.9645872,
       34.5212713
      ],
      [
       -83.9645807,
       34.5212112
      ],
      [
       -83.9644988,
       34.5210562
      ],
      [
       -83.9643155,
       34.5207839
      ],
      [
       -83.9641418,
       34.5203345
      ],
      [
       -83.9641731,
       34.5200585
      ],
      [
       -83.9641307,
       34.519935
      ],
      [
       -83.9640152,
       34.5197978
      ],
      [
       -83.96396,
       34.5196879
      ],
      [
       -83.9639645,
       34.5194052
      ],
      [
       -83.9638244,
       34.5192039
      ],
      [
       -83.9636797,
       34.5190691
      ],
      [
       -83.9630598,
       34.5186607
      ],
      [
       -83.9624572,
       34.5183612
      ],
      [
       -83.9615897,
       34.5180551
      ],
      [
       -83.9615018,
       34.5179936
      ],
      [
       -83.9614607,
       34.517934
      ],
      [
       -83.9614735,
       34.5178094
      ],
      [
       -83.9615763,
       34.5176919
      ],
      [
       -83.9619686,
       34.5173975
      ],
      [
       -83.9624012,
       34.517262
      ],
      [
       -83.9625427,
       34.5171739
      ],
      [
       -83.9627572,
       34.5169056
      ],
      [
       -83.962873,
       34.5166906
      ],
      [
       -83.9627365,
       34.5159612
      ],
      [
       -83.9626227,
       34.515659
      ],
      [
       -83.9628293,
       34.5155825
      ],
      [
       -83.962988,
       34.5155448
      ]
     ]
    ]
   }
  }
 ]
}