<?xml version="1.0" encoding="UTF-8"?>
<gpx version="1.1" creator="ga-gold-trip build-map.mjs" xmlns="http://www.topografix.com/GPX/1/1">
  <wpt lat="34.765883" lon="-83.925416"><name>Vogel State Park — Base Camp (walk-in site P)</name><desc>7485 Vogel State Park Rd, Blairsville, GA 30512. Walk-in tent site P, reached by a short carry from the walk-in loop parking. 2 vehicles at site + overflow parking; 2 tents max at site.</desc></wpt>
  <wpt lat="34.7658105" lon="-83.9243056"><name>Vogel State Park Visitor Center / Office</name><desc>Inside Vogel State Park off US 19/129. Free backcountry permits and trail maps issued here.</desc></wpt>
  <wpt lat="34.7658142" lon="-83.9241652"><name>Vogel State Park — Overflow Parking</name><desc>Overflow lot within the park for the 2-vehicle-per-site limit at walk-in site P.</desc></wpt>
  <wpt lat="34.7638" lon="-83.9263"><name>Coosa Backcountry Trailhead</name><desc>Inside Vogel State Park near cabin #7. Free backcountry permit required, obtained at the visitor center.</desc></wpt>
  <wpt lat="34.7419965" lon="-83.9227173"><name>Neel Gap / Mountain Crossings at Walasi-Yi</name><desc>US 19/129 at Neel Gap, ~10 min south of Vogel. Outfitter store built over the Appalachian Trail; gear, boots, trail advice, shuttle info.</desc></wpt>
  <wpt lat="34.8802144" lon="-83.9566621"><name>Ingles (Blairsville groceries)</name><desc>Young Harris Hwy (US 76), Blairsville — closest full grocery store to Vogel.</desc></wpt>
  <wpt lat="34.8855284" lon="-83.9619224"><name>Union General Hospital (ER)</name><desc>35 Hospital Rd/Circle, Blairsville, GA. 24/7 emergency room.</desc></wpt>
  <wpt lat="34.8815282" lon="-83.951938"><name>Blue Ridge Ranger District Office (USFS)</name><desc>2042 Highway 515 West, Blairsville, GA 30512. M-F 8:00-4:30, closed federal holidays.</desc></wpt>
  <wpt lat="34.70556" lon="-83.91778"><name>DeSoto Falls Recreation Area / Frogtown Creek</name><desc>US-129 south from Neel Gap ~4-5 mi to Desoto Falls Recreation Area on the west side of the highway (18 mi north of Dahlonega, 19 mi west of Helen per USFS/trail sources). Paved USFS day-use/campground pull-in, marked entrance off US-129. Short walk (0.3 mi to lower falls, wooden bridge across Frogtown Creek near host site) to reach the creek; campground loops also have creek-front sites.</desc></wpt>
  <wpt lat="34.76325" lon="-84.06754"><name>Cooper Creek Recreation Area / Cooper Creek</name><desc>From Vogel take US-19/129 toward Blairsville then GA-60 S / Cooper Creek Rd (FS 4) to Cooper Creek Recreation Area on FS 236. Paved-to-gravel FS road, multiple pull-offs; campground/day-use area sits right on the creek.</desc></wpt>
  <wpt lat="34.78933" lon="-83.78343"><name>Upper Chattahoochee River / FS Road 44 corridor</name><desc>GA-75 S from Helen area to Upper Chattahoochee River Rd (FS 44), ~5 mi gravel road to Upper Chattahoochee River Campground. Numerous pull-offs along FS 44 with short walks to the water; stay BELOW (downstream/north of) the campground and do not continue upstream past the campground gate — that reach enters Mark Trail Wilderness (banned, see excluded entry).</desc></wpt>
  <wpt lat="34.52777" lon="-83.9594"><name>Yahoola Creek Park</name><desc>1166 Captain McDonald Rd, Dahlonega. Paved county park, parking lot, level walk of a few hundred feet to creek frontage along the park's picnic areas.</desc></wpt>
  <wpt lat="34.72631" lon="-83.84755"><name>Tesnatee Creek at Tesnatee Gap</name><desc>Richard B. Russell Scenic Hwy (GA-348) east from Vogel/Neel Gap to Tesnatee Gap; roadside pull-off at the gap, short walk down to Tesnatee Creek along Town Creek Rd/AT crossing area.</desc></wpt>
  <wpt lat="34.70102" lon="-83.79083"><name>Dukes Creek Falls Recreation Area (NF trail, not Smithgall Woods)</name><desc>GA-75 S then Richard Russell/Dukes Creek Rd (FS 44 spur) to the Dukes Creek Falls trailhead. $4/vehicle/day USFS parking fee. 2.5-mile round-trip moderate trail with overlook platforms; leave the maintained trail to reach the creek itself well below/above the falls (steep terrain — falls area itself is not a panning spot).</desc></wpt>
  <wpt lat="34.86282" lon="-83.99015"><name>Coosa Creek near Blairsville</name><desc>North from Vogel via US-19/129 to Blairsville, then west on local roads (Coosa Creek Rd / GA-180 vicinity) toward the Coosa Bald / Duncan Ridge area. UNVERIFIED exact public drive-up pull-off — the historic Coosa Mine site is described as 'about 4 miles south of Blairsville' (thediggings.com), which may be a different, lower-valley location than this upper-creek OSM point; confirm with a ranger or on-site.</desc></wpt>
  <wpt lat="34.55794" lon="-84.13104"><name>Nimblewill Creek</name><desc>GA-52 W from Dahlonega ~8 mi to Nimblewill Church Rd, USFS forest road with small pull-offs at creek crossings/fords.</desc></wpt>
  <wpt lat="34.5724" lon="-84.11301"><name>Jones Creek</name><desc>Continue past Nimblewill Church Rd on the same forest-road system further into Lumpkin Co. backcountry.</desc></wpt>
  <wpt lat="34.75" lon="-83.79"><name>Boggs Creek (lower, non-Wilderness reach)</name><desc>Boggs Creek Trail / Skitts Mountain vicinity off Richard Russell Scenic Hwy corridor near Helen. Stay on the LOWER/downstream reach — the Boggs Creek Trail leads toward Raven Cliffs Falls and crosses into Raven Cliffs Wilderness (banned) further up.</desc></wpt>
  <wpt lat="34.4745" lon="-84.02382"><name>Wolf Creek / Auraria historic mining cluster</name><desc>Castleberry Bridge Rd / Auraria Rd area SW of Dahlonega. Exact public creek-frontage pull-off not confirmed this pass — treat as a walk-in exploratory stop near the ghost town; verify public vs. private frontage before digging.</desc></wpt>
  <wpt lat="34.46203" lon="-83.96187"><name>Upper Chestatee River at US-19 bridge</name><desc>US-19 south of Dahlonega; roadside pull-off near the bridge, short scramble down to a wide gravel bar.</desc></wpt>
  <wpt lat="34.6798" lon="-83.93712"><name>Waters Creek / Dicks Creek (Chestatee WMA, outside trophy-water boundary)</name><desc>US-19 N from Dahlonega ~13.7 mi to Mt. Pisgah Church Rd (signed Waters Creek Campground), then 2.6 mi to Dicks Creek Falls trailhead.</desc></wpt>
  <wpt lat="34.82231" lon="-83.86991"><name>Town Creek near Blairsville</name><desc>North from Vogel via US-19/129 to Blairsville, then local roads NE toward the Town Creek community. Specific public pull-off UNVERIFIED — treat as exploratory.</desc></wpt>
  <wpt lat="34.86901" lon="-83.88207"><name>Owltown Creek / Trackrock Gap area</name><desc>North from Vogel via US-19/129 to Blairsville, then Trackrock Gap Rd (also reaches the Track Rock Gap petroglyph site). Paved-to-gravel county/forest road with pull-offs.</desc></wpt>
  <wpt lat="34.586" lon="-83.8372"><name>LDMA Loud Mine Camp</name><desc>575 Abb Helton Rd, Cleveland, GA 30528 (5 mi from Cleveland). LDMA (Lost Dutchman's Mining Association) claim on the Loud Mine property, 37 acres in the Dahlonega gold belt with documented stream gold and bench deposits.</desc></wpt>
  <wpt lat="34.64203" lon="-84.42097"><name>Cartecay River</name><desc>Via GA-52/GA-282 to Ellijay area; multiple public bridge crossings.</desc></wpt>
  <wpt lat="34.93676" lon="-83.53988"><name>Coleman River Scenic Area</name><desc>Near Tate City in far NE Rabun Co., at the confluence of Coleman River and Tallulah River; 330-acre scenic area, USFS trail access.</desc></wpt>
  <wpt lat="34.88571" lon="-83.2941"><name>Warwoman Creek / Warwoman Dell</name><desc>East of Clayton via Warwoman Rd; Warwoman Dell Recreation Area is a family day-use site (wooded valley, CCC picnic shelters, waterfall) on the Chattahoochee-Oconee NF.</desc></wpt>
  <wpt lat="34.83499" lon="-83.6029"><name>Wildcat Creek</name><desc>Near Wildcat Creek Rd, southeast Rabun Co. Exact public pull-off UNVERIFIED.</desc></wpt>
  <wpt lat="34.45488" lon="-84.22981"><name>Amicalola Creek (below Amicalola Falls SP boundary)</name><desc>Via GA-52/GA-183 vicinity, downstream of Amicalola Falls State Park. Do NOT pan inside the state park itself (banned); use NF or public-road-ROW gravel bars below the park boundary — exact pull-off UNVERIFIED.</desc></wpt>
  <wpt lat="34.73971" lon="-84.14009"><name>Toccoa River / Deep Hole Recreation Area</name><desc>Via GA-60 N through Suches to Morganton Hwy; USFS day-use area with river access.</desc></wpt>
  <wpt lat="34.7113" lon="-84.22983"><name>Noontootla Creek (caution — special-regulation trout water)</name><desc>Within Blue Ridge WMA, tributary of the upper Toccoa River.</desc></wpt>
  <wpt lat="34.92606" lon="-83.26294"><name>Sarah's Creek</name><desc>Far NE Rabun Co., near the NC line. Likely EXCEEDS the 100-min window from Vogel in practice — reach-stretch only.</desc></wpt>
  <wpt lat="34.5635" lon="-83.9657"><name>Crisson Gold Mine</name><desc>2736 Morrison Moore Pkwy E, 3 mi north of Dahlonega. Paved parking lot, flume/panning sheds on site.</desc></wpt>
  <wpt lat="34.53702" lon="-83.97313"><name>Consolidated Gold Mine</name><desc>185 Consolidated Gold Mine Rd, Dahlonega. Paved lot, underground mine tour plus surface panning flumes.</desc></wpt>
  <wpt lat="34.47454" lon="-84.02324"><name>Auraria Ghost Town</name><desc>Castleberry Bridge Rd / Auraria Rd intersection, SW of Dahlonega; old general store and a few crumbling buildings remain, roadside viewing.</desc></wpt>
  <wpt lat="34.53262" lon="-83.98492"><name>Dahlonega Gold Museum State Historic Site</name><desc>1 Public Square, Dahlonega town square. Museum only — housed in the old Lumpkin County Courthouse.</desc></wpt>
  <wpt lat="34.56194" lon="-83.98583"><name>Calhoun Mine ruins</name><desc>Near the Crisson Gold Mine vicinity north of Dahlonega — exact public-access trail UNVERIFIED this pass; may require a specific pull-off or be visible only from a road.</desc></wpt>
  <wpt lat="34.78933" lon="-83.78343"><name>Upper Chattahoochee headwaters above FS-44 campground (Mark Trail Wilderness)</name><desc>N/A — banned</desc></wpt>
  <wpt lat="34.75" lon="-83.79"><name>Boggs Creek upper reach (Raven Cliffs Wilderness)</name><desc>N/A — banned upstream of the Wilderness boundary</desc></wpt>
  <wpt lat="34.76294" lon="-83.92843"><name>Vogel State Park streams (all)</name><desc>N/A — banned</desc></wpt>
  <trk><name>Day 1</name><desc>2026-10-15 — Arrive, set camp, Helton Creek Falls, stargazing at Brasstown Bald</desc>
    <trkseg>
      <trkpt lat="34.765678" lon="-83.925062"></trkpt>
      <trkpt lat="34.765739" lon="-83.924988"></trkpt>
      <trkpt lat="34.765816" lon="-83.924878"></trkpt>
      <trkpt lat="34.765763" lon="-83.924858"></trkpt>
      <trkpt lat="34.765587" lon="-83.924848"></trkpt>
      <trkpt lat="34.765526" lon="-83.924829"></trkpt>
      <trkpt lat="34.765472" lon="-83.924781"></trkpt>
      <trkpt lat="34.765562" lon="-83.924681"></trkpt>
      <trkpt lat="34.76589" lon="-83.92435"></trkpt>
      <trkpt lat="34.766032" lon="-83.924147"></trkpt>
      <trkpt lat="34.765907" lon="-83.924082"></trkpt>
      <trkpt lat="34.76589" lon="-83.924073"></trkpt>
      <trkpt lat="34.765842" lon="-83.923994"></trkpt>
      <trkpt lat="34.765718" lon="-83.923789"></trkpt>
      <trkpt lat="34.765708" lon="-83.923773"></trkpt>
      <trkpt lat="34.765747" lon="-83.923565"></trkpt>
      <trkpt lat="34.765689" lon="-83.923465"></trkpt>
      <trkpt lat="34.765611" lon="-83.923318"></trkpt>
      <trkpt lat="34.765569" lon="-83.923182"></trkpt>
      <trkpt lat="34.765569" lon="-83.923011"></trkpt>
      <trkpt lat="34.765605" lon="-83.922861"></trkpt>
      <trkpt lat="34.765762" lon="-83.922618"></trkpt>
      <trkpt lat="34.765903" lon="-83.922417"></trkpt>
      <trkpt lat="34.766138" lon="-83.922002"></trkpt>
      <trkpt lat="34.766449" lon="-83.921297"></trkpt>
      <trkpt lat="34.766878" lon="-83.920659"></trkpt>
      <trkpt lat="34.767144" lon="-83.920319"></trkpt>
      <trkpt lat="34.767297" lon="-83.920067"></trkpt>
      <trkpt lat="34.767357" lon="-83.919935"></trkpt>
      <trkpt lat="34.767381" lon="-83.919815"></trkpt>
      <trkpt lat="34.767371" lon="-83.919674"></trkpt>
      <trkpt lat="34.767375" lon="-83.919483"></trkpt>
      <trkpt lat="34.767398" lon="-83.919287"></trkpt>
      <trkpt lat="34.767398" lon="-83.919194"></trkpt>
      <trkpt lat="34.767384" lon="-83.919118"></trkpt>
      <trkpt lat="34.767345" lon="-83.919025"></trkpt>
      <trkpt lat="34.767322" lon="-83.918964"></trkpt>
      <trkpt lat="34.767315" lon="-83.918862"></trkpt>
      <trkpt lat="34.767325" lon="-83.918807"></trkpt>
      <trkpt lat="34.767354" lon="-83.91876"></trkpt>
      <trkpt lat="34.767484" lon="-83.918706"></trkpt>
      <trkpt lat="34.767552" lon="-83.91867"></trkpt>
      <trkpt lat="34.767591" lon="-83.918624"></trkpt>
      <trkpt lat="34.76764" lon="-83.918528"></trkpt>
      <trkpt lat="34.767633" lon="-83.918429"></trkpt>
      <trkpt lat="34.767562" lon="-83.918132"></trkpt>
      <trkpt lat="34.767566" lon="-83.918047"></trkpt>
      <trkpt lat="34.767579" lon="-83.91798"></trkpt>
      <trkpt lat="34.767611" lon="-83.917912"></trkpt>
      <trkpt lat="34.767658" lon="-83.917864"></trkpt>
      <trkpt lat="34.767743" lon="-83.917803"></trkpt>
      <trkpt lat="34.767791" lon="-83.917759"></trkpt>
      <trkpt lat="34.767815" lon="-83.917706"></trkpt>
      <trkpt lat="34.767815" lon="-83.917652"></trkpt>
      <trkpt lat="34.767765" lon="-83.917509"></trkpt>
      <trkpt lat="34.767313" lon="-83.917861"></trkpt>
      <trkpt lat="34.767068" lon="-83.918159"></trkpt>
      <trkpt lat="34.766923" lon="-83.918424"></trkpt>
      <trkpt lat="34.766824" lon="-83.918702"></trkpt>
      <trkpt lat="34.766746" lon="-83.918994"></trkpt>
      <trkpt lat="34.766686" lon="-83.919306"></trkpt>
      <trkpt lat="34.766628" lon="-83.919588"></trkpt>
      <trkpt lat="34.766543" lon="-83.919852"></trkpt>
      <trkpt lat="34.766349" lon="-83.920158"></trkpt>
      <trkpt lat="34.765988" lon="-83.920601"></trkpt>
      <trkpt lat="34.765712" lon="-83.920848"></trkpt>
      <trkpt lat="34.765435" lon="-83.921023"></trkpt>
      <trkpt lat="34.764576" lon="-83.921582"></trkpt>
      <trkpt lat="34.763761" lon="-83.922065"></trkpt>
      <trkpt lat="34.763377" lon="-83.922312"></trkpt>
      <trkpt lat="34.763182" lon="-83.922391"></trkpt>
      <trkpt lat="34.762945" lon="-83.92243"></trkpt>
      <trkpt lat="34.762522" lon="-83.922482"></trkpt>
      <trkpt lat="34.762148" lon="-83.922538"></trkpt>
      <trkpt lat="34.761953" lon="-83.922662"></trkpt>
      <trkpt lat="34.76191" lon="-83.922699"></trkpt>
      <trkpt lat="34.761775" lon="-83.922857"></trkpt>
      <trkpt lat="34.761666" lon="-83.923047"></trkpt>
      <trkpt lat="34.761587" lon="-83.923247"></trkpt>
      <trkpt lat="34.761467" lon="-83.92347"></trkpt>
      <trkpt lat="34.761401" lon="-83.923574"></trkpt>
      <trkpt lat="34.761291" lon="-83.923684"></trkpt>
      <trkpt lat="34.761194" lon="-83.923738"></trkpt>
      <trkpt lat="34.76099" lon="-83.923841"></trkpt>
      <trkpt lat="34.760353" lon="-83.924056"></trkpt>
      <trkpt lat="34.759911" lon="-83.924175"></trkpt>
      <trkpt lat="34.759679" lon="-83.924204"></trkpt>
      <trkpt lat="34.759423" lon="-83.924214"></trkpt>
      <trkpt lat="34.759214" lon="-83.924185"></trkpt>
      <trkpt lat="34.758945" lon="-83.9241"></trkpt>
      <trkpt lat="34.758716" lon="-83.924033"></trkpt>
      <trkpt lat="34.758538" lon="-83.92401"></trkpt>
      <trkpt lat="34.758172" lon="-83.924018"></trkpt>
      <trkpt lat="34.757636" lon="-83.924085"></trkpt>
      <trkpt lat="34.756627" lon="-83.924219"></trkpt>
      <trkpt lat="34.756296" lon="-83.92427"></trkpt>
      <trkpt lat="34.755955" lon="-83.924356"></trkpt>
      <trkpt lat="34.755831" lon="-83.924402"></trkpt>
      <trkpt lat="34.755569" lon="-83.924584"></trkpt>
      <trkpt lat="34.755284" lon="-83.924955"></trkpt>
      <trkpt lat="34.75509" lon="-83.925143"></trkpt>
      <trkpt lat="34.754931" lon="-83.925234"></trkpt>
      <trkpt lat="34.754768" lon="-83.925267"></trkpt>
      <trkpt lat="34.754614" lon="-83.925267"></trkpt>
      <trkpt lat="34.754473" lon="-83.925224"></trkpt>
      <trkpt lat="34.75434" lon="-83.925149"></trkpt>
      <trkpt lat="34.754104" lon="-83.924879"></trkpt>
      <trkpt lat="34.753884" lon="-83.924569"></trkpt>
      <trkpt lat="34.753933" lon="-83.924372"></trkpt>
      <trkpt lat="34.753952" lon="-83.924221"></trkpt>
      <trkpt lat="34.754023" lon="-83.923657"></trkpt>
      <trkpt lat="34.754032" lon="-83.92325"></trkpt>
      <trkpt lat="34.753959" lon="-83.922499"></trkpt>
      <trkpt lat="34.7538" lon="-83.922212"></trkpt>
      <trkpt lat="34.753591" lon="-83.921761"></trkpt>
      <trkpt lat="34.753409" lon="-83.92117"></trkpt>
      <trkpt lat="34.753411" lon="-83.921169"></trkpt>
      <trkpt lat="34.753209" lon="-83.920616"></trkpt>
      <trkpt lat="34.753153" lon="-83.920307"></trkpt>
      <trkpt lat="34.753054" lon="-83.91981"></trkpt>
      <trkpt lat="34.75288" lon="-83.919098"></trkpt>
      <trkpt lat="34.752831" lon="-83.918816"></trkpt>
      <trkpt lat="34.752807" lon="-83.918639"></trkpt>
      <trkpt lat="34.752754" lon="-83.918312"></trkpt>
      <trkpt lat="34.752774" lon="-83.917985"></trkpt>
      <trkpt lat="34.752783" lon="-83.917805"></trkpt>
      <trkpt lat="34.7528" lon="-83.917582"></trkpt>
      <trkpt lat="34.752736" lon="-83.917386"></trkpt>
      <trkpt lat="34.752697" lon="-83.917251"></trkpt>
      <trkpt lat="34.752657" lon="-83.917156"></trkpt>
      <trkpt lat="34.752589" lon="-83.916993"></trkpt>
      <trkpt lat="34.752483" lon="-83.916842"></trkpt>
      <trkpt lat="34.752353" lon="-83.916711"></trkpt>
      <trkpt lat="34.752255" lon="-83.916512"></trkpt>
      <trkpt lat="34.752115" lon="-83.915933"></trkpt>
      <trkpt lat="34.752049" lon="-83.915616"></trkpt>
      <trkpt lat="34.752038" lon="-83.915426"></trkpt>
      <trkpt lat="34.751995" lon="-83.915118"></trkpt>
      <trkpt lat="34.751983" lon="-83.915014"></trkpt>
      <trkpt lat="34.751952" lon="-83.914933"></trkpt>
      <trkpt lat="34.751757" lon="-83.914632"></trkpt>
      <trkpt lat="34.751635" lon="-83.914263"></trkpt>
      <trkpt lat="34.751481" lon="-83.91395"></trkpt>
      <trkpt lat="34.751309" lon="-83.913607"></trkpt>
      <trkpt lat="34.751242" lon="-83.91333"></trkpt>
      <trkpt lat="34.751195" lon="-83.913131"></trkpt>
      <trkpt lat="34.751117" lon="-83.912717"></trkpt>
      <trkpt lat="34.750965" lon="-83.912398"></trkpt>
      <trkpt lat="34.750773" lon="-83.912274"></trkpt>
      <trkpt lat="34.750535" lon="-83.912229"></trkpt>
      <trkpt lat="34.750295" lon="-83.912103"></trkpt>
      <trkpt lat="34.750114" lon="-83.912046"></trkpt>
      <trkpt lat="34.749979" lon="-83.911939"></trkpt>
      <trkpt lat="34.749957" lon="-83.911753"></trkpt>
      <trkpt lat="34.750005" lon="-83.911577"></trkpt>
      <trkpt lat="34.75004" lon="-83.911475"></trkpt>
      <trkpt lat="34.750086" lon="-83.911322"></trkpt>
      <trkpt lat="34.750122" lon="-83.911217"></trkpt>
      <trkpt lat="34.750146" lon="-83.91115"></trkpt>
      <trkpt lat="34.750136" lon="-83.911004"></trkpt>
      <trkpt lat="34.750066" lon="-83.910822"></trkpt>
      <trkpt lat="34.749776" lon="-83.910642"></trkpt>
      <trkpt lat="34.749571" lon="-83.910413"></trkpt>
      <trkpt lat="34.749287" lon="-83.910017"></trkpt>
      <trkpt lat="34.748955" lon="-83.90978"></trkpt>
      <trkpt lat="34.748713" lon="-83.90962"></trkpt>
      <trkpt lat="34.748479" lon="-83.909485"></trkpt>
      <trkpt lat="34.748309" lon="-83.909372"></trkpt>
      <trkpt lat="34.748239" lon="-83.909101"></trkpt>
      <trkpt lat="34.748388" lon="-83.908777"></trkpt>
      <trkpt lat="34.748754" lon="-83.908557"></trkpt>
      <trkpt lat="34.7492" lon="-83.908351"></trkpt>
      <trkpt lat="34.749501" lon="-83.908064"></trkpt>
      <trkpt lat="34.749797" lon="-83.907747"></trkpt>
      <trkpt lat="34.750169" lon="-83.907333"></trkpt>
      <trkpt lat="34.750799" lon="-83.9067"></trkpt>
      <trkpt lat="34.750993" lon="-83.906411"></trkpt>
      <trkpt lat="34.751126" lon="-83.906"></trkpt>
      <trkpt lat="34.751223" lon="-83.905539"></trkpt>
      <trkpt lat="34.751258" lon="-83.905"></trkpt>
      <trkpt lat="34.751312" lon="-83.904588"></trkpt>
      <trkpt lat="34.751295" lon="-83.904381"></trkpt>
      <trkpt lat="34.751343" lon="-83.90396"></trkpt>
      <trkpt lat="34.751439" lon="-83.903652"></trkpt>
      <trkpt lat="34.751553" lon="-83.903394"></trkpt>
      <trkpt lat="34.751738" lon="-83.902886"></trkpt>
      <trkpt lat="34.752183" lon="-83.902484"></trkpt>
      <trkpt lat="34.752595" lon="-83.902146"></trkpt>
      <trkpt lat="34.75295" lon="-83.902004"></trkpt>
      <trkpt lat="34.753104" lon="-83.901797"></trkpt>
      <trkpt lat="34.753076" lon="-83.901647"></trkpt>
      <trkpt lat="34.753065" lon="-83.901473"></trkpt>
      <trkpt lat="34.753096" lon="-83.901191"></trkpt>
      <trkpt lat="34.753166" lon="-83.90096"></trkpt>
      <trkpt lat="34.753276" lon="-83.900794"></trkpt>
      <trkpt lat="34.753292" lon="-83.900531"></trkpt>
      <trkpt lat="34.75323" lon="-83.900252"></trkpt>
      <trkpt lat="34.75323" lon="-83.900006"></trkpt>
      <trkpt lat="34.753332" lon="-83.899659"></trkpt>
      <trkpt lat="34.753158" lon="-83.899249"></trkpt>
      <trkpt lat="34.753102" lon="-83.89903"></trkpt>
      <trkpt lat="34.753122" lon="-83.898728"></trkpt>
      <trkpt lat="34.753172" lon="-83.89851"></trkpt>
      <trkpt lat="34.75325" lon="-83.898356"></trkpt>
      <trkpt lat="34.753274" lon="-83.898188"></trkpt>
      <trkpt lat="34.753319" lon="-83.897803"></trkpt>
      <trkpt lat="34.753384" lon="-83.89765"></trkpt>
      <trkpt lat="34.753551" lon="-83.897694"></trkpt>
      <trkpt lat="34.753703" lon="-83.897722"></trkpt>
      <trkpt lat="34.753795" lon="-83.897568"></trkpt>
      <trkpt lat="34.753777" lon="-83.897401"></trkpt>
      <trkpt lat="34.753629" lon="-83.89699"></trkpt>
      <trkpt lat="34.753558" lon="-83.896358"></trkpt>
      <trkpt lat="34.753679" lon="-83.896236"></trkpt>
      <trkpt lat="34.753859" lon="-83.896296"></trkpt>
      <trkpt lat="34.753997" lon="-83.896275"></trkpt>
      <trkpt lat="34.754077" lon="-83.896171"></trkpt>
      <trkpt lat="34.754085" lon="-83.895971"></trkpt>
      <trkpt lat="34.75406" lon="-83.895855"></trkpt>
      <trkpt lat="34.754062" lon="-83.895755"></trkpt>
      <trkpt lat="34.754105" lon="-83.895669"></trkpt>
      <trkpt lat="34.754186" lon="-83.895599"></trkpt>
      <trkpt lat="34.754361" lon="-83.895463"></trkpt>
      <trkpt lat="34.754385" lon="-83.895423"></trkpt>
      <trkpt lat="34.754394" lon="-83.895379"></trkpt>
      <trkpt lat="34.754379" lon="-83.895314"></trkpt>
      <trkpt lat="34.754354" lon="-83.895256"></trkpt>
      <trkpt lat="34.754178" lon="-83.894923"></trkpt>
      <trkpt lat="34.754167" lon="-83.894865"></trkpt>
      <trkpt lat="34.754172" lon="-83.89481"></trkpt>
      <trkpt lat="34.754226" lon="-83.894718"></trkpt>
      <trkpt lat="34.754238" lon="-83.894619"></trkpt>
      <trkpt lat="34.754174" lon="-83.894554"></trkpt>
      <trkpt lat="34.754103" lon="-83.894522"></trkpt>
      <trkpt lat="34.753715" lon="-83.894645"></trkpt>
      <trkpt lat="34.753504" lon="-83.894619"></trkpt>
      <trkpt lat="34.753289" lon="-83.89454"></trkpt>
      <trkpt lat="34.753262" lon="-83.894463"></trkpt>
    </trkseg>
    <trkseg>
      <trkpt lat="34.753289" lon="-83.89454"></trkpt>
      <trkpt lat="34.753217" lon="-83.894626"></trkpt>
      <trkpt lat="34.753243" lon="-83.894712"></trkpt>
      <trkpt lat="34.753254" lon="-83.894739"></trkpt>
      <trkpt lat="34.753451" lon="-83.894891"></trkpt>
      <trkpt lat="34.753568" lon="-83.894957"></trkpt>
      <trkpt lat="34.75359" lon="-83.89497"></trkpt>
      <trkpt lat="34.753629" lon="-83.89499"></trkpt>
      <trkpt lat="34.753643" lon="-83.894995"></trkpt>
      <trkpt lat="34.753624" lon="-83.89503"></trkpt>
      <trkpt lat="34.753547" lon="-83.895054"></trkpt>
      <trkpt lat="34.753411" lon="-83.895132"></trkpt>
      <trkpt lat="34.75339" lon="-83.89516"></trkpt>
      <trkpt lat="34.75329" lon="-83.895289"></trkpt>
      <trkpt lat="34.753261" lon="-83.895407"></trkpt>
      <trkpt lat="34.753255" lon="-83.895435"></trkpt>
      <trkpt lat="34.753233" lon="-83.895436"></trkpt>
      <trkpt lat="34.75319" lon="-83.895411"></trkpt>
      <trkpt lat="34.753155" lon="-83.895423"></trkpt>
      <trkpt lat="34.75293" lon="-83.895426"></trkpt>
      <trkpt lat="34.752918" lon="-83.895442"></trkpt>
      <trkpt lat="34.752878" lon="-83.895445"></trkpt>
      <trkpt lat="34.752865" lon="-83.895463"></trkpt>
      <trkpt lat="34.752851" lon="-83.895488"></trkpt>
      <trkpt lat="34.752784" lon="-83.895626"></trkpt>
      <trkpt lat="34.752763" lon="-83.895694"></trkpt>
      <trkpt lat="34.752707" lon="-83.895704"></trkpt>
    </trkseg>
    <trkseg>
      <trkpt lat="34.752707" lon="-83.895704"></trkpt>
      <trkpt lat="34.752763" lon="-83.895694"></trkpt>
      <trkpt lat="34.752784" lon="-83.895626"></trkpt>
      <trkpt lat="34.752851" lon="-83.895488"></trkpt>
      <trkpt lat="34.752865" lon="-83.895463"></trkpt>
      <trkpt lat="34.752878" lon="-83.895445"></trkpt>
      <trkpt lat="34.752918" lon="-83.895442"></trkpt>
      <trkpt lat="34.75293" lon="-83.895426"></trkpt>
      <trkpt lat="34.753155" lon="-83.895423"></trkpt>
      <trkpt lat="34.75319" lon="-83.895411"></trkpt>
      <trkpt lat="34.753233" lon="-83.895436"></trkpt>
      <trkpt lat="34.753255" lon="-83.895435"></trkpt>
      <trkpt lat="34.753261" lon="-83.895407"></trkpt>
      <trkpt lat="34.75329" lon="-83.895289"></trkpt>
      <trkpt lat="34.75339" lon="-83.89516"></trkpt>
      <trkpt lat="34.753411" lon="-83.895132"></trkpt>
      <trkpt lat="34.753547" lon="-83.895054"></trkpt>
      <trkpt lat="34.753624" lon="-83.89503"></trkpt>
      <trkpt lat="34.753643" lon="-83.894995"></trkpt>
      <trkpt lat="34.753629" lon="-83.89499"></trkpt>
      <trkpt lat="34.75359" lon="-83.89497"></trkpt>
      <trkpt lat="34.753568" lon="-83.894957"></trkpt>
      <trkpt lat="34.753451" lon="-83.894891"></trkpt>
      <trkpt lat="34.753254" lon="-83.894739"></trkpt>
      <trkpt lat="34.753243" lon="-83.894712"></trkpt>
      <trkpt lat="34.753217" lon="-83.894626"></trkpt>
      <trkpt lat="34.753289" lon="-83.89454"></trkpt>
    </trkseg>
    <trkseg>
      <trkpt lat="34.753262" lon="-83.894463"></trkpt>
      <trkpt lat="34.753289" lon="-83.89454"></trkpt>
      <trkpt lat="34.753504" lon="-83.894619"></trkpt>
      <trkpt lat="34.753715" lon="-83.894645"></trkpt>
      <trkpt lat="34.754103" lon="-83.894522"></trkpt>
      <trkpt lat="34.754174" lon="-83.894554"></trkpt>
      <trkpt lat="34.754238" lon="-83.894619"></trkpt>
      <trkpt lat="34.754226" lon="-83.894718"></trkpt>
      <trkpt lat="34.754172" lon="-83.89481"></trkpt>
      <trkpt lat="34.754167" lon="-83.894865"></trkpt>
      <trkpt lat="34.754178" lon="-83.894923"></trkpt>
      <trkpt lat="34.754354" lon="-83.895256"></trkpt>
      <trkpt lat="34.754379" lon="-83.895314"></trkpt>
      <trkpt lat="34.754394" lon="-83.895379"></trkpt>
      <trkpt lat="34.754385" lon="-83.895423"></trkpt>
      <trkpt lat="34.754361" lon="-83.895463"></trkpt>
      <trkpt lat="34.754186" lon="-83.895599"></trkpt>
      <trkpt lat="34.754105" lon="-83.895669"></trkpt>
      <trkpt lat="34.754062" lon="-83.895755"></trkpt>
      <trkpt lat="34.75406" lon="-83.895855"></trkpt>
      <trkpt lat="34.754085" lon="-83.895971"></trkpt>
      <trkpt lat="34.754077" lon="-83.896171"></trkpt>
      <trkpt lat="34.753997" lon="-83.896275"></trkpt>
      <trkpt lat="34.753859" lon="-83.896296"></trkpt>
      <trkpt lat="34.753679" lon="-83.896236"></trkpt>
      <trkpt lat="34.753558" lon="-83.896358"></trkpt>
      <trkpt lat="34.753629" lon="-83.89699"></trkpt>
      <trkpt lat="34.753777" lon="-83.897401"></trkpt>
      <trkpt lat="34.753795" lon="-83.897568"></trkpt>
      <trkpt lat="34.753703" lon="-83.897722"></trkpt>
      <trkpt lat="34.753551" lon="-83.897694"></trkpt>
      <trkpt lat="34.753384" lon="-83.89765"></trkpt>
      <trkpt lat="34.753319" lon="-83.897803"></trkpt>
      <trkpt lat="34.753274" lon="-83.898188"></trkpt>
      <trkpt lat="34.75325" lon="-83.898356"></trkpt>
      <trkpt lat="34.753172" lon="-83.89851"></trkpt>
      <trkpt lat="34.753122" lon="-83.898728"></trkpt>
      <trkpt lat="34.753102" lon="-83.89903"></trkpt>
      <trkpt lat="34.753158" lon="-83.899249"></trkpt>
      <trkpt lat="34.753332" lon="-83.899659"></trkpt>
      <trkpt lat="34.75323" lon="-83.900006"></trkpt>
      <trkpt lat="34.75323" lon="-83.900252"></trkpt>
      <trkpt lat="34.753292" lon="-83.900531"></trkpt>
      <trkpt lat="34.753276" lon="-83.900794"></trkpt>
      <trkpt lat="34.753166" lon="-83.90096"></trkpt>
      <trkpt lat="34.753096" lon="-83.901191"></trkpt>
      <trkpt lat="34.753065" lon="-83.901473"></trkpt>
      <trkpt lat="34.753076" lon="-83.901647"></trkpt>
      <trkpt lat="34.753104" lon="-83.901797"></trkpt>
      <trkpt lat="34.75295" lon="-83.902004"></trkpt>
      <trkpt lat="34.752595" lon="-83.902146"></trkpt>
      <trkpt lat="34.752183" lon="-83.902484"></trkpt>
      <trkpt lat="34.751738" lon="-83.902886"></trkpt>
      <trkpt lat="34.751553" lon="-83.903394"></trkpt>
      <trkpt lat="34.751439" lon="-83.903652"></trkpt>
      <trkpt lat="34.751343" lon="-83.90396"></trkpt>
      <trkpt lat="34.751295" lon="-83.904381"></trkpt>
      <trkpt lat="34.751312" lon="-83.904588"></trkpt>
      <trkpt lat="34.751258" lon="-83.905"></trkpt>
      <trkpt lat="34.751223" lon="-83.905539"></trkpt>
      <trkpt lat="34.751126" lon="-83.906"></trkpt>
      <trkpt lat="34.750993" lon="-83.906411"></trkpt>
      <trkpt lat="34.750799" lon="-83.9067"></trkpt>
      <trkpt lat="34.750169" lon="-83.907333"></trkpt>
      <trkpt lat="34.749797" lon="-83.907747"></trkpt>
      <trkpt lat="34.749501" lon="-83.908064"></trkpt>
      <trkpt lat="34.7492" lon="-83.908351"></trkpt>
      <trkpt lat="34.748754" lon="-83.908557"></trkpt>
      <trkpt lat="34.748388" lon="-83.908777"></trkpt>
      <trkpt lat="34.748239" lon="-83.909101"></trkpt>
      <trkpt lat="34.748309" lon="-83.909372"></trkpt>
      <trkpt lat="34.748479" lon="-83.909485"></trkpt>
      <trkpt lat="34.748713" lon="-83.90962"></trkpt>
      <trkpt lat="34.748955" lon="-83.90978"></trkpt>
      <trkpt lat="34.749287" lon="-83.910017"></trkpt>
      <trkpt lat="34.749571" lon="-83.910413"></trkpt>
      <trkpt lat="34.749776" lon="-83.910642"></trkpt>
      <trkpt lat="34.750066" lon="-83.910822"></trkpt>
      <trkpt lat="34.750136" lon="-83.911004"></trkpt>
      <trkpt lat="34.750146" lon="-83.91115"></trkpt>
      <trkpt lat="34.750122" lon="-83.911217"></trkpt>
      <trkpt lat="34.750086" lon="-83.911322"></trkpt>
      <trkpt lat="34.75004" lon="-83.911475"></trkpt>
      <trkpt lat="34.750005" lon="-83.911577"></trkpt>
      <trkpt lat="34.749957" lon="-83.911753"></trkpt>
      <trkpt lat="34.749979" lon="-83.911939"></trkpt>
      <trkpt lat="34.750114" lon="-83.912046"></trkpt>
      <trkpt lat="34.750295" lon="-83.912103"></trkpt>
      <trkpt lat="34.750535" lon="-83.912229"></trkpt>
      <trkpt lat="34.750773" lon="-83.912274"></trkpt>
      <trkpt lat="34.750965" lon="-83.912398"></trkpt>
      <trkpt lat="34.751117" lon="-83.912717"></trkpt>
      <trkpt lat="34.751195" lon="-83.913131"></trkpt>
      <trkpt lat="34.751242" lon="-83.91333"></trkpt>
      <trkpt lat="34.751309" lon="-83.913607"></trkpt>
      <trkpt lat="34.751481" lon="-83.91395"></trkpt>
      <trkpt lat="34.751635" lon="-83.914263"></trkpt>
      <trkpt lat="34.751757" lon="-83.914632"></trkpt>
      <trkpt lat="34.751952" lon="-83.914933"></trkpt>
      <trkpt lat="34.751983" lon="-83.915014"></trkpt>
      <trkpt lat="34.751995" lon="-83.915118"></trkpt>
      <trkpt lat="34.752038" lon="-83.915426"></trkpt>
      <trkpt lat="34.752049" lon="-83.915616"></trkpt>
      <trkpt lat="34.752115" lon="-83.915933"></trkpt>
      <trkpt lat="34.752255" lon="-83.916512"></trkpt>
      <trkpt lat="34.752353" lon="-83.916711"></trkpt>
      <trkpt lat="34.752483" lon="-83.916842"></trkpt>
      <trkpt lat="34.752589" lon="-83.916993"></trkpt>
      <trkpt lat="34.752657" lon="-83.917156"></trkpt>
      <trkpt lat="34.752697" lon="-83.917251"></trkpt>
      <trkpt lat="34.752736" lon="-83.917386"></trkpt>
      <trkpt lat="34.7528" lon="-83.917582"></trkpt>
      <trkpt lat="34.752783" lon="-83.917805"></trkpt>
      <trkpt lat="34.752774" lon="-83.917985"></trkpt>
      <trkpt lat="34.752754" lon="-83.918312"></trkpt>
      <trkpt lat="34.752807" lon="-83.918639"></trkpt>
      <trkpt lat="34.752831" lon="-83.918816"></trkpt>
      <trkpt lat="34.75288" lon="-83.919098"></trkpt>
      <trkpt lat="34.753054" lon="-83.91981"></trkpt>
      <trkpt lat="34.753153" lon="-83.920307"></trkpt>
      <trkpt lat="34.753209" lon="-83.920616"></trkpt>
      <trkpt lat="34.753411" lon="-83.921169"></trkpt>
      <trkpt lat="34.753409" lon="-83.92117"></trkpt>
      <trkpt lat="34.753591" lon="-83.921761"></trkpt>
      <trkpt lat="34.7538" lon="-83.922212"></trkpt>
      <trkpt lat="34.753959" lon="-83.922499"></trkpt>
      <trkpt lat="34.754032" lon="-83.92325"></trkpt>
      <trkpt lat="34.754023" lon="-83.923657"></trkpt>
      <trkpt lat="34.753952" lon="-83.924221"></trkpt>
      <trkpt lat="34.753933" lon="-83.924372"></trkpt>
      <trkpt lat="34.753884" lon="-83.924569"></trkpt>
      <trkpt lat="34.754104" lon="-83.924879"></trkpt>
      <trkpt lat="34.75434" lon="-83.925149"></trkpt>
      <trkpt lat="34.754473" lon="-83.925224"></trkpt>
      <trkpt lat="34.754614" lon="-83.925267"></trkpt>
      <trkpt lat="34.754768" lon="-83.925267"></trkpt>
      <trkpt lat="34.754931" lon="-83.925234"></trkpt>
      <trkpt lat="34.75509" lon="-83.925143"></trkpt>
      <trkpt lat="34.755284" lon="-83.924955"></trkpt>
      <trkpt lat="34.755569" lon="-83.924584"></trkpt>
      <trkpt lat="34.755831" lon="-83.924402"></trkpt>
      <trkpt lat="34.755955" lon="-83.924356"></trkpt>
      <trkpt lat="34.756296" lon="-83.92427"></trkpt>
      <trkpt lat="34.756627" lon="-83.924219"></trkpt>
      <trkpt lat="34.757636" lon="-83.924085"></trkpt>
      <trkpt lat="34.758172" lon="-83.924018"></trkpt>
      <trkpt lat="34.758538" lon="-83.92401"></trkpt>
      <trkpt lat="34.758716" lon="-83.924033"></trkpt>
      <trkpt lat="34.758945" lon="-83.9241"></trkpt>
      <trkpt lat="34.759214" lon="-83.924185"></trkpt>
      <trkpt lat="34.759423" lon="-83.924214"></trkpt>
      <trkpt lat="34.759679" lon="-83.924204"></trkpt>
      <trkpt lat="34.759911" lon="-83.924175"></trkpt>
      <trkpt lat="34.760353" lon="-83.924056"></trkpt>
      <trkpt lat="34.76099" lon="-83.923841"></trkpt>
      <trkpt lat="34.761194" lon="-83.923738"></trkpt>
      <trkpt lat="34.761291" lon="-83.923684"></trkpt>
      <trkpt lat="34.761401" lon="-83.923574"></trkpt>
      <trkpt lat="34.761467" lon="-83.92347"></trkpt>
      <trkpt lat="34.761587" lon="-83.923247"></trkpt>
      <trkpt lat="34.761666" lon="-83.923047"></trkpt>
      <trkpt lat="34.761775" lon="-83.922857"></trkpt>
      <trkpt lat="34.76191" lon="-83.922699"></trkpt>
      <trkpt lat="34.761953" lon="-83.922662"></trkpt>
      <trkpt lat="34.762148" lon="-83.922538"></trkpt>
      <trkpt lat="34.762522" lon="-83.922482"></trkpt>
      <trkpt lat="34.762945" lon="-83.92243"></trkpt>
      <trkpt lat="34.763182" lon="-83.922391"></trkpt>
      <trkpt lat="34.763377" lon="-83.922312"></trkpt>
      <trkpt lat="34.763761" lon="-83.922065"></trkpt>
      <trkpt lat="34.764576" lon="-83.921582"></trkpt>
      <trkpt lat="34.765435" lon="-83.921023"></trkpt>
      <trkpt lat="34.765712" lon="-83.920848"></trkpt>
      <trkpt lat="34.765988" lon="-83.920601"></trkpt>
      <trkpt lat="34.766349" lon="-83.920158"></trkpt>
      <trkpt lat="34.766543" lon="-83.919852"></trkpt>
      <trkpt lat="34.766628" lon="-83.919588"></trkpt>
      <trkpt lat="34.766686" lon="-83.919306"></trkpt>
      <trkpt lat="34.766746" lon="-83.918994"></trkpt>
      <trkpt lat="34.766824" lon="-83.918702"></trkpt>
      <trkpt lat="34.766923" lon="-83.918424"></trkpt>
      <trkpt lat="34.767068" lon="-83.918159"></trkpt>
      <trkpt lat="34.767313" lon="-83.917861"></trkpt>
      <trkpt lat="34.767765" lon="-83.917509"></trkpt>
      <trkpt lat="34.767815" lon="-83.917652"></trkpt>
      <trkpt lat="34.767815" lon="-83.917706"></trkpt>
      <trkpt lat="34.767791" lon="-83.917759"></trkpt>
      <trkpt lat="34.767743" lon="-83.917803"></trkpt>
      <trkpt lat="34.767658" lon="-83.917864"></trkpt>
      <trkpt lat="34.767611" lon="-83.917912"></trkpt>
      <trkpt lat="34.767579" lon="-83.91798"></trkpt>
      <trkpt lat="34.767566" lon="-83.918047"></trkpt>
      <trkpt lat="34.767562" lon="-83.918132"></trkpt>
      <trkpt lat="34.767633" lon="-83.918429"></trkpt>
      <trkpt lat="34.76764" lon="-83.918528"></trkpt>
      <trkpt lat="34.767627" lon="-83.91865"></trkpt>
      <trkpt lat="34.767558" lon="-83.918794"></trkpt>
      <trkpt lat="34.767508" lon="-83.918913"></trkpt>
      <trkpt lat="34.767445" lon="-83.919078"></trkpt>
      <trkpt lat="34.767428" lon="-83.919128"></trkpt>
      <trkpt lat="34.767398" lon="-83.919287"></trkpt>
      <trkpt lat="34.767375" lon="-83.919483"></trkpt>
      <trkpt lat="34.767371" lon="-83.919674"></trkpt>
      <trkpt lat="34.767381" lon="-83.919815"></trkpt>
      <trkpt lat="34.767357" lon="-83.919935"></trkpt>
      <trkpt lat="34.767297" lon="-83.920067"></trkpt>
      <trkpt lat="34.767144" lon="-83.920319"></trkpt>
      <trkpt lat="34.766878" lon="-83.920659"></trkpt>
      <trkpt lat="34.766449" lon="-83.921297"></trkpt>
      <trkpt lat="34.766138" lon="-83.922002"></trkpt>
      <trkpt lat="34.765903" lon="-83.922417"></trkpt>
      <trkpt lat="34.765762" lon="-83.922618"></trkpt>
      <trkpt lat="34.765605" lon="-83.922861"></trkpt>
      <trkpt lat="34.765569" lon="-83.923011"></trkpt>
      <trkpt lat="34.765569" lon="-83.923182"></trkpt>
      <trkpt lat="34.765611" lon="-83.923318"></trkpt>
      <trkpt lat="34.765689" lon="-83.923465"></trkpt>
      <trkpt lat="34.765747" lon="-83.923565"></trkpt>
      <trkpt lat="34.765708" lon="-83.923773"></trkpt>
      <trkpt lat="34.765718" lon="-83.923789"></trkpt>
      <trkpt lat="34.765842" lon="-83.923994"></trkpt>
      <trkpt lat="34.76589" lon="-83.924073"></trkpt>
      <trkpt lat="34.765907" lon="-83.924082"></trkpt>
      <trkpt lat="34.766032" lon="-83.924147"></trkpt>
      <trkpt lat="34.76589" lon="-83.92435"></trkpt>
      <trkpt lat="34.765562" lon="-83.924681"></trkpt>
      <trkpt lat="34.765472" lon="-83.924781"></trkpt>
      <trkpt lat="34.765526" lon="-83.924829"></trkpt>
      <trkpt lat="34.765587" lon="-83.924848"></trkpt>
      <trkpt lat="34.765763" lon="-83.924858"></trkpt>
      <trkpt lat="34.765816" lon="-83.924878"></trkpt>
      <trkpt lat="34.765739" lon="-83.924988"></trkpt>
      <trkpt lat="34.765678" lon="-83.925062"></trkpt>
    </trkseg>
    <trkseg>
      <trkpt lat="34.765678" lon="-83.925062"></trkpt>
      <trkpt lat="34.765739" lon="-83.924988"></trkpt>
      <trkpt lat="34.765816" lon="-83.924878"></trkpt>
      <trkpt lat="34.765763" lon="-83.924858"></trkpt>
      <trkpt lat="34.765587" lon="-83.924848"></trkpt>
      <trkpt lat="34.765526" lon="-83.924829"></trkpt>
      <trkpt lat="34.765472" lon="-83.924781"></trkpt>
      <trkpt lat="34.765562" lon="-83.924681"></trkpt>
      <trkpt lat="34.76589" lon="-83.92435"></trkpt>
      <trkpt lat="34.766032" lon="-83.924147"></trkpt>
      <trkpt lat="34.765907" lon="-83.924082"></trkpt>
      <trkpt lat="34.76589" lon="-83.924073"></trkpt>
      <trkpt lat="34.765842" lon="-83.923994"></trkpt>
      <trkpt lat="34.765718" lon="-83.923789"></trkpt>
      <trkpt lat="34.765708" lon="-83.923773"></trkpt>
      <trkpt lat="34.765747" lon="-83.923565"></trkpt>
      <trkpt lat="34.765689" lon="-83.923465"></trkpt>
      <trkpt lat="34.765611" lon="-83.923318"></trkpt>
      <trkpt lat="34.765569" lon="-83.923182"></trkpt>
      <trkpt lat="34.765569" lon="-83.923011"></trkpt>
      <trkpt lat="34.765605" lon="-83.922861"></trkpt>
      <trkpt lat="34.765762" lon="-83.922618"></trkpt>
      <trkpt lat="34.765903" lon="-83.922417"></trkpt>
      <trkpt lat="34.766138" lon="-83.922002"></trkpt>
      <trkpt lat="34.766449" lon="-83.921297"></trkpt>
      <trkpt lat="34.766878" lon="-83.920659"></trkpt>
      <trkpt lat="34.767144" lon="-83.920319"></trkpt>
      <trkpt lat="34.767297" lon="-83.920067"></trkpt>
      <trkpt lat="34.767357" lon="-83.919935"></trkpt>
      <trkpt lat="34.767381" lon="-83.919815"></trkpt>
      <trkpt lat="34.767371" lon="-83.919674"></trkpt>
      <trkpt lat="34.767375" lon="-83.919483"></trkpt>
      <trkpt lat="34.767398" lon="-83.919287"></trkpt>
      <trkpt lat="34.767398" lon="-83.919194"></trkpt>
      <trkpt lat="34.767384" lon="-83.919118"></trkpt>
      <trkpt lat="34.767345" lon="-83.919025"></trkpt>
      <trkpt lat="34.767322" lon="-83.918964"></trkpt>
      <trkpt lat="34.767315" lon="-83.918862"></trkpt>
      <trkpt lat="34.767325" lon="-83.918807"></trkpt>
      <trkpt lat="34.767354" lon="-83.91876"></trkpt>
      <trkpt lat="34.767484" lon="-83.918706"></trkpt>
      <trkpt lat="34.767552" lon="-83.91867"></trkpt>
      <trkpt lat="34.767591" lon="-83.918624"></trkpt>
      <trkpt lat="34.76764" lon="-83.918528"></trkpt>
      <trkpt lat="34.767633" lon="-83.918429"></trkpt>
      <trkpt lat="34.767562" lon="-83.918132"></trkpt>
      <trkpt lat="34.767566" lon="-83.918047"></trkpt>
      <trkpt lat="34.767579" lon="-83.91798"></trkpt>
      <trkpt lat="34.767611" lon="-83.917912"></trkpt>
      <trkpt lat="34.767658" lon="-83.917864"></trkpt>
      <trkpt lat="34.767743" lon="-83.917803"></trkpt>
      <trkpt lat="34.767791" lon="-83.917759"></trkpt>
      <trkpt lat="34.767815" lon="-83.917706"></trkpt>
      <trkpt lat="34.767815" lon="-83.917652"></trkpt>
      <trkpt lat="34.767765" lon="-83.917509"></trkpt>
      <trkpt lat="34.768145" lon="-83.917312"></trkpt>
      <trkpt lat="34.768414" lon="-83.91711"></trkpt>
      <trkpt lat="34.768559" lon="-83.916892"></trkpt>
      <trkpt lat="34.768712" lon="-83.916492"></trkpt>
      <trkpt lat="34.768801" lon="-83.916318"></trkpt>
      <trkpt lat="34.768869" lon="-83.916223"></trkpt>
      <trkpt lat="34.768964" lon="-83.916124"></trkpt>
      <trkpt lat="34.769074" lon="-83.916055"></trkpt>
      <trkpt lat="34.769321" lon="-83.915939"></trkpt>
      <trkpt lat="34.769528" lon="-83.9159"></trkpt>
      <trkpt lat="34.770193" lon="-83.915786"></trkpt>
      <trkpt lat="34.770406" lon="-83.915732"></trkpt>
      <trkpt lat="34.770627" lon="-83.91565"></trkpt>
      <trkpt lat="34.77088" lon="-83.915469"></trkpt>
      <trkpt lat="34.77123" lon="-83.915096"></trkpt>
      <trkpt lat="34.771341" lon="-83.914971"></trkpt>
      <trkpt lat="34.77146" lon="-83.914828"></trkpt>
      <trkpt lat="34.77186" lon="-83.914225"></trkpt>
      <trkpt lat="34.772019" lon="-83.913959"></trkpt>
      <trkpt lat="34.772081" lon="-83.913883"></trkpt>
      <trkpt lat="34.772145" lon="-83.913819"></trkpt>
      <trkpt lat="34.772319" lon="-83.913727"></trkpt>
      <trkpt lat="34.772555" lon="-83.913675"></trkpt>
      <trkpt lat="34.77276" lon="-83.913619"></trkpt>
      <trkpt lat="34.772905" lon="-83.913585"></trkpt>
      <trkpt lat="34.773099" lon="-83.913486"></trkpt>
      <trkpt lat="34.773201" lon="-83.913405"></trkpt>
      <trkpt lat="34.773265" lon="-83.913301"></trkpt>
      <trkpt lat="34.773356" lon="-83.913117"></trkpt>
      <trkpt lat="34.773406" lon="-83.912958"></trkpt>
      <trkpt lat="34.773459" lon="-83.912644"></trkpt>
      <trkpt lat="34.773457" lon="-83.912287"></trkpt>
      <trkpt lat="34.773471" lon="-83.911926"></trkpt>
      <trkpt lat="34.773482" lon="-83.911669"></trkpt>
      <trkpt lat="34.773499" lon="-83.911516"></trkpt>
      <trkpt lat="34.773513" lon="-83.911421"></trkpt>
      <trkpt lat="34.77353" lon="-83.911349"></trkpt>
      <trkpt lat="34.773564" lon="-83.911267"></trkpt>
      <trkpt lat="34.773617" lon="-83.911173"></trkpt>
      <trkpt lat="34.773683" lon="-83.911094"></trkpt>
      <trkpt lat="34.773749" lon="-83.91103"></trkpt>
      <trkpt lat="34.774151" lon="-83.910739"></trkpt>
      <trkpt lat="34.774314" lon="-83.910616"></trkpt>
      <trkpt lat="34.774577" lon="-83.910407"></trkpt>
      <trkpt lat="34.774737" lon="-83.910289"></trkpt>
      <trkpt lat="34.774926" lon="-83.910173"></trkpt>
      <trkpt lat="34.775068" lon="-83.910097"></trkpt>
      <trkpt lat="34.775188" lon="-83.910031"></trkpt>
      <trkpt lat="34.775372" lon="-83.909967"></trkpt>
      <trkpt lat="34.77563" lon="-83.909911"></trkpt>
      <trkpt lat="34.775757" lon="-83.909864"></trkpt>
      <trkpt lat="34.775979" lon="-83.909769"></trkpt>
      <trkpt lat="34.776159" lon="-83.909666"></trkpt>
      <trkpt lat="34.776487" lon="-83.909425"></trkpt>
      <trkpt lat="34.77672" lon="-83.909219"></trkpt>
      <trkpt lat="34.776914" lon="-83.909086"></trkpt>
      <trkpt lat="34.777126" lon="-83.90897"></trkpt>
      <trkpt lat="34.77731" lon="-83.908905"></trkpt>
      <trkpt lat="34.777656" lon="-83.908862"></trkpt>
      <trkpt lat="34.778011" lon="-83.908854"></trkpt>
      <trkpt lat="34.778377" lon="-83.908833"></trkpt>
      <trkpt lat="34.778745" lon="-83.908843"></trkpt>
      <trkpt lat="34.779146" lon="-83.908883"></trkpt>
      <trkpt lat="34.779432" lon="-83.908944"></trkpt>
      <trkpt lat="34.780166" lon="-83.909254"></trkpt>
      <trkpt lat="34.780861" lon="-83.909543"></trkpt>
      <trkpt lat="34.781242" lon="-83.909678"></trkpt>
      <trkpt lat="34.781326" lon="-83.909691"></trkpt>
      <trkpt lat="34.78141" lon="-83.909696"></trkpt>
      <trkpt lat="34.781499" lon="-83.909684"></trkpt>
      <trkpt lat="34.781587" lon="-83.909665"></trkpt>
      <trkpt lat="34.78182" lon="-83.909579"></trkpt>
      <trkpt lat="34.782266" lon="-83.909227"></trkpt>
      <trkpt lat="34.782466" lon="-83.909026"></trkpt>
      <trkpt lat="34.782535" lon="-83.908883"></trkpt>
      <trkpt lat="34.782589" lon="-83.90873"></trkpt>
      <trkpt lat="34.782611" lon="-83.908515"></trkpt>
      <trkpt lat="34.782605" lon="-83.908029"></trkpt>
      <trkpt lat="34.782654" lon="-83.907608"></trkpt>
      <trkpt lat="34.78276" lon="-83.907297"></trkpt>
      <trkpt lat="34.782914" lon="-83.90698"></trkpt>
      <trkpt lat="34.783209" lon="-83.906747"></trkpt>
      <trkpt lat="34.783465" lon="-83.906636"></trkpt>
      <trkpt lat="34.783688" lon="-83.906621"></trkpt>
      <trkpt lat="34.783886" lon="-83.906662"></trkpt>
      <trkpt lat="34.784192" lon="-83.906824"></trkpt>
      <trkpt lat="34.784355" lon="-83.906929"></trkpt>
      <trkpt lat="34.784653" lon="-83.907004"></trkpt>
      <trkpt lat="34.784817" lon="-83.906946"></trkpt>
      <trkpt lat="34.785236" lon="-83.906865"></trkpt>
      <trkpt lat="34.785905" lon="-83.906683"></trkpt>
      <trkpt lat="34.78617" lon="-83.906629"></trkpt>
      <trkpt lat="34.786551" lon="-83.906441"></trkpt>
      <trkpt lat="34.786848" lon="-83.906269"></trkpt>
      <trkpt lat="34.78716" lon="-83.906105"></trkpt>
      <trkpt lat="34.78745" lon="-83.906086"></trkpt>
      <trkpt lat="34.787659" lon="-83.906144"></trkpt>
      <trkpt lat="34.78792" lon="-83.906133"></trkpt>
      <trkpt lat="34.788199" lon="-83.905993"></trkpt>
      <trkpt lat="34.788461" lon="-83.905794"></trkpt>
      <trkpt lat="34.78891" lon="-83.905558"></trkpt>
      <trkpt lat="34.789267" lon="-83.905488"></trkpt>
      <trkpt lat="34.789811" lon="-83.905389"></trkpt>
      <trkpt lat="34.790118" lon="-83.905178"></trkpt>
      <trkpt lat="34.790556" lon="-83.904755"></trkpt>
      <trkpt lat="34.790986" lon="-83.904252"></trkpt>
      <trkpt lat="34.791155" lon="-83.903964"></trkpt>
      <trkpt lat="34.791261" lon="-83.903696"></trkpt>
      <trkpt lat="34.791372" lon="-83.903367"></trkpt>
      <trkpt lat="34.79152" lon="-83.90279"></trkpt>
      <trkpt lat="34.791729" lon="-83.901852"></trkpt>
      <trkpt lat="34.791758" lon="-83.901637"></trkpt>
      <trkpt lat="34.791778" lon="-83.901377"></trkpt>
      <trkpt lat="34.791787" lon="-83.90125"></trkpt>
      <trkpt lat="34.791785" lon="-83.900448"></trkpt>
      <trkpt lat="34.791782" lon="-83.899705"></trkpt>
      <trkpt lat="34.791774" lon="-83.896886"></trkpt>
      <trkpt lat="34.791782" lon="-83.89662"></trkpt>
      <trkpt lat="34.791795" lon="-83.896478"></trkpt>
      <trkpt lat="34.791813" lon="-83.896336"></trkpt>
      <trkpt lat="34.79184" lon="-83.896178"></trkpt>
      <trkpt lat="34.791873" lon="-83.896023"></trkpt>
      <trkpt lat="34.791906" lon="-83.895891"></trkpt>
      <trkpt lat="34.791957" lon="-83.895738"></trkpt>
      <trkpt lat="34.792006" lon="-83.895612"></trkpt>
      <trkpt lat="34.792044" lon="-83.89552"></trkpt>
      <trkpt lat="34.792146" lon="-83.895309"></trkpt>
      <trkpt lat="34.792361" lon="-83.894966"></trkpt>
      <trkpt lat="34.79264" lon="-83.894642"></trkpt>
      <trkpt lat="34.792987" lon="-83.894364"></trkpt>
      <trkpt lat="34.793351" lon="-83.894186"></trkpt>
      <trkpt lat="34.793827" lon="-83.893993"></trkpt>
      <trkpt lat="34.794664" lon="-83.893727"></trkpt>
      <trkpt lat="34.794654" lon="-83.893558"></trkpt>
      <trkpt lat="34.794642" lon="-83.893414"></trkpt>
      <trkpt lat="34.794638" lon="-83.893333"></trkpt>
      <trkpt lat="34.794634" lon="-83.893259"></trkpt>
      <trkpt lat="34.794684" lon="-83.890852"></trkpt>
      <trkpt lat="34.794698" lon="-83.890195"></trkpt>
      <trkpt lat="34.794712" lon="-83.889367"></trkpt>
      <trkpt lat="34.794716" lon="-83.88917"></trkpt>
      <trkpt lat="34.794725" lon="-83.888962"></trkpt>
      <trkpt lat="34.794751" lon="-83.888631"></trkpt>
      <trkpt lat="34.794782" lon="-83.888294"></trkpt>
      <trkpt lat="34.794868" lon="-83.887515"></trkpt>
      <trkpt lat="34.794905" lon="-83.887162"></trkpt>
      <trkpt lat="34.794985" lon="-83.886543"></trkpt>
      <trkpt lat="34.795055" lon="-83.885856"></trkpt>
      <trkpt lat="34.79509" lon="-83.885296"></trkpt>
      <trkpt lat="34.79511" lon="-83.884354"></trkpt>
      <trkpt lat="34.795075" lon="-83.883281"></trkpt>
      <trkpt lat="34.795027" lon="-83.882243"></trkpt>
      <trkpt lat="34.794945" lon="-83.88043"></trkpt>
      <trkpt lat="34.79495" lon="-83.879408"></trkpt>
      <trkpt lat="34.794953" lon="-83.879235"></trkpt>
      <trkpt lat="34.794976" lon="-83.878679"></trkpt>
      <trkpt lat="34.795018" lon="-83.878118"></trkpt>
      <trkpt lat="34.795068" lon="-83.877391"></trkpt>
      <trkpt lat="34.795128" lon="-83.876687"></trkpt>
      <trkpt lat="34.795129" lon="-83.876666"></trkpt>
      <trkpt lat="34.795201" lon="-83.875663"></trkpt>
      <trkpt lat="34.795203" lon="-83.875634"></trkpt>
      <trkpt lat="34.79524" lon="-83.875329"></trkpt>
      <trkpt lat="34.795302" lon="-83.87502"></trkpt>
      <trkpt lat="34.795346" lon="-83.87485"></trkpt>
      <trkpt lat="34.795397" lon="-83.874698"></trkpt>
      <trkpt lat="34.795466" lon="-83.874522"></trkpt>
      <trkpt lat="34.795542" lon="-83.874358"></trkpt>
      <trkpt lat="34.795627" lon="-83.874207"></trkpt>
      <trkpt lat="34.795707" lon="-83.874076"></trkpt>
      <trkpt lat="34.795812" lon="-83.873928"></trkpt>
      <trkpt lat="34.795921" lon="-83.873792"></trkpt>
      <trkpt lat="34.796414" lon="-83.873301"></trkpt>
      <trkpt lat="34.796639" lon="-83.873083"></trkpt>
      <trkpt lat="34.797002" lon="-83.872733"></trkpt>
      <trkpt lat="34.798051" lon="-83.871729"></trkpt>
      <trkpt lat="34.798504" lon="-83.871289"></trkpt>
      <trkpt lat="34.798892" lon="-83.870913"></trkpt>
      <trkpt lat="34.799139" lon="-83.870624"></trkpt>
      <trkpt lat="34.799368" lon="-83.870294"></trkpt>
      <trkpt lat="34.799478" lon="-83.87009"></trkpt>
      <trkpt lat="34.799526" lon="-83.86999"></trkpt>
      <trkpt lat="34.799566" lon="-83.869905"></trkpt>
      <trkpt lat="34.799676" lon="-83.869645"></trkpt>
      <trkpt lat="34.799782" lon="-83.869342"></trkpt>
      <trkpt lat="34.799866" lon="-83.869036"></trkpt>
      <trkpt lat="34.799923" lon="-83.86873"></trkpt>
      <trkpt lat="34.799949" lon="-83.868514"></trkpt>
      <trkpt lat="34.799969" lon="-83.868282"></trkpt>
      <trkpt lat="34.799979" lon="-83.86808"></trkpt>
      <trkpt lat="34.799978" lon="-83.867869"></trkpt>
      <trkpt lat="34.799959" lon="-83.867585"></trkpt>
      <trkpt lat="34.799932" lon="-83.867295"></trkpt>
      <trkpt lat="34.799758" lon="-83.865726"></trkpt>
      <trkpt lat="34.799731" lon="-83.865496"></trkpt>
      <trkpt lat="34.799723" lon="-83.865416"></trkpt>
      <trkpt lat="34.799697" lon="-83.865182"></trkpt>
      <trkpt lat="34.79967" lon="-83.864849"></trkpt>
      <trkpt lat="34.799666" lon="-83.864649"></trkpt>
      <trkpt lat="34.799671" lon="-83.864441"></trkpt>
      <trkpt lat="34.799688" lon="-83.864275"></trkpt>
      <trkpt lat="34.799717" lon="-83.864112"></trkpt>
      <trkpt lat="34.79976" lon="-83.863925"></trkpt>
      <trkpt lat="34.799814" lon="-83.863749"></trkpt>
      <trkpt lat="34.799853" lon="-83.863648"></trkpt>
      <trkpt lat="34.799893" lon="-83.863558"></trkpt>
      <trkpt lat="34.799949" lon="-83.863452"></trkpt>
      <trkpt lat="34.80008" lon="-83.863218"></trkpt>
      <trkpt lat="34.80083" lon="-83.862121"></trkpt>
      <trkpt lat="34.800932" lon="-83.861963"></trkpt>
      <trkpt lat="34.802441" lon="-83.859724"></trkpt>
      <trkpt lat="34.803145" lon="-83.858691"></trkpt>
      <trkpt lat="34.803482" lon="-83.858211"></trkpt>
      <trkpt lat="34.80374" lon="-83.857843"></trkpt>
      <trkpt lat="34.804182" lon="-83.857276"></trkpt>
      <trkpt lat="34.804506" lon="-83.856901"></trkpt>
      <trkpt lat="34.805551" lon="-83.855696"></trkpt>
      <trkpt lat="34.806026" lon="-83.855129"></trkpt>
      <trkpt lat="34.806213" lon="-83.854877"></trkpt>
      <trkpt lat="34.806349" lon="-83.854675"></trkpt>
      <trkpt lat="34.806567" lon="-83.854308"></trkpt>
      <trkpt lat="34.806865" lon="-83.853758"></trkpt>
      <trkpt lat="34.807138" lon="-83.853262"></trkpt>
      <trkpt lat="34.807329" lon="-83.852951"></trkpt>
      <trkpt lat="34.807695" lon="-83.852449"></trkpt>
      <trkpt lat="34.807933" lon="-83.852189"></trkpt>
      <trkpt lat="34.808198" lon="-83.851914"></trkpt>
      <trkpt lat="34.808928" lon="-83.851242"></trkpt>
      <trkpt lat="34.809166" lon="-83.850998"></trkpt>
      <trkpt lat="34.809316" lon="-83.850824"></trkpt>
      <trkpt lat="34.809455" lon="-83.850615"></trkpt>
      <trkpt lat="34.809567" lon="-83.850424"></trkpt>
      <trkpt lat="34.809693" lon="-83.850159"></trkpt>
      <trkpt lat="34.8098" lon="-83.849884"></trkpt>
      <trkpt lat="34.809883" lon="-83.84965"></trkpt>
      <trkpt lat="34.810067" lon="-83.848957"></trkpt>
      <trkpt lat="34.810185" lon="-83.848511"></trkpt>
      <trkpt lat="34.810378" lon="-83.847823"></trkpt>
      <trkpt lat="34.810603" lon="-83.846935"></trkpt>
      <trkpt lat="34.81078" lon="-83.846176"></trkpt>
      <trkpt lat="34.810886" lon="-83.845654"></trkpt>
      <trkpt lat="34.810926" lon="-83.845435"></trkpt>
      <trkpt lat="34.811132" lon="-83.844411"></trkpt>
      <trkpt lat="34.811158" lon="-83.844242"></trkpt>
      <trkpt lat="34.811175" lon="-83.844075"></trkpt>
      <trkpt lat="34.811186" lon="-83.843885"></trkpt>
      <trkpt lat="34.811188" lon="-83.843695"></trkpt>
      <trkpt lat="34.811176" lon="-83.84352"></trkpt>
      <trkpt lat="34.811157" lon="-83.843355"></trkpt>
      <trkpt lat="34.811117" lon="-83.843159"></trkpt>
      <trkpt lat="34.811068" lon="-83.842977"></trkpt>
      <trkpt lat="34.810968" lon="-83.842699"></trkpt>
      <trkpt lat="34.810864" lon="-83.842434"></trkpt>
      <trkpt lat="34.810292" lon="-83.841045"></trkpt>
      <trkpt lat="34.810006" lon="-83.840349"></trkpt>
      <trkpt lat="34.809719" lon="-83.839655"></trkpt>
      <trkpt lat="34.809659" lon="-83.839467"></trkpt>
      <trkpt lat="34.809629" lon="-83.839331"></trkpt>
      <trkpt lat="34.809619" lon="-83.839253"></trkpt>
      <trkpt lat="34.809616" lon="-83.839122"></trkpt>
      <trkpt lat="34.809632" lon="-83.838984"></trkpt>
      <trkpt lat="34.809639" lon="-83.838926"></trkpt>
      <trkpt lat="34.80967" lon="-83.838815"></trkpt>
      <trkpt lat="34.809748" lon="-83.838643"></trkpt>
      <trkpt lat="34.809843" lon="-83.838495"></trkpt>
      <trkpt lat="34.809979" lon="-83.838364"></trkpt>
      <trkpt lat="34.810245" lon="-83.838188"></trkpt>
      <trkpt lat="34.810598" lon="-83.837965"></trkpt>
      <trkpt lat="34.810942" lon="-83.837737"></trkpt>
      <trkpt lat="34.811268" lon="-83.837466"></trkpt>
      <trkpt lat="34.811572" lon="-83.837198"></trkpt>
      <trkpt lat="34.812011" lon="-83.836785"></trkpt>
      <trkpt lat="34.812211" lon="-83.836571"></trkpt>
      <trkpt lat="34.812575" lon="-83.836225"></trkpt>
      <trkpt lat="34.812866" lon="-83.835948"></trkpt>
      <trkpt lat="34.813245" lon="-83.835525"></trkpt>
      <trkpt lat="34.813615" lon="-83.835181"></trkpt>
      <trkpt lat="34.813868" lon="-83.834918"></trkpt>
      <trkpt lat="34.814209" lon="-83.834563"></trkpt>
      <trkpt lat="34.814476" lon="-83.834242"></trkpt>
      <trkpt lat="34.814766" lon="-83.833832"></trkpt>
      <trkpt lat="34.814973" lon="-83.833499"></trkpt>
      <trkpt lat="34.815196" lon="-83.833102"></trkpt>
      <trkpt lat="34.815412" lon="-83.832754"></trkpt>
      <trkpt lat="34.815563" lon="-83.832527"></trkpt>
      <trkpt lat="34.815669" lon="-83.832406"></trkpt>
      <trkpt lat="34.815774" lon="-83.832306"></trkpt>
      <trkpt lat="34.815939" lon="-83.832199"></trkpt>
      <trkpt lat="34.816105" lon="-83.832102"></trkpt>
      <trkpt lat="34.816422" lon="-83.831983"></trkpt>
      <trkpt lat="34.816662" lon="-83.831908"></trkpt>
      <trkpt lat="34.816896" lon="-83.831857"></trkpt>
      <trkpt lat="34.817085" lon="-83.831816"></trkpt>
      <trkpt lat="34.817272" lon="-83.831753"></trkpt>
      <trkpt lat="34.817552" lon="-83.831613"></trkpt>
      <trkpt lat="34.817796" lon="-83.83145"></trkpt>
      <trkpt lat="34.818005" lon="-83.831256"></trkpt>
      <trkpt lat="34.818255" lon="-83.831003"></trkpt>
      <trkpt lat="34.818473" lon="-83.830725"></trkpt>
      <trkpt lat="34.818675" lon="-83.830426"></trkpt>
      <trkpt lat="34.818763" lon="-83.830266"></trkpt>
      <trkpt lat="34.818825" lon="-83.830154"></trkpt>
      <trkpt lat="34.81905" lon="-83.829828"></trkpt>
      <trkpt lat="34.819266" lon="-83.829523"></trkpt>
      <trkpt lat="34.819754" lon="-83.828854"></trkpt>
      <trkpt lat="34.819979" lon="-83.828489"></trkpt>
      <trkpt lat="34.820309" lon="-83.827876"></trkpt>
      <trkpt lat="34.820611" lon="-83.827278"></trkpt>
      <trkpt lat="34.820946" lon="-83.82659"></trkpt>
      <trkpt lat="34.82128" lon="-83.825944"></trkpt>
      <trkpt lat="34.821476" lon="-83.825563"></trkpt>
      <trkpt lat="34.821671" lon="-83.825214"></trkpt>
      <trkpt lat="34.82193" lon="-83.824777"></trkpt>
      <trkpt lat="34.822813" lon="-83.823153"></trkpt>
      <trkpt lat="34.823088" lon="-83.822647"></trkpt>
      <trkpt lat="34.823334" lon="-83.822176"></trkpt>
      <trkpt lat="34.823402" lon="-83.822036"></trkpt>
      <trkpt lat="34.823464" lon="-83.821891"></trkpt>
      <trkpt lat="34.82355" lon="-83.821647"></trkpt>
      <trkpt lat="34.823608" lon="-83.82143"></trkpt>
      <trkpt lat="34.82366" lon="-83.821197"></trkpt>
      <trkpt lat="34.823695" lon="-83.820966"></trkpt>
      <trkpt lat="34.823719" lon="-83.820748"></trkpt>
      <trkpt lat="34.823733" lon="-83.820529"></trkpt>
      <trkpt lat="34.823778" lon="-83.819767"></trkpt>
      <trkpt lat="34.823821" lon="-83.818997"></trkpt>
      <trkpt lat="34.823871" lon="-83.818301"></trkpt>
      <trkpt lat="34.823921" lon="-83.817596"></trkpt>
      <trkpt lat="34.823943" lon="-83.817374"></trkpt>
      <trkpt lat="34.823972" lon="-83.817153"></trkpt>
      <trkpt lat="34.824041" lon="-83.816837"></trkpt>
      <trkpt lat="34.824118" lon="-83.816575"></trkpt>
      <trkpt lat="34.824227" lon="-83.816296"></trkpt>
      <trkpt lat="34.824353" lon="-83.816043"></trkpt>
      <trkpt lat="34.82449" lon="-83.815808"></trkpt>
      <trkpt lat="34.824743" lon="-83.815422"></trkpt>
      <trkpt lat="34.825043" lon="-83.814976"></trkpt>
      <trkpt lat="34.825445" lon="-83.814391"></trkpt>
      <trkpt lat="34.825841" lon="-83.813834"></trkpt>
      <trkpt lat="34.826307" lon="-83.813145"></trkpt>
      <trkpt lat="34.827018" lon="-83.812096"></trkpt>
      <trkpt lat="34.827161" lon="-83.811879"></trkpt>
      <trkpt lat="34.827409" lon="-83.811529"></trkpt>
      <trkpt lat="34.827655" lon="-83.811203"></trkpt>
      <trkpt lat="34.827808" lon="-83.811027"></trkpt>
      <trkpt lat="34.827958" lon="-83.810873"></trkpt>
      <trkpt lat="34.828508" lon="-83.810363"></trkpt>
      <trkpt lat="34.829037" lon="-83.809895"></trkpt>
      <trkpt lat="34.829323" lon="-83.809637"></trkpt>
      <trkpt lat="34.829606" lon="-83.80936"></trkpt>
      <trkpt lat="34.829749" lon="-83.809209"></trkpt>
      <trkpt lat="34.829893" lon="-83.809046"></trkpt>
      <trkpt lat="34.830151" lon="-83.808745"></trkpt>
      <trkpt lat="34.830403" lon="-83.808417"></trkpt>
      <trkpt lat="34.830641" lon="-83.80809"></trkpt>
      <trkpt lat="34.830882" lon="-83.807798"></trkpt>
      <trkpt lat="34.831087" lon="-83.807566"></trkpt>
      <trkpt lat="34.831292" lon="-83.807358"></trkpt>
      <trkpt lat="34.831543" lon="-83.807138"></trkpt>
      <trkpt lat="34.831797" lon="-83.806933"></trkpt>
      <trkpt lat="34.832294" lon="-83.806588"></trkpt>
      <trkpt lat="34.83276" lon="-83.806273"></trkpt>
      <trkpt lat="34.833128" lon="-83.806005"></trkpt>
      <trkpt lat="34.833299" lon="-83.805878"></trkpt>
      <trkpt lat="34.833471" lon="-83.805733"></trkpt>
      <trkpt lat="34.833847" lon="-83.805405"></trkpt>
      <trkpt lat="34.834215" lon="-83.805069"></trkpt>
      <trkpt lat="34.834523" lon="-83.804796"></trkpt>
      <trkpt lat="34.83478" lon="-83.804598"></trkpt>
      <trkpt lat="34.834984" lon="-83.804454"></trkpt>
      <trkpt lat="34.835184" lon="-83.804324"></trkpt>
      <trkpt lat="34.835498" lon="-83.804155"></trkpt>
      <trkpt lat="34.835813" lon="-83.804005"></trkpt>
      <trkpt lat="34.83618" lon="-83.80386"></trkpt>
      <trkpt lat="34.836542" lon="-83.80373"></trkpt>
      <trkpt lat="34.83753" lon="-83.803373"></trkpt>
      <trkpt lat="34.838548" lon="-83.802989"></trkpt>
      <trkpt lat="34.839065" lon="-83.802794"></trkpt>
      <trkpt lat="34.839579" lon="-83.802608"></trkpt>
      <trkpt lat="34.839908" lon="-83.802478"></trkpt>
      <trkpt lat="34.840074" lon="-83.802407"></trkpt>
      <trkpt lat="34.840249" lon="-83.802326"></trkpt>
      <trkpt lat="34.840383" lon="-83.80225"></trkpt>
      <trkpt lat="34.840557" lon="-83.802149"></trkpt>
      <trkpt lat="34.840732" lon="-83.802028"></trkpt>
      <trkpt lat="34.84103" lon="-83.801804"></trkpt>
      <trkpt lat="34.841152" lon="-83.801696"></trkpt>
      <trkpt lat="34.841273" lon="-83.801582"></trkpt>
      <trkpt lat="34.841474" lon="-83.801361"></trkpt>
      <trkpt lat="34.841675" lon="-83.801129"></trkpt>
      <trkpt lat="34.841972" lon="-83.800754"></trkpt>
      <trkpt lat="34.84262" lon="-83.799943"></trkpt>
      <trkpt lat="34.842769" lon="-83.799756"></trkpt>
      <trkpt lat="34.842916" lon="-83.79958"></trkpt>
      <trkpt lat="34.843062" lon="-83.799421"></trkpt>
      <trkpt lat="34.843208" lon="-83.799278"></trkpt>
      <trkpt lat="34.843345" lon="-83.799164"></trkpt>
      <trkpt lat="34.843483" lon="-83.799061"></trkpt>
      <trkpt lat="34.843621" lon="-83.798969"></trkpt>
      <trkpt lat="34.843758" lon="-83.79889"></trkpt>
      <trkpt lat="34.843842" lon="-83.79885"></trkpt>
      <trkpt lat="34.843925" lon="-83.798814"></trkpt>
      <trkpt lat="34.844009" lon="-83.798781"></trkpt>
      <trkpt lat="34.84409" lon="-83.798752"></trkpt>
      <trkpt lat="34.844178" lon="-83.798726"></trkpt>
      <trkpt lat="34.844269" lon="-83.7987"></trkpt>
      <trkpt lat="34.844358" lon="-83.79868"></trkpt>
      <trkpt lat="34.844446" lon="-83.798662"></trkpt>
      <trkpt lat="34.844565" lon="-83.798644"></trkpt>
      <trkpt lat="34.844682" lon="-83.798632"></trkpt>
      <trkpt lat="34.844918" lon="-83.79861"></trkpt>
      <trkpt lat="34.845994" lon="-83.798521"></trkpt>
      <trkpt lat="34.846381" lon="-83.798497"></trkpt>
      <trkpt lat="34.846763" lon="-83.798487"></trkpt>
      <trkpt lat="34.847262" lon="-83.798492"></trkpt>
      <trkpt lat="34.847657" lon="-83.798495"></trkpt>
      <trkpt lat="34.847799" lon="-83.798571"></trkpt>
      <trkpt lat="34.84794" lon="-83.798647"></trkpt>
      <trkpt lat="34.848085" lon="-83.798728"></trkpt>
      <trkpt lat="34.848229" lon="-83.798816"></trkpt>
      <trkpt lat="34.848288" lon="-83.79886"></trkpt>
      <trkpt lat="34.848315" lon="-83.79888"></trkpt>
      <trkpt lat="34.848345" lon="-83.798907"></trkpt>
      <trkpt lat="34.84842" lon="-83.798961"></trkpt>
      <trkpt lat="34.848503" lon="-83.799025"></trkpt>
      <trkpt lat="34.848587" lon="-83.799076"></trkpt>
      <trkpt lat="34.848687" lon="-83.79913"></trkpt>
      <trkpt lat="34.848787" lon="-83.799177"></trkpt>
      <trkpt lat="34.848949" lon="-83.799253"></trkpt>
      <trkpt lat="34.849216" lon="-83.799362"></trkpt>
      <trkpt lat="34.849619" lon="-83.799667"></trkpt>
      <trkpt lat="34.849843" lon="-83.799886"></trkpt>
      <trkpt lat="34.850046" lon="-83.799901"></trkpt>
      <trkpt lat="34.850223" lon="-83.799832"></trkpt>
      <trkpt lat="34.850434" lon="-83.799817"></trkpt>
      <trkpt lat="34.850855" lon="-83.799894"></trkpt>
      <trkpt lat="34.851181" lon="-83.799925"></trkpt>
      <trkpt lat="34.851238" lon="-83.799914"></trkpt>
      <trkpt lat="34.851296" lon="-83.799894"></trkpt>
      <trkpt lat="34.851349" lon="-83.799871"></trkpt>
      <trkpt lat="34.851402" lon="-83.79984"></trkpt>
      <trkpt lat="34.851514" lon="-83.799749"></trkpt>
      <trkpt lat="34.851581" lon="-83.799704"></trkpt>
      <trkpt lat="34.851647" lon="-83.799667"></trkpt>
      <trkpt lat="34.851679" lon="-83.799652"></trkpt>
      <trkpt lat="34.85171" lon="-83.799643"></trkpt>
      <trkpt lat="34.851742" lon="-83.799639"></trkpt>
      <trkpt lat="34.851773" lon="-83.799638"></trkpt>
      <trkpt lat="34.851804" lon="-83.799644"></trkpt>
      <trkpt lat="34.851833" lon="-83.799651"></trkpt>
      <trkpt lat="34.851896" lon="-83.799667"></trkpt>
      <trkpt lat="34.852226" lon="-83.799787"></trkpt>
      <trkpt lat="34.852287" lon="-83.799802"></trkpt>
      <trkpt lat="34.852347" lon="-83.799812"></trkpt>
      <trkpt lat="34.852412" lon="-83.799815"></trkpt>
      <trkpt lat="34.852476" lon="-83.799815"></trkpt>
      <trkpt lat="34.852817" lon="-83.799798"></trkpt>
      <trkpt lat="34.852855" lon="-83.799797"></trkpt>
      <trkpt lat="34.852893" lon="-83.799798"></trkpt>
      <trkpt lat="34.852922" lon="-83.799801"></trkpt>
      <trkpt lat="34.85295" lon="-83.799806"></trkpt>
      <trkpt lat="34.852983" lon="-83.799815"></trkpt>
      <trkpt lat="34.853015" lon="-83.799826"></trkpt>
      <trkpt lat="34.853078" lon="-83.799852"></trkpt>
      <trkpt lat="34.853193" lon="-83.79991"></trkpt>
      <trkpt lat="34.853307" lon="-83.79997"></trkpt>
      <trkpt lat="34.853492" lon="-83.800085"></trkpt>
      <trkpt lat="34.853527" lon="-83.800112"></trkpt>
      <trkpt lat="34.853552" lon="-83.800134"></trkpt>
      <trkpt lat="34.853577" lon="-83.80016"></trkpt>
      <trkpt lat="34.853601" lon="-83.800188"></trkpt>
      <trkpt lat="34.853624" lon="-83.800219"></trkpt>
      <trkpt lat="34.853651" lon="-83.800264"></trkpt>
      <trkpt lat="34.853676" lon="-83.800314"></trkpt>
      <trkpt lat="34.853694" lon="-83.800369"></trkpt>
      <trkpt lat="34.853708" lon="-83.800426"></trkpt>
      <trkpt lat="34.853715" lon="-83.800474"></trkpt>
      <trkpt lat="34.853718" lon="-83.800521"></trkpt>
      <trkpt lat="34.853723" lon="-83.800673"></trkpt>
      <trkpt lat="34.853734" lon="-83.800732"></trkpt>
      <trkpt lat="34.85375" lon="-83.800776"></trkpt>
      <trkpt lat="34.853789" lon="-83.800835"></trkpt>
      <trkpt lat="34.85383" lon="-83.800882"></trkpt>
      <trkpt lat="34.853907" lon="-83.800953"></trkpt>
      <trkpt lat="34.853949" lon="-83.800989"></trkpt>
      <trkpt lat="34.853991" lon="-83.801014"></trkpt>
      <trkpt lat="34.854046" lon="-83.801036"></trkpt>
      <trkpt lat="34.854101" lon="-83.801046"></trkpt>
      <trkpt lat="34.854406" lon="-83.801071"></trkpt>
      <trkpt lat="34.85446" lon="-83.801077"></trkpt>
      <trkpt lat="34.854512" lon="-83.801091"></trkpt>
      <trkpt lat="34.854545" lon="-83.801102"></trkpt>
      <trkpt lat="34.854576" lon="-83.801118"></trkpt>
      <trkpt lat="34.854606" lon="-83.801138"></trkpt>
      <trkpt lat="34.854633" lon="-83.801163"></trkpt>
      <trkpt lat="34.854668" lon="-83.801198"></trkpt>
      <trkpt lat="34.854702" lon="-83.801238"></trkpt>
      <trkpt lat="34.854864" lon="-83.80145"></trkpt>
      <trkpt lat="34.854915" lon="-83.801502"></trkpt>
      <trkpt lat="34.854967" lon="-83.801541"></trkpt>
      <trkpt lat="34.855016" lon="-83.801565"></trkpt>
      <trkpt lat="34.855063" lon="-83.801578"></trkpt>
      <trkpt lat="34.855133" lon="-83.801589"></trkpt>
      <trkpt lat="34.855415" lon="-83.801595"></trkpt>
      <trkpt lat="34.855505" lon="-83.801596"></trkpt>
      <trkpt lat="34.855595" lon="-83.801601"></trkpt>
      <trkpt lat="34.855685" lon="-83.801611"></trkpt>
      <trkpt lat="34.855775" lon="-83.801631"></trkpt>
      <trkpt lat="34.85585" lon="-83.801655"></trkpt>
      <trkpt lat="34.855922" lon="-83.801685"></trkpt>
      <trkpt lat="34.855998" lon="-83.80172"></trkpt>
      <trkpt lat="34.856069" lon="-83.801758"></trkpt>
      <trkpt lat="34.856397" lon="-83.801922"></trkpt>
      <trkpt lat="34.856442" lon="-83.801939"></trkpt>
      <trkpt lat="34.856487" lon="-83.801951"></trkpt>
      <trkpt lat="34.856508" lon="-83.801953"></trkpt>
      <trkpt lat="34.856529" lon="-83.801953"></trkpt>
      <trkpt lat="34.856546" lon="-83.801951"></trkpt>
      <trkpt lat="34.856565" lon="-83.801946"></trkpt>
      <trkpt lat="34.856584" lon="-83.80194"></trkpt>
      <trkpt lat="34.856601" lon="-83.80193"></trkpt>
      <trkpt lat="34.856618" lon="-83.801918"></trkpt>
      <trkpt lat="34.856633" lon="-83.801902"></trkpt>
      <trkpt lat="34.856644" lon="-83.801887"></trkpt>
      <trkpt lat="34.856657" lon="-83.801866"></trkpt>
      <trkpt lat="34.856668" lon="-83.801843"></trkpt>
      <trkpt lat="34.856677" lon="-83.801819"></trkpt>
      <trkpt lat="34.856683" lon="-83.801792"></trkpt>
      <trkpt lat="34.856689" lon="-83.801762"></trkpt>
      <trkpt lat="34.856706" lon="-83.801535"></trkpt>
      <trkpt lat="34.856715" lon="-83.80149"></trkpt>
      <trkpt lat="34.856731" lon="-83.801442"></trkpt>
      <trkpt lat="34.856752" lon="-83.801394"></trkpt>
      <trkpt lat="34.85678" lon="-83.801353"></trkpt>
      <trkpt lat="34.856807" lon="-83.801325"></trkpt>
      <trkpt lat="34.856835" lon="-83.801304"></trkpt>
      <trkpt lat="34.856862" lon="-83.801289"></trkpt>
      <trkpt lat="34.856889" lon="-83.801278"></trkpt>
      <trkpt lat="34.856919" lon="-83.801271"></trkpt>
      <trkpt lat="34.856946" lon="-83.801267"></trkpt>
      <trkpt lat="34.856971" lon="-83.801263"></trkpt>
      <trkpt lat="34.856997" lon="-83.801262"></trkpt>
      <trkpt lat="34.857024" lon="-83.801263"></trkpt>
      <trkpt lat="34.857062" lon="-83.801267"></trkpt>
      <trkpt lat="34.857597" lon="-83.801364"></trkpt>
      <trkpt lat="34.857667" lon="-83.801374"></trkpt>
      <trkpt lat="34.857703" lon="-83.801376"></trkpt>
      <trkpt lat="34.857739" lon="-83.801375"></trkpt>
      <trkpt lat="34.857768" lon="-83.801374"></trkpt>
      <trkpt lat="34.857797" lon="-83.801371"></trkpt>
      <trkpt lat="34.857855" lon="-83.801364"></trkpt>
      <trkpt lat="34.857972" lon="-83.80134"></trkpt>
      <trkpt lat="34.858095" lon="-83.801323"></trkpt>
      <trkpt lat="34.858127" lon="-83.80132"></trkpt>
      <trkpt lat="34.858157" lon="-83.801318"></trkpt>
      <trkpt lat="34.858187" lon="-83.801319"></trkpt>
      <trkpt lat="34.858218" lon="-83.801324"></trkpt>
      <trkpt lat="34.858256" lon="-83.801333"></trkpt>
      <trkpt lat="34.858292" lon="-83.801349"></trkpt>
      <trkpt lat="34.858469" lon="-83.801436"></trkpt>
      <trkpt lat="34.858557" lon="-83.801474"></trkpt>
      <trkpt lat="34.858602" lon="-83.80149"></trkpt>
      <trkpt lat="34.858645" lon="-83.801504"></trkpt>
      <trkpt lat="34.859014" lon="-83.801573"></trkpt>
      <trkpt lat="34.859073" lon="-83.801594"></trkpt>
      <trkpt lat="34.859132" lon="-83.801623"></trkpt>
      <trkpt lat="34.859181" lon="-83.801652"></trkpt>
      <trkpt lat="34.859227" lon="-83.801688"></trkpt>
      <trkpt lat="34.859887" lon="-83.802287"></trkpt>
      <trkpt lat="34.859957" lon="-83.802338"></trkpt>
      <trkpt lat="34.860019" lon="-83.802346"></trkpt>
      <trkpt lat="34.860109" lon="-83.802293"></trkpt>
      <trkpt lat="34.860661" lon="-83.801829"></trkpt>
      <trkpt lat="34.860763" lon="-83.801718"></trkpt>
      <trkpt lat="34.860845" lon="-83.801624"></trkpt>
      <trkpt lat="34.86087" lon="-83.801536"></trkpt>
      <trkpt lat="34.860864" lon="-83.801429"></trkpt>
      <trkpt lat="34.860834" lon="-83.801317"></trkpt>
      <trkpt lat="34.860653" lon="-83.800869"></trkpt>
      <trkpt lat="34.860347" lon="-83.800245"></trkpt>
      <trkpt lat="34.860139" lon="-83.799838"></trkpt>
      <trkpt lat="34.860083" lon="-83.799719"></trkpt>
      <trkpt lat="34.860048" lon="-83.799596"></trkpt>
      <trkpt lat="34.860036" lon="-83.799474"></trkpt>
      <trkpt lat="34.860046" lon="-83.799393"></trkpt>
      <trkpt lat="34.860069" lon="-83.799315"></trkpt>
      <trkpt lat="34.860117" lon="-83.799253"></trkpt>
      <trkpt lat="34.860179" lon="-83.79923"></trkpt>
      <trkpt lat="34.860273" lon="-83.799247"></trkpt>
      <trkpt lat="34.860349" lon="-83.799289"></trkpt>
      <trkpt lat="34.860412" lon="-83.799341"></trkpt>
      <trkpt lat="34.860624" lon="-83.799576"></trkpt>
      <trkpt lat="34.86092" lon="-83.799914"></trkpt>
      <trkpt lat="34.861181" lon="-83.800214"></trkpt>
      <trkpt lat="34.861415" lon="-83.80048"></trkpt>
      <trkpt lat="34.861482" lon="-83.800562"></trkpt>
      <trkpt lat="34.861548" lon="-83.800651"></trkpt>
      <trkpt lat="34.861612" lon="-83.800741"></trkpt>
      <trkpt lat="34.861674" lon="-83.800835"></trkpt>
      <trkpt lat="34.861796" lon="-83.801036"></trkpt>
      <trkpt lat="34.861895" lon="-83.801221"></trkpt>
      <trkpt lat="34.86199" lon="-83.801417"></trkpt>
      <trkpt lat="34.862065" lon="-83.801594"></trkpt>
      <trkpt lat="34.862129" lon="-83.801764"></trkpt>
      <trkpt lat="34.862248" lon="-83.802228"></trkpt>
      <trkpt lat="34.862306" lon="-83.802523"></trkpt>
      <trkpt lat="34.862313" lon="-83.802667"></trkpt>
      <trkpt lat="34.862324" lon="-83.802802"></trkpt>
      <trkpt lat="34.862357" lon="-83.803077"></trkpt>
      <trkpt lat="34.862378" lon="-83.803226"></trkpt>
      <trkpt lat="34.862409" lon="-83.803331"></trkpt>
      <trkpt lat="34.862488" lon="-83.803462"></trkpt>
      <trkpt lat="34.86258" lon="-83.803534"></trkpt>
      <trkpt lat="34.862657" lon="-83.803564"></trkpt>
      <trkpt lat="34.86277" lon="-83.803572"></trkpt>
      <trkpt lat="34.86296" lon="-83.803562"></trkpt>
      <trkpt lat="34.863066" lon="-83.80361"></trkpt>
      <trkpt lat="34.86321" lon="-83.803706"></trkpt>
      <trkpt lat="34.863531" lon="-83.804004"></trkpt>
      <trkpt lat="34.863674" lon="-83.804098"></trkpt>
      <trkpt lat="34.863852" lon="-83.804176"></trkpt>
      <trkpt lat="34.864134" lon="-83.804307"></trkpt>
      <trkpt lat="34.864264" lon="-83.804393"></trkpt>
      <trkpt lat="34.864378" lon="-83.804492"></trkpt>
      <trkpt lat="34.864473" lon="-83.804613"></trkpt>
      <trkpt lat="34.864546" lon="-83.804725"></trkpt>
      <trkpt lat="34.864616" lon="-83.804862"></trkpt>
      <trkpt lat="34.864694" lon="-83.805015"></trkpt>
      <trkpt lat="34.864756" lon="-83.805149"></trkpt>
      <trkpt lat="34.864832" lon="-83.805262"></trkpt>
      <trkpt lat="34.864904" lon="-83.805332"></trkpt>
      <trkpt lat="34.864988" lon="-83.805396"></trkpt>
      <trkpt lat="34.865235" lon="-83.805508"></trkpt>
      <trkpt lat="34.865357" lon="-83.805579"></trkpt>
      <trkpt lat="34.865458" lon="-83.805668"></trkpt>
      <trkpt lat="34.865647" lon="-83.805889"></trkpt>
      <trkpt lat="34.865722" lon="-83.805952"></trkpt>
      <trkpt lat="34.865832" lon="-83.80602"></trkpt>
      <trkpt lat="34.865951" lon="-83.806078"></trkpt>
      <trkpt lat="34.866344" lon="-83.806237"></trkpt>
      <trkpt lat="34.866461" lon="-83.806302"></trkpt>
      <trkpt lat="34.866559" lon="-83.806373"></trkpt>
      <trkpt lat="34.866703" lon="-83.806506"></trkpt>
      <trkpt lat="34.867308" lon="-83.807144"></trkpt>
      <trkpt lat="34.867461" lon="-83.807299"></trkpt>
      <trkpt lat="34.867573" lon="-83.807395"></trkpt>
      <trkpt lat="34.867654" lon="-83.807448"></trkpt>
      <trkpt lat="34.867745" lon="-83.807473"></trkpt>
      <trkpt lat="34.867845" lon="-83.807476"></trkpt>
      <trkpt lat="34.867948" lon="-83.807465"></trkpt>
      <trkpt lat="34.868063" lon="-83.807444"></trkpt>
      <trkpt lat="34.868571" lon="-83.807326"></trkpt>
      <trkpt lat="34.868743" lon="-83.807253"></trkpt>
      <trkpt lat="34.868818" lon="-83.807192"></trkpt>
      <trkpt lat="34.868888" lon="-83.807116"></trkpt>
      <trkpt lat="34.868934" lon="-83.807028"></trkpt>
      <trkpt lat="34.868963" lon="-83.806918"></trkpt>
      <trkpt lat="34.868981" lon="-83.806783"></trkpt>
      <trkpt lat="34.86901" lon="-83.806645"></trkpt>
      <trkpt lat="34.869071" lon="-83.806548"></trkpt>
      <trkpt lat="34.86915" lon="-83.806457"></trkpt>
      <trkpt lat="34.869246" lon="-83.806357"></trkpt>
      <trkpt lat="34.869331" lon="-83.806239"></trkpt>
      <trkpt lat="34.869384" lon="-83.806119"></trkpt>
      <trkpt lat="34.86942" lon="-83.805967"></trkpt>
      <trkpt lat="34.869444" lon="-83.805797"></trkpt>
      <trkpt lat="34.869457" lon="-83.805651"></trkpt>
      <trkpt lat="34.869448" lon="-83.805526"></trkpt>
      <trkpt lat="34.869424" lon="-83.805425"></trkpt>
      <trkpt lat="34.869349" lon="-83.805237"></trkpt>
      <trkpt lat="34.869324" lon="-83.805144"></trkpt>
      <trkpt lat="34.869341" lon="-83.805062"></trkpt>
      <trkpt lat="34.869406" lon="-83.805022"></trkpt>
      <trkpt lat="34.869476" lon="-83.805049"></trkpt>
      <trkpt lat="34.869546" lon="-83.805112"></trkpt>
      <trkpt lat="34.869608" lon="-83.805221"></trkpt>
      <trkpt lat="34.869652" lon="-83.805333"></trkpt>
      <trkpt lat="34.86971" lon="-83.805537"></trkpt>
      <trkpt lat="34.869765" lon="-83.805779"></trkpt>
      <trkpt lat="34.869832" lon="-83.806121"></trkpt>
      <trkpt lat="34.869861" lon="-83.806298"></trkpt>
      <trkpt lat="34.869868" lon="-83.806375"></trkpt>
      <trkpt lat="34.869873" lon="-83.806449"></trkpt>
      <trkpt lat="34.869871" lon="-83.806506"></trkpt>
      <trkpt lat="34.869861" lon="-83.806558"></trkpt>
      <trkpt lat="34.869846" lon="-83.806608"></trkpt>
      <trkpt lat="34.869823" lon="-83.806659"></trkpt>
      <trkpt lat="34.869749" lon="-83.806815"></trkpt>
      <trkpt lat="34.869728" lon="-83.806864"></trkpt>
      <trkpt lat="34.869708" lon="-83.80692"></trkpt>
      <trkpt lat="34.869701" lon="-83.806986"></trkpt>
      <trkpt lat="34.8697" lon="-83.807044"></trkpt>
      <trkpt lat="34.86971" lon="-83.807119"></trkpt>
      <trkpt lat="34.869726" lon="-83.807185"></trkpt>
      <trkpt lat="34.869745" lon="-83.807244"></trkpt>
      <trkpt lat="34.869765" lon="-83.807298"></trkpt>
      <trkpt lat="34.869871" lon="-83.807543"></trkpt>
      <trkpt lat="34.870044" lon="-83.807963"></trkpt>
      <trkpt lat="34.870161" lon="-83.80822"></trkpt>
      <trkpt lat="34.870266" lon="-83.808439"></trkpt>
      <trkpt lat="34.870321" lon="-83.808559"></trkpt>
      <trkpt lat="34.870355" lon="-83.808639"></trkpt>
      <trkpt lat="34.870375" lon="-83.808688"></trkpt>
      <trkpt lat="34.870393" lon="-83.808739"></trkpt>
      <trkpt lat="34.870404" lon="-83.808791"></trkpt>
      <trkpt lat="34.870409" lon="-83.808843"></trkpt>
      <trkpt lat="34.870409" lon="-83.808896"></trkpt>
      <trkpt lat="34.870402" lon="-83.808947"></trkpt>
      <trkpt lat="34.870387" lon="-83.809005"></trkpt>
      <trkpt lat="34.870366" lon="-83.809055"></trkpt>
      <trkpt lat="34.870316" lon="-83.809158"></trkpt>
      <trkpt lat="34.870291" lon="-83.809211"></trkpt>
      <trkpt lat="34.87027" lon="-83.80926"></trkpt>
      <trkpt lat="34.87017" lon="-83.809542"></trkpt>
      <trkpt lat="34.870146" lon="-83.809621"></trkpt>
      <trkpt lat="34.870137" lon="-83.80966"></trkpt>
      <trkpt lat="34.87013" lon="-83.809701"></trkpt>
      <trkpt lat="34.870124" lon="-83.809765"></trkpt>
      <trkpt lat="34.870122" lon="-83.809822"></trkpt>
      <trkpt lat="34.870129" lon="-83.809855"></trkpt>
      <trkpt lat="34.870137" lon="-83.809884"></trkpt>
      <trkpt lat="34.870147" lon="-83.809912"></trkpt>
      <trkpt lat="34.870157" lon="-83.809937"></trkpt>
      <trkpt lat="34.870185" lon="-83.809998"></trkpt>
      <trkpt lat="34.87025" lon="-83.810098"></trkpt>
      <trkpt lat="34.870293" lon="-83.810158"></trkpt>
      <trkpt lat="34.870392" lon="-83.810306"></trkpt>
      <trkpt lat="34.870416" lon="-83.810349"></trkpt>
      <trkpt lat="34.870434" lon="-83.810395"></trkpt>
      <trkpt lat="34.870435" lon="-83.810434"></trkpt>
      <trkpt lat="34.870433" lon="-83.810464"></trkpt>
      <trkpt lat="34.870424" lon="-83.810493"></trkpt>
      <trkpt lat="34.870411" lon="-83.810522"></trkpt>
      <trkpt lat="34.870365" lon="-83.810552"></trkpt>
      <trkpt lat="34.870342" lon="-83.810564"></trkpt>
      <trkpt lat="34.870319" lon="-83.810573"></trkpt>
      <trkpt lat="34.870292" lon="-83.810582"></trkpt>
      <trkpt lat="34.870266" lon="-83.810586"></trkpt>
      <trkpt lat="34.87024" lon="-83.810584"></trkpt>
      <trkpt lat="34.870222" lon="-83.810578"></trkpt>
      <trkpt lat="34.870203" lon="-83.810568"></trkpt>
      <trkpt lat="34.870189" lon="-83.810555"></trkpt>
      <trkpt lat="34.870174" lon="-83.810537"></trkpt>
      <trkpt lat="34.87016" lon="-83.810517"></trkpt>
      <trkpt lat="34.870149" lon="-83.810495"></trkpt>
      <trkpt lat="34.870143" lon="-83.81046"></trkpt>
      <trkpt lat="34.870141" lon="-83.810418"></trkpt>
      <trkpt lat="34.870135" lon="-83.810304"></trkpt>
      <trkpt lat="34.870026" lon="-83.810304"></trkpt>
      <trkpt lat="34.869881" lon="-83.810319"></trkpt>
      <trkpt lat="34.869232" lon="-83.810387"></trkpt>
      <trkpt lat="34.869117" lon="-83.810382"></trkpt>
      <trkpt lat="34.869033" lon="-83.810372"></trkpt>
    </trkseg>
    <trkseg>
      <trkpt lat="34.869033" lon="-83.810372"></trkpt>
      <trkpt lat="34.868961" lon="-83.810363"></trkpt>
      <trkpt lat="34.868315" lon="-83.810275"></trkpt>
      <trkpt lat="34.86827" lon="-83.810269"></trkpt>
      <trkpt lat="34.868246" lon="-83.810229"></trkpt>
      <trkpt lat="34.868226" lon="-83.810167"></trkpt>
      <trkpt lat="34.868219" lon="-83.810106"></trkpt>
      <trkpt lat="34.868226" lon="-83.810056"></trkpt>
      <trkpt lat="34.86825" lon="-83.810043"></trkpt>
      <trkpt lat="34.868275" lon="-83.810032"></trkpt>
      <trkpt lat="34.8683" lon="-83.810024"></trkpt>
      <trkpt lat="34.868328" lon="-83.81002"></trkpt>
      <trkpt lat="34.868378" lon="-83.810026"></trkpt>
      <trkpt lat="34.869104" lon="-83.810119"></trkpt>
      <trkpt lat="34.869279" lon="-83.810123"></trkpt>
      <trkpt lat="34.8701" lon="-83.810067"></trkpt>
      <trkpt lat="34.870097" lon="-83.81003"></trkpt>
      <trkpt lat="34.870095" lon="-83.809982"></trkpt>
      <trkpt lat="34.870098" lon="-83.809934"></trkpt>
      <trkpt lat="34.870103" lon="-83.809892"></trkpt>
      <trkpt lat="34.870112" lon="-83.809857"></trkpt>
      <trkpt lat="34.870122" lon="-83.809822"></trkpt>
      <trkpt lat="34.870124" lon="-83.809765"></trkpt>
      <trkpt lat="34.87013" lon="-83.809701"></trkpt>
      <trkpt lat="34.870137" lon="-83.80966"></trkpt>
      <trkpt lat="34.870146" lon="-83.809621"></trkpt>
      <trkpt lat="34.87017" lon="-83.809542"></trkpt>
      <trkpt lat="34.87027" lon="-83.80926"></trkpt>
      <trkpt lat="34.870291" lon="-83.809211"></trkpt>
      <trkpt lat="34.870316" lon="-83.809158"></trkpt>
      <trkpt lat="34.870366" lon="-83.809055"></trkpt>
      <trkpt lat="34.870387" lon="-83.809005"></trkpt>
      <trkpt lat="34.870402" lon="-83.808947"></trkpt>
      <trkpt lat="34.870409" lon="-83.808896"></trkpt>
      <trkpt lat="34.870409" lon="-83.808843"></trkpt>
      <trkpt lat="34.870404" lon="-83.808791"></trkpt>
      <trkpt lat="34.870393" lon="-83.808739"></trkpt>
      <trkpt lat="34.870375" lon="-83.808688"></trkpt>
      <trkpt lat="34.870355" lon="-83.808639"></trkpt>
      <trkpt lat="34.870321" lon="-83.808559"></trkpt>
      <trkpt lat="34.870266" lon="-83.808439"></trkpt>
      <trkpt lat="34.870161" lon="-83.80822"></trkpt>
      <trkpt lat="34.870044" lon="-83.807963"></trkpt>
      <trkpt lat="34.869871" lon="-83.807543"></trkpt>
      <trkpt lat="34.869765" lon="-83.807298"></trkpt>
      <trkpt lat="34.869745" lon="-83.807244"></trkpt>
      <trkpt lat="34.869726" lon="-83.807185"></trkpt>
      <trkpt lat="34.86971" lon="-83.807119"></trkpt>
      <trkpt lat="34.8697" lon="-83.807044"></trkpt>
      <trkpt lat="34.869701" lon="-83.806986"></trkpt>
      <trkpt lat="34.869708" lon="-83.80692"></trkpt>
      <trkpt lat="34.869728" lon="-83.806864"></trkpt>
      <trkpt lat="34.869749" lon="-83.806815"></trkpt>
      <trkpt lat="34.869823" lon="-83.806659"></trkpt>
      <trkpt lat="34.869846" lon="-83.806608"></trkpt>
      <trkpt lat="34.869861" lon="-83.806558"></trkpt>
      <trkpt lat="34.869871" lon="-83.806506"></trkpt>
      <trkpt lat="34.869873" lon="-83.806449"></trkpt>
      <trkpt lat="34.869868" lon="-83.806375"></trkpt>
      <trkpt lat="34.869861" lon="-83.806298"></trkpt>
      <trkpt lat="34.869832" lon="-83.806121"></trkpt>
      <trkpt lat="34.869765" lon="-83.805779"></trkpt>
      <trkpt lat="34.86971" lon="-83.805537"></trkpt>
      <trkpt lat="34.869652" lon="-83.805333"></trkpt>
      <trkpt lat="34.869608" lon="-83.805221"></trkpt>
      <trkpt lat="34.869546" lon="-83.805112"></trkpt>
      <trkpt lat="34.869476" lon="-83.805049"></trkpt>
      <trkpt lat="34.869406" lon="-83.805022"></trkpt>
      <trkpt lat="34.869341" lon="-83.805062"></trkpt>
      <trkpt lat="34.869324" lon="-83.805144"></trkpt>
      <trkpt lat="34.869349" lon="-83.805237"></trkpt>
      <trkpt lat="34.869424" lon="-83.805425"></trkpt>
      <trkpt lat="34.869448" lon="-83.805526"></trkpt>
      <trkpt lat="34.869457" lon="-83.805651"></trkpt>
      <trkpt lat="34.869444" lon="-83.805797"></trkpt>
      <trkpt lat="34.86942" lon="-83.805967"></trkpt>
      <trkpt lat="34.869384" lon="-83.806119"></trkpt>
      <trkpt lat="34.869331" lon="-83.806239"></trkpt>
      <trkpt lat="34.869246" lon="-83.806357"></trkpt>
      <trkpt lat="34.86915" lon="-83.806457"></trkpt>
      <trkpt lat="34.869071" lon="-83.806548"></trkpt>
      <trkpt lat="34.86901" lon="-83.806645"></trkpt>
      <trkpt lat="34.868981" lon="-83.806783"></trkpt>
      <trkpt lat="34.868963" lon="-83.806918"></trkpt>
      <trkpt lat="34.868934" lon="-83.807028"></trkpt>
      <trkpt lat="34.868888" lon="-83.807116"></trkpt>
      <trkpt lat="34.868818" lon="-83.807192"></trkpt>
      <trkpt lat="34.868743" lon="-83.807253"></trkpt>
      <trkpt lat="34.868571" lon="-83.807326"></trkpt>
      <trkpt lat="34.868063" lon="-83.807444"></trkpt>
      <trkpt lat="34.867948" lon="-83.807465"></trkpt>
      <trkpt lat="34.867845" lon="-83.807476"></trkpt>
      <trkpt lat="34.867745" lon="-83.807473"></trkpt>
      <trkpt lat="34.867654" lon="-83.807448"></trkpt>
      <trkpt lat="34.867573" lon="-83.807395"></trkpt>
      <trkpt lat="34.867461" lon="-83.807299"></trkpt>
      <trkpt lat="34.867308" lon="-83.807144"></trkpt>
      <trkpt lat="34.866703" lon="-83.806506"></trkpt>
      <trkpt lat="34.866559" lon="-83.806373"></trkpt>
      <trkpt lat="34.866461" lon="-83.806302"></trkpt>
      <trkpt lat="34.866344" lon="-83.806237"></trkpt>
      <trkpt lat="34.865951" lon="-83.806078"></trkpt>
      <trkpt lat="34.865832" lon="-83.80602"></trkpt>
      <trkpt lat="34.865722" lon="-83.805952"></trkpt>
      <trkpt lat="34.865647" lon="-83.805889"></trkpt>
      <trkpt lat="34.865458" lon="-83.805668"></trkpt>
      <trkpt lat="34.865357" lon="-83.805579"></trkpt>
      <trkpt lat="34.865235" lon="-83.805508"></trkpt>
      <trkpt lat="34.864988" lon="-83.805396"></trkpt>
      <trkpt lat="34.864904" lon="-83.805332"></trkpt>
      <trkpt lat="34.864832" lon="-83.805262"></trkpt>
      <trkpt lat="34.864756" lon="-83.805149"></trkpt>
      <trkpt lat="34.864694" lon="-83.805015"></trkpt>
      <trkpt lat="34.864616" lon="-83.804862"></trkpt>
      <trkpt lat="34.864546" lon="-83.804725"></trkpt>
      <trkpt lat="34.864473" lon="-83.804613"></trkpt>
      <trkpt lat="34.864378" lon="-83.804492"></trkpt>
      <trkpt lat="34.864264" lon="-83.804393"></trkpt>
      <trkpt lat="34.864134" lon="-83.804307"></trkpt>
      <trkpt lat="34.863852" lon="-83.804176"></trkpt>
      <trkpt lat="34.863674" lon="-83.804098"></trkpt>
      <trkpt lat="34.863531" lon="-83.804004"></trkpt>
      <trkpt lat="34.86321" lon="-83.803706"></trkpt>
      <trkpt lat="34.863066" lon="-83.80361"></trkpt>
      <trkpt lat="34.86296" lon="-83.803562"></trkpt>
      <trkpt lat="34.86277" lon="-83.803572"></trkpt>
      <trkpt lat="34.862657" lon="-83.803564"></trkpt>
      <trkpt lat="34.86258" lon="-83.803534"></trkpt>
      <trkpt lat="34.862488" lon="-83.803462"></trkpt>
      <trkpt lat="34.862409" lon="-83.803331"></trkpt>
      <trkpt lat="34.862378" lon="-83.803226"></trkpt>
      <trkpt lat="34.862357" lon="-83.803077"></trkpt>
      <trkpt lat="34.862324" lon="-83.802802"></trkpt>
      <trkpt lat="34.862313" lon="-83.802667"></trkpt>
      <trkpt lat="34.862306" lon="-83.802523"></trkpt>
      <trkpt lat="34.862248" lon="-83.802228"></trkpt>
      <trkpt lat="34.862129" lon="-83.801764"></trkpt>
      <trkpt lat="34.862065" lon="-83.801594"></trkpt>
      <trkpt lat="34.86199" lon="-83.801417"></trkpt>
      <trkpt lat="34.861895" lon="-83.801221"></trkpt>
      <trkpt lat="34.861796" lon="-83.801036"></trkpt>
      <trkpt lat="34.861674" lon="-83.800835"></trkpt>
      <trkpt lat="34.861612" lon="-83.800741"></trkpt>
      <trkpt lat="34.861548" lon="-83.800651"></trkpt>
      <trkpt lat="34.861482" lon="-83.800562"></trkpt>
      <trkpt lat="34.861415" lon="-83.80048"></trkpt>
      <trkpt lat="34.861181" lon="-83.800214"></trkpt>
      <trkpt lat="34.86092" lon="-83.799914"></trkpt>
      <trkpt lat="34.860624" lon="-83.799576"></trkpt>
      <trkpt lat="34.860412" lon="-83.799341"></trkpt>
      <trkpt lat="34.860349" lon="-83.799289"></trkpt>
      <trkpt lat="34.860273" lon="-83.799247"></trkpt>
      <trkpt lat="34.860179" lon="-83.79923"></trkpt>
      <trkpt lat="34.860117" lon="-83.799253"></trkpt>
      <trkpt lat="34.860069" lon="-83.799315"></trkpt>
      <trkpt lat="34.860046" lon="-83.799393"></trkpt>
      <trkpt lat="34.860036" lon="-83.799474"></trkpt>
      <trkpt lat="34.860048" lon="-83.799596"></trkpt>
      <trkpt lat="34.860083" lon="-83.799719"></trkpt>
      <trkpt lat="34.860139" lon="-83.799838"></trkpt>
      <trkpt lat="34.860347" lon="-83.800245"></trkpt>
      <trkpt lat="34.860653" lon="-83.800869"></trkpt>
      <trkpt lat="34.860834" lon="-83.801317"></trkpt>
      <trkpt lat="34.860864" lon="-83.801429"></trkpt>
      <trkpt lat="34.86087" lon="-83.801536"></trkpt>
      <trkpt lat="34.860845" lon="-83.801624"></trkpt>
      <trkpt lat="34.860763" lon="-83.801718"></trkpt>
      <trkpt lat="34.860661" lon="-83.801829"></trkpt>
      <trkpt lat="34.860109" lon="-83.802293"></trkpt>
      <trkpt lat="34.860019" lon="-83.802346"></trkpt>
      <trkpt lat="34.859957" lon="-83.802338"></trkpt>
      <trkpt lat="34.859887" lon="-83.802287"></trkpt>
      <trkpt lat="34.859227" lon="-83.801688"></trkpt>
      <trkpt lat="34.859181" lon="-83.801652"></trkpt>
      <trkpt lat="34.859132" lon="-83.801623"></trkpt>
      <trkpt lat="34.859073" lon="-83.801594"></trkpt>
      <trkpt lat="34.859014" lon="-83.801573"></trkpt>
      <trkpt lat="34.858645" lon="-83.801504"></trkpt>
      <trkpt lat="34.858602" lon="-83.80149"></trkpt>
      <trkpt lat="34.858557" lon="-83.801474"></trkpt>
      <trkpt lat="34.858469" lon="-83.801436"></trkpt>
      <trkpt lat="34.858292" lon="-83.801349"></trkpt>
      <trkpt lat="34.858256" lon="-83.801333"></trkpt>
      <trkpt lat="34.858218" lon="-83.801324"></trkpt>
      <trkpt lat="34.858187" lon="-83.801319"></trkpt>
      <trkpt lat="34.858157" lon="-83.801318"></trkpt>
      <trkpt lat="34.858127" lon="-83.80132"></trkpt>
      <trkpt lat="34.858095" lon="-83.801323"></trkpt>
      <trkpt lat="34.857972" lon="-83.80134"></trkpt>
      <trkpt lat="34.857855" lon="-83.801364"></trkpt>
      <trkpt lat="34.857797" lon="-83.801371"></trkpt>
      <trkpt lat="34.857768" lon="-83.801374"></trkpt>
      <trkpt lat="34.857739" lon="-83.801375"></trkpt>
      <trkpt lat="34.857703" lon="-83.801376"></trkpt>
      <trkpt lat="34.857667" lon="-83.801374"></trkpt>
      <trkpt lat="34.857597" lon="-83.801364"></trkpt>
      <trkpt lat="34.857062" lon="-83.801267"></trkpt>
      <trkpt lat="34.857024" lon="-83.801263"></trkpt>
      <trkpt lat="34.856997" lon="-83.801262"></trkpt>
      <trkpt lat="34.856971" lon="-83.801263"></trkpt>
      <trkpt lat="34.856946" lon="-83.801267"></trkpt>
      <trkpt lat="34.856919" lon="-83.801271"></trkpt>
      <trkpt lat="34.856889" lon="-83.801278"></trkpt>
      <trkpt lat="34.856862" lon="-83.801289"></trkpt>
      <trkpt lat="34.856835" lon="-83.801304"></trkpt>
      <trkpt lat="34.856807" lon="-83.801325"></trkpt>
      <trkpt lat="34.85678" lon="-83.801353"></trkpt>
      <trkpt lat="34.856752" lon="-83.801394"></trkpt>
      <trkpt lat="34.856731" lon="-83.801442"></trkpt>
      <trkpt lat="34.856715" lon="-83.80149"></trkpt>
      <trkpt lat="34.856706" lon="-83.801535"></trkpt>
      <trkpt lat="34.856689" lon="-83.801762"></trkpt>
      <trkpt lat="34.856683" lon="-83.801792"></trkpt>
      <trkpt lat="34.856677" lon="-83.801819"></trkpt>
      <trkpt lat="34.856668" lon="-83.801843"></trkpt>
      <trkpt lat="34.856657" lon="-83.801866"></trkpt>
      <trkpt lat="34.856644" lon="-83.801887"></trkpt>
      <trkpt lat="34.856633" lon="-83.801902"></trkpt>
      <trkpt lat="34.856618" lon="-83.801918"></trkpt>
      <trkpt lat="34.856601" lon="-83.80193"></trkpt>
      <trkpt lat="34.856584" lon="-83.80194"></trkpt>
      <trkpt lat="34.856565" lon="-83.801946"></trkpt>
      <trkpt lat="34.856546" lon="-83.801951"></trkpt>
      <trkpt lat="34.856529" lon="-83.801953"></trkpt>
      <trkpt lat="34.856508" lon="-83.801953"></trkpt>
      <trkpt lat="34.856487" lon="-83.801951"></trkpt>
      <trkpt lat="34.856442" lon="-83.801939"></trkpt>
      <trkpt lat="34.856397" lon="-83.801922"></trkpt>
      <trkpt lat="34.856069" lon="-83.801758"></trkpt>
      <trkpt lat="34.855998" lon="-83.80172"></trkpt>
      <trkpt lat="34.855922" lon="-83.801685"></trkpt>
      <trkpt lat="34.85585" lon="-83.801655"></trkpt>
      <trkpt lat="34.855775" lon="-83.801631"></trkpt>
      <trkpt lat="34.855685" lon="-83.801611"></trkpt>
      <trkpt lat="34.855595" lon="-83.801601"></trkpt>
      <trkpt lat="34.855505" lon="-83.801596"></trkpt>
      <trkpt lat="34.855415" lon="-83.801595"></trkpt>
      <trkpt lat="34.855133" lon="-83.801589"></trkpt>
      <trkpt lat="34.855063" lon="-83.801578"></trkpt>
      <trkpt lat="34.855016" lon="-83.801565"></trkpt>
      <trkpt lat="34.854967" lon="-83.801541"></trkpt>
      <trkpt lat="34.854915" lon="-83.801502"></trkpt>
      <trkpt lat="34.854864" lon="-83.80145"></trkpt>
      <trkpt lat="34.854702" lon="-83.801238"></trkpt>
      <trkpt lat="34.854668" lon="-83.801198"></trkpt>
      <trkpt lat="34.854633" lon="-83.801163"></trkpt>
      <trkpt lat="34.854606" lon="-83.801138"></trkpt>
      <trkpt lat="34.854576" lon="-83.801118"></trkpt>
      <trkpt lat="34.854545" lon="-83.801102"></trkpt>
      <trkpt lat="34.854512" lon="-83.801091"></trkpt>
      <trkpt lat="34.85446" lon="-83.801077"></trkpt>
      <trkpt lat="34.854406" lon="-83.801071"></trkpt>
      <trkpt lat="34.854101" lon="-83.801046"></trkpt>
      <trkpt lat="34.854046" lon="-83.801036"></trkpt>
      <trkpt lat="34.853991" lon="-83.801014"></trkpt>
      <trkpt lat="34.853949" lon="-83.800989"></trkpt>
      <trkpt lat="34.853907" lon="-83.800953"></trkpt>
      <trkpt lat="34.85383" lon="-83.800882"></trkpt>
      <trkpt lat="34.853789" lon="-83.800835"></trkpt>
      <trkpt lat="34.85375" lon="-83.800776"></trkpt>
      <trkpt lat="34.853734" lon="-83.800732"></trkpt>
      <trkpt lat="34.853723" lon="-83.800673"></trkpt>
      <trkpt lat="34.853718" lon="-83.800521"></trkpt>
      <trkpt lat="34.853715" lon="-83.800474"></trkpt>
      <trkpt lat="34.853708" lon="-83.800426"></trkpt>
      <trkpt lat="34.853694" lon="-83.800369"></trkpt>
      <trkpt lat="34.853676" lon="-83.800314"></trkpt>
      <trkpt lat="34.853651" lon="-83.800264"></trkpt>
      <trkpt lat="34.853624" lon="-83.800219"></trkpt>
      <trkpt lat="34.853601" lon="-83.800188"></trkpt>
      <trkpt lat="34.853577" lon="-83.80016"></trkpt>
      <trkpt lat="34.853552" lon="-83.800134"></trkpt>
      <trkpt lat="34.853527" lon="-83.800112"></trkpt>
      <trkpt lat="34.853492" lon="-83.800085"></trkpt>
      <trkpt lat="34.853307" lon="-83.79997"></trkpt>
      <trkpt lat="34.853193" lon="-83.79991"></trkpt>
      <trkpt lat="34.853078" lon="-83.799852"></trkpt>
      <trkpt lat="34.853015" lon="-83.799826"></trkpt>
      <trkpt lat="34.852983" lon="-83.799815"></trkpt>
      <trkpt lat="34.85295" lon="-83.799806"></trkpt>
      <trkpt lat="34.852922" lon="-83.799801"></trkpt>
      <trkpt lat="34.852893" lon="-83.799798"></trkpt>
      <trkpt lat="34.852855" lon="-83.799797"></trkpt>
      <trkpt lat="34.852817" lon="-83.799798"></trkpt>
      <trkpt lat="34.852476" lon="-83.799815"></trkpt>
      <trkpt lat="34.852412" lon="-83.799815"></trkpt>
      <trkpt lat="34.852347" lon="-83.799812"></trkpt>
      <trkpt lat="34.852287" lon="-83.799802"></trkpt>
      <trkpt lat="34.852226" lon="-83.799787"></trkpt>
      <trkpt lat="34.851896" lon="-83.799667"></trkpt>
      <trkpt lat="34.851833" lon="-83.799651"></trkpt>
      <trkpt lat="34.851804" lon="-83.799644"></trkpt>
      <trkpt lat="34.851773" lon="-83.799638"></trkpt>
      <trkpt lat="34.851742" lon="-83.799639"></trkpt>
      <trkpt lat="34.85171" lon="-83.799643"></trkpt>
      <trkpt lat="34.851679" lon="-83.799652"></trkpt>
      <trkpt lat="34.851647" lon="-83.799667"></trkpt>
      <trkpt lat="34.851581" lon="-83.799704"></trkpt>
      <trkpt lat="34.851514" lon="-83.799749"></trkpt>
      <trkpt lat="34.851402" lon="-83.79984"></trkpt>
      <trkpt lat="34.851349" lon="-83.799871"></trkpt>
      <trkpt lat="34.851296" lon="-83.799894"></trkpt>
      <trkpt lat="34.851238" lon="-83.799914"></trkpt>
      <trkpt lat="34.851181" lon="-83.799925"></trkpt>
      <trkpt lat="34.850855" lon="-83.799894"></trkpt>
      <trkpt lat="34.850434" lon="-83.799817"></trkpt>
      <trkpt lat="34.850223" lon="-83.799832"></trkpt>
      <trkpt lat="34.850046" lon="-83.799901"></trkpt>
      <trkpt lat="34.849843" lon="-83.799886"></trkpt>
      <trkpt lat="34.849619" lon="-83.799667"></trkpt>
      <trkpt lat="34.849216" lon="-83.799362"></trkpt>
      <trkpt lat="34.848949" lon="-83.799253"></trkpt>
      <trkpt lat="34.848787" lon="-83.799177"></trkpt>
      <trkpt lat="34.848687" lon="-83.79913"></trkpt>
      <trkpt lat="34.848587" lon="-83.799076"></trkpt>
      <trkpt lat="34.848503" lon="-83.799025"></trkpt>
      <trkpt lat="34.84842" lon="-83.798961"></trkpt>
      <trkpt lat="34.848345" lon="-83.798907"></trkpt>
      <trkpt lat="34.848315" lon="-83.79888"></trkpt>
      <trkpt lat="34.848288" lon="-83.79886"></trkpt>
      <trkpt lat="34.848229" lon="-83.798816"></trkpt>
      <trkpt lat="34.848085" lon="-83.798728"></trkpt>
      <trkpt lat="34.84794" lon="-83.798647"></trkpt>
      <trkpt lat="34.847799" lon="-83.798571"></trkpt>
      <trkpt lat="34.847657" lon="-83.798495"></trkpt>
      <trkpt lat="34.847262" lon="-83.798492"></trkpt>
      <trkpt lat="34.846763" lon="-83.798487"></trkpt>
      <trkpt lat="34.846381" lon="-83.798497"></trkpt>
      <trkpt lat="34.845994" lon="-83.798521"></trkpt>
      <trkpt lat="34.844918" lon="-83.79861"></trkpt>
      <trkpt lat="34.844682" lon="-83.798632"></trkpt>
      <trkpt lat="34.844565" lon="-83.798644"></trkpt>
      <trkpt lat="34.844446" lon="-83.798662"></trkpt>
      <trkpt lat="34.844358" lon="-83.79868"></trkpt>
      <trkpt lat="34.844269" lon="-83.7987"></trkpt>
      <trkpt lat="34.844178" lon="-83.798726"></trkpt>
      <trkpt lat="34.84409" lon="-83.798752"></trkpt>
      <trkpt lat="34.844009" lon="-83.798781"></trkpt>
      <trkpt lat="34.843925" lon="-83.798814"></trkpt>
      <trkpt lat="34.843842" lon="-83.79885"></trkpt>
      <trkpt lat="34.843758" lon="-83.79889"></trkpt>
      <trkpt lat="34.843621" lon="-83.798969"></trkpt>
      <trkpt lat="34.843483" lon="-83.799061"></trkpt>
      <trkpt lat="34.843345" lon="-83.799164"></trkpt>
      <trkpt lat="34.843208" lon="-83.799278"></trkpt>
      <trkpt lat="34.843062" lon="-83.799421"></trkpt>
      <trkpt lat="34.842916" lon="-83.79958"></trkpt>
      <trkpt lat="34.842769" lon="-83.799756"></trkpt>
      <trkpt lat="34.84262" lon="-83.799943"></trkpt>
      <trkpt lat="34.841972" lon="-83.800754"></trkpt>
      <trkpt lat="34.841675" lon="-83.801129"></trkpt>
      <trkpt lat="34.841474" lon="-83.801361"></trkpt>
      <trkpt lat="34.841273" lon="-83.801582"></trkpt>
      <trkpt lat="34.841152" lon="-83.801696"></trkpt>
      <trkpt lat="34.84103" lon="-83.801804"></trkpt>
      <trkpt lat="34.840732" lon="-83.802028"></trkpt>
      <trkpt lat="34.840557" lon="-83.802149"></trkpt>
      <trkpt lat="34.840383" lon="-83.80225"></trkpt>
      <trkpt lat="34.840249" lon="-83.802326"></trkpt>
      <trkpt lat="34.840074" lon="-83.802407"></trkpt>
      <trkpt lat="34.839908" lon="-83.802478"></trkpt>
      <trkpt lat="34.839579" lon="-83.802608"></trkpt>
      <trkpt lat="34.839065" lon="-83.802794"></trkpt>
      <trkpt lat="34.838548" lon="-83.802989"></trkpt>
      <trkpt lat="34.83753" lon="-83.803373"></trkpt>
      <trkpt lat="34.836542" lon="-83.80373"></trkpt>
      <trkpt lat="34.83618" lon="-83.80386"></trkpt>
      <trkpt lat="34.835813" lon="-83.804005"></trkpt>
      <trkpt lat="34.835498" lon="-83.804155"></trkpt>
      <trkpt lat="34.835184" lon="-83.804324"></trkpt>
      <trkpt lat="34.834984" lon="-83.804454"></trkpt>
      <trkpt lat="34.83478" lon="-83.804598"></trkpt>
      <trkpt lat="34.834523" lon="-83.804796"></trkpt>
      <trkpt lat="34.834215" lon="-83.805069"></trkpt>
      <trkpt lat="34.833847" lon="-83.805405"></trkpt>
      <trkpt lat="34.833471" lon="-83.805733"></trkpt>
      <trkpt lat="34.833299" lon="-83.805878"></trkpt>
      <trkpt lat="34.833128" lon="-83.806005"></trkpt>
      <trkpt lat="34.83276" lon="-83.806273"></trkpt>
      <trkpt lat="34.832294" lon="-83.806588"></trkpt>
      <trkpt lat="34.831797" lon="-83.806933"></trkpt>
      <trkpt lat="34.831543" lon="-83.807138"></trkpt>
      <trkpt lat="34.831292" lon="-83.807358"></trkpt>
      <trkpt lat="34.831087" lon="-83.807566"></trkpt>
      <trkpt lat="34.830882" lon="-83.807798"></trkpt>
      <trkpt lat="34.830641" lon="-83.80809"></trkpt>
      <trkpt lat="34.830403" lon="-83.808417"></trkpt>
      <trkpt lat="34.830151" lon="-83.808745"></trkpt>
      <trkpt lat="34.829893" lon="-83.809046"></trkpt>
      <trkpt lat="34.829749" lon="-83.809209"></trkpt>
      <trkpt lat="34.829606" lon="-83.80936"></trkpt>
      <trkpt lat="34.829323" lon="-83.809637"></trkpt>
      <trkpt lat="34.829037" lon="-83.809895"></trkpt>
      <trkpt lat="34.828508" lon="-83.810363"></trkpt>
      <trkpt lat="34.827958" lon="-83.810873"></trkpt>
      <trkpt lat="34.827808" lon="-83.811027"></trkpt>
      <trkpt lat="34.827655" lon="-83.811203"></trkpt>
      <trkpt lat="34.827409" lon="-83.811529"></trkpt>
      <trkpt lat="34.827161" lon="-83.811879"></trkpt>
      <trkpt lat="34.827018" lon="-83.812096"></trkpt>
      <trkpt lat="34.826307" lon="-83.813145"></trkpt>
      <trkpt lat="34.825841" lon="-83.813834"></trkpt>
      <trkpt lat="34.825445" lon="-83.814391"></trkpt>
      <trkpt lat="34.825043" lon="-83.814976"></trkpt>
      <trkpt lat="34.824743" lon="-83.815422"></trkpt>
      <trkpt lat="34.82449" lon="-83.815808"></trkpt>
      <trkpt lat="34.824353" lon="-83.816043"></trkpt>
      <trkpt lat="34.824227" lon="-83.816296"></trkpt>
      <trkpt lat="34.824118" lon="-83.816575"></trkpt>
      <trkpt lat="34.824041" lon="-83.816837"></trkpt>
      <trkpt lat="34.823972" lon="-83.817153"></trkpt>
      <trkpt lat="34.823943" lon="-83.817374"></trkpt>
      <trkpt lat="34.823921" lon="-83.817596"></trkpt>
      <trkpt lat="34.823871" lon="-83.818301"></trkpt>
      <trkpt lat="34.823821" lon="-83.818997"></trkpt>
      <trkpt lat="34.823778" lon="-83.819767"></trkpt>
      <trkpt lat="34.823733" lon="-83.820529"></trkpt>
      <trkpt lat="34.823719" lon="-83.820748"></trkpt>
      <trkpt lat="34.823695" lon="-83.820966"></trkpt>
      <trkpt lat="34.82366" lon="-83.821197"></trkpt>
      <trkpt lat="34.823608" lon="-83.82143"></trkpt>
      <trkpt lat="34.82355" lon="-83.821647"></trkpt>
      <trkpt lat="34.823464" lon="-83.821891"></trkpt>
      <trkpt lat="34.823402" lon="-83.822036"></trkpt>
      <trkpt lat="34.823334" lon="-83.822176"></trkpt>
      <trkpt lat="34.823088" lon="-83.822647"></trkpt>
      <trkpt lat="34.822813" lon="-83.823153"></trkpt>
      <trkpt lat="34.82193" lon="-83.824777"></trkpt>
      <trkpt lat="34.821671" lon="-83.825214"></trkpt>
      <trkpt lat="34.821476" lon="-83.825563"></trkpt>
      <trkpt lat="34.82128" lon="-83.825944"></trkpt>
      <trkpt lat="34.820946" lon="-83.82659"></trkpt>
      <trkpt lat="34.820611" lon="-83.827278"></trkpt>
      <trkpt lat="34.820309" lon="-83.827876"></trkpt>
      <trkpt lat="34.819979" lon="-83.828489"></trkpt>
      <trkpt lat="34.819754" lon="-83.828854"></trkpt>
      <trkpt lat="34.819266" lon="-83.829523"></trkpt>
      <trkpt lat="34.81905" lon="-83.829828"></trkpt>
      <trkpt lat="34.818825" lon="-83.830154"></trkpt>
      <trkpt lat="34.818763" lon="-83.830266"></trkpt>
      <trkpt lat="34.818675" lon="-83.830426"></trkpt>
      <trkpt lat="34.818473" lon="-83.830725"></trkpt>
      <trkpt lat="34.818255" lon="-83.831003"></trkpt>
      <trkpt lat="34.818005" lon="-83.831256"></trkpt>
      <trkpt lat="34.817796" lon="-83.83145"></trkpt>
      <trkpt lat="34.817552" lon="-83.831613"></trkpt>
      <trkpt lat="34.817272" lon="-83.831753"></trkpt>
      <trkpt lat="34.817085" lon="-83.831816"></trkpt>
      <trkpt lat="34.816896" lon="-83.831857"></trkpt>
      <trkpt lat="34.816662" lon="-83.831908"></trkpt>
      <trkpt lat="34.816422" lon="-83.831983"></trkpt>
      <trkpt lat="34.816105" lon="-83.832102"></trkpt>
      <trkpt lat="34.815939" lon="-83.832199"></trkpt>
      <trkpt lat="34.815774" lon="-83.832306"></trkpt>
      <trkpt lat="34.815669" lon="-83.832406"></trkpt>
      <trkpt lat="34.815563" lon="-83.832527"></trkpt>
      <trkpt lat="34.815412" lon="-83.832754"></trkpt>
      <trkpt lat="34.815196" lon="-83.833102"></trkpt>
      <trkpt lat="34.814973" lon="-83.833499"></trkpt>
      <trkpt lat="34.814766" lon="-83.833832"></trkpt>
      <trkpt lat="34.814476" lon="-83.834242"></trkpt>
      <trkpt lat="34.814209" lon="-83.834563"></trkpt>
      <trkpt lat="34.813868" lon="-83.834918"></trkpt>
      <trkpt lat="34.813615" lon="-83.835181"></trkpt>
      <trkpt lat="34.813245" lon="-83.835525"></trkpt>
      <trkpt lat="34.812866" lon="-83.835948"></trkpt>
      <trkpt lat="34.812575" lon="-83.836225"></trkpt>
      <trkpt lat="34.812211" lon="-83.836571"></trkpt>
      <trkpt lat="34.812011" lon="-83.836785"></trkpt>
      <trkpt lat="34.811572" lon="-83.837198"></trkpt>
      <trkpt lat="34.811268" lon="-83.837466"></trkpt>
      <trkpt lat="34.810942" lon="-83.837737"></trkpt>
      <trkpt lat="34.810598" lon="-83.837965"></trkpt>
      <trkpt lat="34.810245" lon="-83.838188"></trkpt>
      <trkpt lat="34.809979" lon="-83.838364"></trkpt>
      <trkpt lat="34.809843" lon="-83.838495"></trkpt>
      <trkpt lat="34.809748" lon="-83.838643"></trkpt>
      <trkpt lat="34.80967" lon="-83.838815"></trkpt>
      <trkpt lat="34.809639" lon="-83.838926"></trkpt>
      <trkpt lat="34.809632" lon="-83.838984"></trkpt>
      <trkpt lat="34.809616" lon="-83.839122"></trkpt>
      <trkpt lat="34.809619" lon="-83.839253"></trkpt>
      <trkpt lat="34.809629" lon="-83.839331"></trkpt>
      <trkpt lat="34.809659" lon="-83.839467"></trkpt>
      <trkpt lat="34.809719" lon="-83.839655"></trkpt>
      <trkpt lat="34.810006" lon="-83.840349"></trkpt>
      <trkpt lat="34.810292" lon="-83.841045"></trkpt>
      <trkpt lat="34.810864" lon="-83.842434"></trkpt>
      <trkpt lat="34.810968" lon="-83.842699"></trkpt>
      <trkpt lat="34.811068" lon="-83.842977"></trkpt>
      <trkpt lat="34.811117" lon="-83.843159"></trkpt>
      <trkpt lat="34.811157" lon="-83.843355"></trkpt>
      <trkpt lat="34.811176" lon="-83.84352"></trkpt>
      <trkpt lat="34.811188" lon="-83.843695"></trkpt>
      <trkpt lat="34.811186" lon="-83.843885"></trkpt>
      <trkpt lat="34.811175" lon="-83.844075"></trkpt>
      <trkpt lat="34.811158" lon="-83.844242"></trkpt>
      <trkpt lat="34.811132" lon="-83.844411"></trkpt>
      <trkpt lat="34.810926" lon="-83.845435"></trkpt>
      <trkpt lat="34.810886" lon="-83.845654"></trkpt>
      <trkpt lat="34.81078" lon="-83.846176"></trkpt>
      <trkpt lat="34.810603" lon="-83.846935"></trkpt>
      <trkpt lat="34.810378" lon="-83.847823"></trkpt>
      <trkpt lat="34.810185" lon="-83.848511"></trkpt>
      <trkpt lat="34.810067" lon="-83.848957"></trkpt>
      <trkpt lat="34.809883" lon="-83.84965"></trkpt>
      <trkpt lat="34.8098" lon="-83.849884"></trkpt>
      <trkpt lat="34.809693" lon="-83.850159"></trkpt>
      <trkpt lat="34.809567" lon="-83.850424"></trkpt>
      <trkpt lat="34.809455" lon="-83.850615"></trkpt>
      <trkpt lat="34.809316" lon="-83.850824"></trkpt>
      <trkpt lat="34.809166" lon="-83.850998"></trkpt>
      <trkpt lat="34.808928" lon="-83.851242"></trkpt>
      <trkpt lat="34.808198" lon="-83.851914"></trkpt>
      <trkpt lat="34.807933" lon="-83.852189"></trkpt>
      <trkpt lat="34.807695" lon="-83.852449"></trkpt>
      <trkpt lat="34.807329" lon="-83.852951"></trkpt>
      <trkpt lat="34.807138" lon="-83.853262"></trkpt>
      <trkpt lat="34.806865" lon="-83.853758"></trkpt>
      <trkpt lat="34.806567" lon="-83.854308"></trkpt>
      <trkpt lat="34.806349" lon="-83.854675"></trkpt>
      <trkpt lat="34.806213" lon="-83.854877"></trkpt>
      <trkpt lat="34.806026" lon="-83.855129"></trkpt>
      <trkpt lat="34.805551" lon="-83.855696"></trkpt>
      <trkpt lat="34.804506" lon="-83.856901"></trkpt>
      <trkpt lat="34.804182" lon="-83.857276"></trkpt>
      <trkpt lat="34.80374" lon="-83.857843"></trkpt>
      <trkpt lat="34.803482" lon="-83.858211"></trkpt>
      <trkpt lat="34.803145" lon="-83.858691"></trkpt>
      <trkpt lat="34.802441" lon="-83.859724"></trkpt>
      <trkpt lat="34.800932" lon="-83.861963"></trkpt>
      <trkpt lat="34.80083" lon="-83.862121"></trkpt>
      <trkpt lat="34.80008" lon="-83.863218"></trkpt>
      <trkpt lat="34.799949" lon="-83.863452"></trkpt>
      <trkpt lat="34.799893" lon="-83.863558"></trkpt>
      <trkpt lat="34.799853" lon="-83.863648"></trkpt>
      <trkpt lat="34.799814" lon="-83.863749"></trkpt>
      <trkpt lat="34.79976" lon="-83.863925"></trkpt>
      <trkpt lat="34.799717" lon="-83.864112"></trkpt>
      <trkpt lat="34.799688" lon="-83.864275"></trkpt>
      <trkpt lat="34.799671" lon="-83.864441"></trkpt>
      <trkpt lat="34.799666" lon="-83.864649"></trkpt>
      <trkpt lat="34.79967" lon="-83.864849"></trkpt>
      <trkpt lat="34.799697" lon="-83.865182"></trkpt>
      <trkpt lat="34.799723" lon="-83.865416"></trkpt>
      <trkpt lat="34.799731" lon="-83.865496"></trkpt>
      <trkpt lat="34.799758" lon="-83.865726"></trkpt>
      <trkpt lat="34.799932" lon="-83.867295"></trkpt>
      <trkpt lat="34.799959" lon="-83.867585"></trkpt>
      <trkpt lat="34.799978" lon="-83.867869"></trkpt>
      <trkpt lat="34.799979" lon="-83.86808"></trkpt>
      <trkpt lat="34.799969" lon="-83.868282"></trkpt>
      <trkpt lat="34.799949" lon="-83.868514"></trkpt>
      <trkpt lat="34.799923" lon="-83.86873"></trkpt>
      <trkpt lat="34.799866" lon="-83.869036"></trkpt>
      <trkpt lat="34.799782" lon="-83.869342"></trkpt>
      <trkpt lat="34.799676" lon="-83.869645"></trkpt>
      <trkpt lat="34.799566" lon="-83.869905"></trkpt>
      <trkpt lat="34.799526" lon="-83.86999"></trkpt>
      <trkpt lat="34.799478" lon="-83.87009"></trkpt>
      <trkpt lat="34.799368" lon="-83.870294"></trkpt>
      <trkpt lat="34.799139" lon="-83.870624"></trkpt>
      <trkpt lat="34.798892" lon="-83.870913"></trkpt>
      <trkpt lat="34.798504" lon="-83.871289"></trkpt>
      <trkpt lat="34.798051" lon="-83.871729"></trkpt>
      <trkpt lat="34.797002" lon="-83.872733"></trkpt>
      <trkpt lat="34.796639" lon="-83.873083"></trkpt>
      <trkpt lat="34.796414" lon="-83.873301"></trkpt>
      <trkpt lat="34.795921" lon="-83.873792"></trkpt>
      <trkpt lat="34.795812" lon="-83.873928"></trkpt>
      <trkpt lat="34.795707" lon="-83.874076"></trkpt>
      <trkpt lat="34.795627" lon="-83.874207"></trkpt>
      <trkpt lat="34.795542" lon="-83.874358"></trkpt>
      <trkpt lat="34.795466" lon="-83.874522"></trkpt>
      <trkpt lat="34.795397" lon="-83.874698"></trkpt>
      <trkpt lat="34.795346" lon="-83.87485"></trkpt>
      <trkpt lat="34.795302" lon="-83.87502"></trkpt>
      <trkpt lat="34.79524" lon="-83.875329"></trkpt>
      <trkpt lat="34.795203" lon="-83.875634"></trkpt>
      <trkpt lat="34.795201" lon="-83.875663"></trkpt>
      <trkpt lat="34.795129" lon="-83.876666"></trkpt>
      <trkpt lat="34.795128" lon="-83.876687"></trkpt>
      <trkpt lat="34.795068" lon="-83.877391"></trkpt>
      <trkpt lat="34.795018" lon="-83.878118"></trkpt>
      <trkpt lat="34.794976" lon="-83.878679"></trkpt>
      <trkpt lat="34.794953" lon="-83.879235"></trkpt>
      <trkpt lat="34.79495" lon="-83.879408"></trkpt>
      <trkpt lat="34.794945" lon="-83.88043"></trkpt>
      <trkpt lat="34.795027" lon="-83.882243"></trkpt>
      <trkpt lat="34.795075" lon="-83.883281"></trkpt>
      <trkpt lat="34.79511" lon="-83.884354"></trkpt>
      <trkpt lat="34.79509" lon="-83.885296"></trkpt>
      <trkpt lat="34.795055" lon="-83.885856"></trkpt>
      <trkpt lat="34.794985" lon="-83.886543"></trkpt>
      <trkpt lat="34.794905" lon="-83.887162"></trkpt>
      <trkpt lat="34.794868" lon="-83.887515"></trkpt>
      <trkpt lat="34.794782" lon="-83.888294"></trkpt>
      <trkpt lat="34.794751" lon="-83.888631"></trkpt>
      <trkpt lat="34.794725" lon="-83.888962"></trkpt>
      <trkpt lat="34.794716" lon="-83.88917"></trkpt>
      <trkpt lat="34.794712" lon="-83.889367"></trkpt>
      <trkpt lat="34.794698" lon="-83.890195"></trkpt>
      <trkpt lat="34.794684" lon="-83.890852"></trkpt>
      <trkpt lat="34.794634" lon="-83.893259"></trkpt>
      <trkpt lat="34.794638" lon="-83.893333"></trkpt>
      <trkpt lat="34.794642" lon="-83.893414"></trkpt>
      <trkpt lat="34.794654" lon="-83.893558"></trkpt>
      <trkpt lat="34.794664" lon="-83.893727"></trkpt>
      <trkpt lat="34.793827" lon="-83.893993"></trkpt>
      <trkpt lat="34.793351" lon="-83.894186"></trkpt>
      <trkpt lat="34.792987" lon="-83.894364"></trkpt>
      <trkpt lat="34.79264" lon="-83.894642"></trkpt>
      <trkpt lat="34.792361" lon="-83.894966"></trkpt>
      <trkpt lat="34.792146" lon="-83.895309"></trkpt>
      <trkpt lat="34.792044" lon="-83.89552"></trkpt>
      <trkpt lat="34.792006" lon="-83.895612"></trkpt>
      <trkpt lat="34.791957" lon="-83.895738"></trkpt>
      <trkpt lat="34.791906" lon="-83.895891"></trkpt>
      <trkpt lat="34.791873" lon="-83.896023"></trkpt>
      <trkpt lat="34.79184" lon="-83.896178"></trkpt>
      <trkpt lat="34.791813" lon="-83.896336"></trkpt>
      <trkpt lat="34.791795" lon="-83.896478"></trkpt>
      <trkpt lat="34.791782" lon="-83.89662"></trkpt>
      <trkpt lat="34.791774" lon="-83.896886"></trkpt>
      <trkpt lat="34.791782" lon="-83.899705"></trkpt>
      <trkpt lat="34.791785" lon="-83.900448"></trkpt>
      <trkpt lat="34.791787" lon="-83.90125"></trkpt>
      <trkpt lat="34.791778" lon="-83.901377"></trkpt>
      <trkpt lat="34.791758" lon="-83.901637"></trkpt>
      <trkpt lat="34.791729" lon="-83.901852"></trkpt>
      <trkpt lat="34.79152" lon="-83.90279"></trkpt>
      <trkpt lat="34.791372" lon="-83.903367"></trkpt>
      <trkpt lat="34.791261" lon="-83.903696"></trkpt>
      <trkpt lat="34.791155" lon="-83.903964"></trkpt>
      <trkpt lat="34.790986" lon="-83.904252"></trkpt>
      <trkpt lat="34.790556" lon="-83.904755"></trkpt>
      <trkpt lat="34.790118" lon="-83.905178"></trkpt>
      <trkpt lat="34.789811" lon="-83.905389"></trkpt>
      <trkpt lat="34.789267" lon="-83.905488"></trkpt>
      <trkpt lat="34.78891" lon="-83.905558"></trkpt>
      <trkpt lat="34.788461" lon="-83.905794"></trkpt>
      <trkpt lat="34.788199" lon="-83.905993"></trkpt>
      <trkpt lat="34.78792" lon="-83.906133"></trkpt>
      <trkpt lat="34.787659" lon="-83.906144"></trkpt>
      <trkpt lat="34.78745" lon="-83.906086"></trkpt>
      <trkpt lat="34.78716" lon="-83.906105"></trkpt>
      <trkpt lat="34.786848" lon="-83.906269"></trkpt>
      <trkpt lat="34.786551" lon="-83.906441"></trkpt>
      <trkpt lat="34.78617" lon="-83.906629"></trkpt>
      <trkpt lat="34.785905" lon="-83.906683"></trkpt>
      <trkpt lat="34.785236" lon="-83.906865"></trkpt>
      <trkpt lat="34.784817" lon="-83.906946"></trkpt>
      <trkpt lat="34.784653" lon="-83.907004"></trkpt>
      <trkpt lat="34.784355" lon="-83.906929"></trkpt>
      <trkpt lat="34.784192" lon="-83.906824"></trkpt>
      <trkpt lat="34.783886" lon="-83.906662"></trkpt>
      <trkpt lat="34.783688" lon="-83.906621"></trkpt>
      <trkpt lat="34.783465" lon="-83.906636"></trkpt>
      <trkpt lat="34.783209" lon="-83.906747"></trkpt>
      <trkpt lat="34.782914" lon="-83.90698"></trkpt>
      <trkpt lat="34.78276" lon="-83.907297"></trkpt>
      <trkpt lat="34.782654" lon="-83.907608"></trkpt>
      <trkpt lat="34.782605" lon="-83.908029"></trkpt>
      <trkpt lat="34.782611" lon="-83.908515"></trkpt>
      <trkpt lat="34.782589" lon="-83.90873"></trkpt>
      <trkpt lat="34.782535" lon="-83.908883"></trkpt>
      <trkpt lat="34.782466" lon="-83.909026"></trkpt>
      <trkpt lat="34.782266" lon="-83.909227"></trkpt>
      <trkpt lat="34.78182" lon="-83.909579"></trkpt>
      <trkpt lat="34.781587" lon="-83.909665"></trkpt>
      <trkpt lat="34.781499" lon="-83.909684"></trkpt>
      <trkpt lat="34.78141" lon="-83.909696"></trkpt>
      <trkpt lat="34.781326" lon="-83.909691"></trkpt>
      <trkpt lat="34.781242" lon="-83.909678"></trkpt>
      <trkpt lat="34.780861" lon="-83.909543"></trkpt>
      <trkpt lat="34.780166" lon="-83.909254"></trkpt>
      <trkpt lat="34.779432" lon="-83.908944"></trkpt>
      <trkpt lat="34.779146" lon="-83.908883"></trkpt>
      <trkpt lat="34.778745" lon="-83.908843"></trkpt>
      <trkpt lat="34.778377" lon="-83.908833"></trkpt>
      <trkpt lat="34.778011" lon="-83.908854"></trkpt>
      <trkpt lat="34.777656" lon="-83.908862"></trkpt>
      <trkpt lat="34.77731" lon="-83.908905"></trkpt>
      <trkpt lat="34.777126" lon="-83.90897"></trkpt>
      <trkpt lat="34.776914" lon="-83.909086"></trkpt>
      <trkpt lat="34.77672" lon="-83.909219"></trkpt>
      <trkpt lat="34.776487" lon="-83.909425"></trkpt>
      <trkpt lat="34.776159" lon="-83.909666"></trkpt>
      <trkpt lat="34.775979" lon="-83.909769"></trkpt>
      <trkpt lat="34.775757" lon="-83.909864"></trkpt>
      <trkpt lat="34.77563" lon="-83.909911"></trkpt>
      <trkpt lat="34.775372" lon="-83.909967"></trkpt>
      <trkpt lat="34.775188" lon="-83.910031"></trkpt>
      <trkpt lat="34.775068" lon="-83.910097"></trkpt>
      <trkpt lat="34.774926" lon="-83.910173"></trkpt>
      <trkpt lat="34.774737" lon="-83.910289"></trkpt>
      <trkpt lat="34.774577" lon="-83.910407"></trkpt>
      <trkpt lat="34.774314" lon="-83.910616"></trkpt>
      <trkpt lat="34.774151" lon="-83.910739"></trkpt>
      <trkpt lat="34.773749" lon="-83.91103"></trkpt>
      <trkpt lat="34.773683" lon="-83.911094"></trkpt>
      <trkpt lat="34.773617" lon="-83.911173"></trkpt>
      <trkpt lat="34.773564" lon="-83.911267"></trkpt>
      <trkpt lat="34.77353" lon="-83.911349"></trkpt>
      <trkpt lat="34.773513" lon="-83.911421"></trkpt>
      <trkpt lat="34.773499" lon="-83.911516"></trkpt>
      <trkpt lat="34.773482" lon="-83.911669"></trkpt>
      <trkpt lat="34.773471" lon="-83.911926"></trkpt>
      <trkpt lat="34.773457" lon="-83.912287"></trkpt>
      <trkpt lat="34.773459" lon="-83.912644"></trkpt>
      <trkpt lat="34.773406" lon="-83.912958"></trkpt>
      <trkpt lat="34.773356" lon="-83.913117"></trkpt>
      <trkpt lat="34.773265" lon="-83.913301"></trkpt>
      <trkpt lat="34.773201" lon="-83.913405"></trkpt>
      <trkpt lat="34.773099" lon="-83.913486"></trkpt>
      <trkpt lat="34.772905" lon="-83.913585"></trkpt>
      <trkpt lat="34.77276" lon="-83.913619"></trkpt>
      <trkpt lat="34.772555" lon="-83.913675"></trkpt>
      <trkpt lat="34.772319" lon="-83.913727"></trkpt>
      <trkpt lat="34.772145" lon="-83.913819"></trkpt>
      <trkpt lat="34.772081" lon="-83.913883"></trkpt>
      <trkpt lat="34.772019" lon="-83.913959"></trkpt>
      <trkpt lat="34.77186" lon="-83.914225"></trkpt>
      <trkpt lat="34.77146" lon="-83.914828"></trkpt>
      <trkpt lat="34.771341" lon="-83.914971"></trkpt>
      <trkpt lat="34.77123" lon="-83.915096"></trkpt>
      <trkpt lat="34.77088" lon="-83.915469"></trkpt>
      <trkpt lat="34.770627" lon="-83.91565"></trkpt>
      <trkpt lat="34.770406" lon="-83.915732"></trkpt>
      <trkpt lat="34.770193" lon="-83.915786"></trkpt>
      <trkpt lat="34.769528" lon="-83.9159"></trkpt>
      <trkpt lat="34.769321" lon="-83.915939"></trkpt>
      <trkpt lat="34.769074" lon="-83.916055"></trkpt>
      <trkpt lat="34.768964" lon="-83.916124"></trkpt>
      <trkpt lat="34.768869" lon="-83.916223"></trkpt>
      <trkpt lat="34.768801" lon="-83.916318"></trkpt>
      <trkpt lat="34.768712" lon="-83.916492"></trkpt>
      <trkpt lat="34.768559" lon="-83.916892"></trkpt>
      <trkpt lat="34.768414" lon="-83.91711"></trkpt>
      <trkpt lat="34.768145" lon="-83.917312"></trkpt>
      <trkpt lat="34.767765" lon="-83.917509"></trkpt>
      <trkpt lat="34.767815" lon="-83.917652"></trkpt>
      <trkpt lat="34.767815" lon="-83.917706"></trkpt>
      <trkpt lat="34.767791" lon="-83.917759"></trkpt>
      <trkpt lat="34.767743" lon="-83.917803"></trkpt>
      <trkpt lat="34.767658" lon="-83.917864"></trkpt>
      <trkpt lat="34.767611" lon="-83.917912"></trkpt>
      <trkpt lat="34.767579" lon="-83.91798"></trkpt>
      <trkpt lat="34.767566" lon="-83.918047"></trkpt>
      <trkpt lat="34.767562" lon="-83.918132"></trkpt>
      <trkpt lat="34.767633" lon="-83.918429"></trkpt>
      <trkpt lat="34.76764" lon="-83.918528"></trkpt>
      <trkpt lat="34.767627" lon="-83.91865"></trkpt>
      <trkpt lat="34.767558" lon="-83.918794"></trkpt>
      <trkpt lat="34.767508" lon="-83.918913"></trkpt>
      <trkpt lat="34.767445" lon="-83.919078"></trkpt>
      <trkpt lat="34.767428" lon="-83.919128"></trkpt>
      <trkpt lat="34.767398" lon="-83.919287"></trkpt>
      <trkpt lat="34.767375" lon="-83.919483"></trkpt>
      <trkpt lat="34.767371" lon="-83.919674"></trkpt>
      <trkpt lat="34.767381" lon="-83.919815"></trkpt>
      <trkpt lat="34.767357" lon="-83.919935"></trkpt>
      <trkpt lat="34.767297" lon="-83.920067"></trkpt>
      <trkpt lat="34.767144" lon="-83.920319"></trkpt>
      <trkpt lat="34.766878" lon="-83.920659"></trkpt>
      <trkpt lat="34.766449" lon="-83.921297"></trkpt>
      <trkpt lat="34.766138" lon="-83.922002"></trkpt>
      <trkpt lat="34.765903" lon="-83.922417"></trkpt>
      <trkpt lat="34.765762" lon="-83.922618"></trkpt>
      <trkpt lat="34.765605" lon="-83.922861"></trkpt>
      <trkpt lat="34.765569" lon="-83.923011"></trkpt>
      <trkpt lat="34.765569" lon="-83.923182"></trkpt>
      <trkpt lat="34.765611" lon="-83.923318"></trkpt>
      <trkpt lat="34.765689" lon="-83.923465"></trkpt>
      <trkpt lat="34.765747" lon="-83.923565"></trkpt>
      <trkpt lat="34.765708" lon="-83.923773"></trkpt>
      <trkpt lat="34.765718" lon="-83.923789"></trkpt>
      <trkpt lat="34.765842" lon="-83.923994"></trkpt>
      <trkpt lat="34.76589" lon="-83.924073"></trkpt>
      <trkpt lat="34.765907" lon="-83.924082"></trkpt>
      <trkpt lat="34.766032" lon="-83.924147"></trkpt>
      <trkpt lat="34.76589" lon="-83.92435"></trkpt>
      <trkpt lat="34.765562" lon="-83.924681"></trkpt>
      <trkpt lat="34.765472" lon="-83.924781"></trkpt>
      <trkpt lat="34.765526" lon="-83.924829"></trkpt>
      <trkpt lat="34.765587" lon="-83.924848"></trkpt>
      <trkpt lat="34.765763" lon="-83.924858"></trkpt>
      <trkpt lat="34.765816" lon="-83.924878"></trkpt>
      <trkpt lat="34.765739" lon="-83.924988"></trkpt>
      <trkpt lat="34.765678" lon="-83.925062"></trkpt>
    </trkseg>
  </trk>
  <trk><name>Day 2</name><desc>2026-10-16 — Dahlonega: mine tour, lunch, pan Yahoola Creek</desc>
    <trkseg>
      <trkpt lat="34.765678" lon="-83.925062"></trkpt>
      <trkpt lat="34.765739" lon="-83.924988"></trkpt>
      <trkpt lat="34.765816" lon="-83.924878"></trkpt>
      <trkpt lat="34.765763" lon="-83.924858"></trkpt>
      <trkpt lat="34.765587" lon="-83.924848"></trkpt>
      <trkpt lat="34.765526" lon="-83.924829"></trkpt>
      <trkpt lat="34.765472" lon="-83.924781"></trkpt>
      <trkpt lat="34.765562" lon="-83.924681"></trkpt>
      <trkpt lat="34.76589" lon="-83.92435"></trkpt>
      <trkpt lat="34.766032" lon="-83.924147"></trkpt>
      <trkpt lat="34.765907" lon="-83.924082"></trkpt>
      <trkpt lat="34.76589" lon="-83.924073"></trkpt>
      <trkpt lat="34.765842" lon="-83.923994"></trkpt>
      <trkpt lat="34.765718" lon="-83.923789"></trkpt>
      <trkpt lat="34.765708" lon="-83.923773"></trkpt>
      <trkpt lat="34.765747" lon="-83.923565"></trkpt>
      <trkpt lat="34.765689" lon="-83.923465"></trkpt>
      <trkpt lat="34.765611" lon="-83.923318"></trkpt>
      <trkpt lat="34.765569" lon="-83.923182"></trkpt>
      <trkpt lat="34.765569" lon="-83.923011"></trkpt>
      <trkpt lat="34.765605" lon="-83.922861"></trkpt>
      <trkpt lat="34.765762" lon="-83.922618"></trkpt>
      <trkpt lat="34.765903" lon="-83.922417"></trkpt>
      <trkpt lat="34.766138" lon="-83.922002"></trkpt>
      <trkpt lat="34.766449" lon="-83.921297"></trkpt>
      <trkpt lat="34.766878" lon="-83.920659"></trkpt>
      <trkpt lat="34.767144" lon="-83.920319"></trkpt>
      <trkpt lat="34.767297" lon="-83.920067"></trkpt>
      <trkpt lat="34.767357" lon="-83.919935"></trkpt>
      <trkpt lat="34.767381" lon="-83.919815"></trkpt>
      <trkpt lat="34.767371" lon="-83.919674"></trkpt>
      <trkpt lat="34.767375" lon="-83.919483"></trkpt>
      <trkpt lat="34.767398" lon="-83.919287"></trkpt>
      <trkpt lat="34.767398" lon="-83.919194"></trkpt>
      <trkpt lat="34.767384" lon="-83.919118"></trkpt>
      <trkpt lat="34.767345" lon="-83.919025"></trkpt>
      <trkpt lat="34.767322" lon="-83.918964"></trkpt>
      <trkpt lat="34.767315" lon="-83.918862"></trkpt>
      <trkpt lat="34.767325" lon="-83.918807"></trkpt>
      <trkpt lat="34.767354" lon="-83.91876"></trkpt>
      <trkpt lat="34.767484" lon="-83.918706"></trkpt>
      <trkpt lat="34.767552" lon="-83.91867"></trkpt>
      <trkpt lat="34.767591" lon="-83.918624"></trkpt>
      <trkpt lat="34.76764" lon="-83.918528"></trkpt>
      <trkpt lat="34.767633" lon="-83.918429"></trkpt>
      <trkpt lat="34.767562" lon="-83.918132"></trkpt>
      <trkpt lat="34.767566" lon="-83.918047"></trkpt>
      <trkpt lat="34.767579" lon="-83.91798"></trkpt>
      <trkpt lat="34.767611" lon="-83.917912"></trkpt>
      <trkpt lat="34.767658" lon="-83.917864"></trkpt>
      <trkpt lat="34.767743" lon="-83.917803"></trkpt>
      <trkpt lat="34.767791" lon="-83.917759"></trkpt>
      <trkpt lat="34.767815" lon="-83.917706"></trkpt>
      <trkpt lat="34.767815" lon="-83.917652"></trkpt>
      <trkpt lat="34.767765" lon="-83.917509"></trkpt>
      <trkpt lat="34.767313" lon="-83.917861"></trkpt>
      <trkpt lat="34.767068" lon="-83.918159"></trkpt>
      <trkpt lat="34.766923" lon="-83.918424"></trkpt>
      <trkpt lat="34.766824" lon="-83.918702"></trkpt>
      <trkpt lat="34.766746" lon="-83.918994"></trkpt>
      <trkpt lat="34.766686" lon="-83.919306"></trkpt>
      <trkpt lat="34.766628" lon="-83.919588"></trkpt>
      <trkpt lat="34.766543" lon="-83.919852"></trkpt>
      <trkpt lat="34.766349" lon="-83.920158"></trkpt>
      <trkpt lat="34.765988" lon="-83.920601"></trkpt>
      <trkpt lat="34.765712" lon="-83.920848"></trkpt>
      <trkpt lat="34.765435" lon="-83.921023"></trkpt>
      <trkpt lat="34.764576" lon="-83.921582"></trkpt>
      <trkpt lat="34.763761" lon="-83.922065"></trkpt>
      <trkpt lat="34.763377" lon="-83.922312"></trkpt>
      <trkpt lat="34.763182" lon="-83.922391"></trkpt>
      <trkpt lat="34.762945" lon="-83.92243"></trkpt>
      <trkpt lat="34.762522" lon="-83.922482"></trkpt>
      <trkpt lat="34.762148" lon="-83.922538"></trkpt>
      <trkpt lat="34.761953" lon="-83.922662"></trkpt>
      <trkpt lat="34.76191" lon="-83.922699"></trkpt>
      <trkpt lat="34.761775" lon="-83.922857"></trkpt>
      <trkpt lat="34.761666" lon="-83.923047"></trkpt>
      <trkpt lat="34.761587" lon="-83.923247"></trkpt>
      <trkpt lat="34.761467" lon="-83.92347"></trkpt>
      <trkpt lat="34.761401" lon="-83.923574"></trkpt>
      <trkpt lat="34.761291" lon="-83.923684"></trkpt>
      <trkpt lat="34.761194" lon="-83.923738"></trkpt>
      <trkpt lat="34.76099" lon="-83.923841"></trkpt>
      <trkpt lat="34.760353" lon="-83.924056"></trkpt>
      <trkpt lat="34.759911" lon="-83.924175"></trkpt>
      <trkpt lat="34.759679" lon="-83.924204"></trkpt>
      <trkpt lat="34.759423" lon="-83.924214"></trkpt>
      <trkpt lat="34.759214" lon="-83.924185"></trkpt>
      <trkpt lat="34.758945" lon="-83.9241"></trkpt>
      <trkpt lat="34.758716" lon="-83.924033"></trkpt>
      <trkpt lat="34.758538" lon="-83.92401"></trkpt>
      <trkpt lat="34.758172" lon="-83.924018"></trkpt>
      <trkpt lat="34.757636" lon="-83.924085"></trkpt>
      <trkpt lat="34.756627" lon="-83.924219"></trkpt>
      <trkpt lat="34.756296" lon="-83.92427"></trkpt>
      <trkpt lat="34.755955" lon="-83.924356"></trkpt>
      <trkpt lat="34.755831" lon="-83.924402"></trkpt>
      <trkpt lat="34.755569" lon="-83.924584"></trkpt>
      <trkpt lat="34.755284" lon="-83.924955"></trkpt>
      <trkpt lat="34.75509" lon="-83.925143"></trkpt>
      <trkpt lat="34.754931" lon="-83.925234"></trkpt>
      <trkpt lat="34.754768" lon="-83.925267"></trkpt>
      <trkpt lat="34.754614" lon="-83.925267"></trkpt>
      <trkpt lat="34.754473" lon="-83.925224"></trkpt>
      <trkpt lat="34.75434" lon="-83.925149"></trkpt>
      <trkpt lat="34.754104" lon="-83.924879"></trkpt>
      <trkpt lat="34.753884" lon="-83.924569"></trkpt>
      <trkpt lat="34.753623" lon="-83.924197"></trkpt>
      <trkpt lat="34.75346" lon="-83.923951"></trkpt>
      <trkpt lat="34.75331" lon="-83.923739"></trkpt>
      <trkpt lat="34.753068" lon="-83.923409"></trkpt>
      <trkpt lat="34.752912" lon="-83.923201"></trkpt>
      <trkpt lat="34.752727" lon="-83.923062"></trkpt>
      <trkpt lat="34.752524" lon="-83.922965"></trkpt>
      <trkpt lat="34.752309" lon="-83.922965"></trkpt>
      <trkpt lat="34.752142" lon="-83.923016"></trkpt>
      <trkpt lat="34.751236" lon="-83.923387"></trkpt>
      <trkpt lat="34.750928" lon="-83.92347"></trkpt>
      <trkpt lat="34.750725" lon="-83.923504"></trkpt>
      <trkpt lat="34.749808" lon="-83.923544"></trkpt>
      <trkpt lat="34.749679" lon="-83.923515"></trkpt>
      <trkpt lat="34.74962" lon="-83.923486"></trkpt>
      <trkpt lat="34.749559" lon="-83.923448"></trkpt>
      <trkpt lat="34.749498" lon="-83.92338"></trkpt>
      <trkpt lat="34.749443" lon="-83.923271"></trkpt>
      <trkpt lat="34.749416" lon="-83.923152"></trkpt>
      <trkpt lat="34.749411" lon="-83.922991"></trkpt>
      <trkpt lat="34.749446" lon="-83.922814"></trkpt>
      <trkpt lat="34.749475" lon="-83.922649"></trkpt>
      <trkpt lat="34.749491" lon="-83.922416"></trkpt>
      <trkpt lat="34.749477" lon="-83.922188"></trkpt>
      <trkpt lat="34.749142" lon="-83.919892"></trkpt>
      <trkpt lat="34.749092" lon="-83.919716"></trkpt>
      <trkpt lat="34.749043" lon="-83.91957"></trkpt>
      <trkpt lat="34.74894" lon="-83.919387"></trkpt>
      <trkpt lat="34.748816" lon="-83.919234"></trkpt>
      <trkpt lat="34.748737" lon="-83.919158"></trkpt>
      <trkpt lat="34.748634" lon="-83.919076"></trkpt>
      <trkpt lat="34.748528" lon="-83.919026"></trkpt>
      <trkpt lat="34.748362" lon="-83.919016"></trkpt>
      <trkpt lat="34.748225" lon="-83.919072"></trkpt>
      <trkpt lat="34.748099" lon="-83.919184"></trkpt>
      <trkpt lat="34.747897" lon="-83.919389"></trkpt>
      <trkpt lat="34.747709" lon="-83.919582"></trkpt>
      <trkpt lat="34.747619" lon="-83.919657"></trkpt>
      <trkpt lat="34.747486" lon="-83.919734"></trkpt>
      <trkpt lat="34.747165" lon="-83.919831"></trkpt>
      <trkpt lat="34.746948" lon="-83.919845"></trkpt>
      <trkpt lat="34.746815" lon="-83.919819"></trkpt>
      <trkpt lat="34.746695" lon="-83.919772"></trkpt>
      <trkpt lat="34.746515" lon="-83.919656"></trkpt>
      <trkpt lat="34.746197" lon="-83.919442"></trkpt>
      <trkpt lat="34.745991" lon="-83.919317"></trkpt>
      <trkpt lat="34.745849" lon="-83.91927"></trkpt>
      <trkpt lat="34.745687" lon="-83.919277"></trkpt>
      <trkpt lat="34.745525" lon="-83.919345"></trkpt>
      <trkpt lat="34.745318" lon="-83.919566"></trkpt>
      <trkpt lat="34.745216" lon="-83.919751"></trkpt>
      <trkpt lat="34.745133" lon="-83.919915"></trkpt>
      <trkpt lat="34.745034" lon="-83.920103"></trkpt>
      <trkpt lat="34.744918" lon="-83.920263"></trkpt>
      <trkpt lat="34.744758" lon="-83.920389"></trkpt>
      <trkpt lat="34.744541" lon="-83.92051"></trkpt>
      <trkpt lat="34.744353" lon="-83.920637"></trkpt>
      <trkpt lat="34.744181" lon="-83.92075"></trkpt>
      <trkpt lat="34.74396" lon="-83.920803"></trkpt>
      <trkpt lat="34.743604" lon="-83.920812"></trkpt>
      <trkpt lat="34.743299" lon="-83.920849"></trkpt>
      <trkpt lat="34.742931" lon="-83.920921"></trkpt>
      <trkpt lat="34.74268" lon="-83.920959"></trkpt>
      <trkpt lat="34.74247" lon="-83.920975"></trkpt>
      <trkpt lat="34.742256" lon="-83.92097"></trkpt>
      <trkpt lat="34.742052" lon="-83.920946"></trkpt>
      <trkpt lat="34.74184" lon="-83.920901"></trkpt>
      <trkpt lat="34.74145" lon="-83.920757"></trkpt>
      <trkpt lat="34.741044" lon="-83.920523"></trkpt>
      <trkpt lat="34.740342" lon="-83.920129"></trkpt>
      <trkpt lat="34.74008" lon="-83.919942"></trkpt>
      <trkpt lat="34.739881" lon="-83.919765"></trkpt>
      <trkpt lat="34.739738" lon="-83.919611"></trkpt>
      <trkpt lat="34.739564" lon="-83.91942"></trkpt>
      <trkpt lat="34.73939" lon="-83.919259"></trkpt>
      <trkpt lat="34.739251" lon="-83.919176"></trkpt>
      <trkpt lat="34.739048" lon="-83.919095"></trkpt>
      <trkpt lat="34.738813" lon="-83.919084"></trkpt>
      <trkpt lat="34.738594" lon="-83.919098"></trkpt>
      <trkpt lat="34.738207" lon="-83.919139"></trkpt>
      <trkpt lat="34.738008" lon="-83.919153"></trkpt>
      <trkpt lat="34.73779" lon="-83.919131"></trkpt>
      <trkpt lat="34.737631" lon="-83.919097"></trkpt>
      <trkpt lat="34.737477" lon="-83.91904"></trkpt>
      <trkpt lat="34.737118" lon="-83.918851"></trkpt>
      <trkpt lat="34.736736" lon="-83.918633"></trkpt>
      <trkpt lat="34.736565" lon="-83.918557"></trkpt>
      <trkpt lat="34.736338" lon="-83.918447"></trkpt>
      <trkpt lat="34.736119" lon="-83.918363"></trkpt>
      <trkpt lat="34.735707" lon="-83.918242"></trkpt>
      <trkpt lat="34.735562" lon="-83.918204"></trkpt>
      <trkpt lat="34.735529" lon="-83.918195"></trkpt>
      <trkpt lat="34.735486" lon="-83.918192"></trkpt>
      <trkpt lat="34.73544" lon="-83.918191"></trkpt>
      <trkpt lat="34.735303" lon="-83.91819"></trkpt>
      <trkpt lat="34.73519" lon="-83.918205"></trkpt>
      <trkpt lat="34.735117" lon="-83.918226"></trkpt>
      <trkpt lat="34.734954" lon="-83.918297"></trkpt>
      <trkpt lat="34.734804" lon="-83.918414"></trkpt>
      <trkpt lat="34.734721" lon="-83.918514"></trkpt>
      <trkpt lat="34.734624" lon="-83.918678"></trkpt>
      <trkpt lat="34.734537" lon="-83.918891"></trkpt>
      <trkpt lat="34.734499" lon="-83.919025"></trkpt>
      <trkpt lat="34.734471" lon="-83.919202"></trkpt>
      <trkpt lat="34.734468" lon="-83.919421"></trkpt>
      <trkpt lat="34.734494" lon="-83.919708"></trkpt>
      <trkpt lat="34.734571" lon="-83.920051"></trkpt>
      <trkpt lat="34.734844" lon="-83.920902"></trkpt>
      <trkpt lat="34.734872" lon="-83.921015"></trkpt>
      <trkpt lat="34.734881" lon="-83.921123"></trkpt>
      <trkpt lat="34.734868" lon="-83.921219"></trkpt>
      <trkpt lat="34.734831" lon="-83.921324"></trkpt>
      <trkpt lat="34.734778" lon="-83.921404"></trkpt>
      <trkpt lat="34.734676" lon="-83.921505"></trkpt>
      <trkpt lat="34.734598" lon="-83.921539"></trkpt>
      <trkpt lat="34.734457" lon="-83.921574"></trkpt>
      <trkpt lat="34.734307" lon="-83.921577"></trkpt>
      <trkpt lat="34.733564" lon="-83.921501"></trkpt>
      <trkpt lat="34.733415" lon="-83.921462"></trkpt>
      <trkpt lat="34.733259" lon="-83.921404"></trkpt>
      <trkpt lat="34.733105" lon="-83.92133"></trkpt>
      <trkpt lat="34.732903" lon="-83.921217"></trkpt>
      <trkpt lat="34.732677" lon="-83.921093"></trkpt>
      <trkpt lat="34.73252" lon="-83.921026"></trkpt>
      <trkpt lat="34.73241" lon="-83.921007"></trkpt>
      <trkpt lat="34.732201" lon="-83.921021"></trkpt>
      <trkpt lat="34.732001" lon="-83.921071"></trkpt>
      <trkpt lat="34.731736" lon="-83.921173"></trkpt>
      <trkpt lat="34.731564" lon="-83.921292"></trkpt>
      <trkpt lat="34.731489" lon="-83.921414"></trkpt>
      <trkpt lat="34.731458" lon="-83.921542"></trkpt>
      <trkpt lat="34.731434" lon="-83.921742"></trkpt>
      <trkpt lat="34.731443" lon="-83.921906"></trkpt>
      <trkpt lat="34.731487" lon="-83.922529"></trkpt>
      <trkpt lat="34.731492" lon="-83.922713"></trkpt>
      <trkpt lat="34.731462" lon="-83.922857"></trkpt>
      <trkpt lat="34.731408" lon="-83.922977"></trkpt>
      <trkpt lat="34.731318" lon="-83.923053"></trkpt>
      <trkpt lat="34.731234" lon="-83.923072"></trkpt>
      <trkpt lat="34.731122" lon="-83.923053"></trkpt>
      <trkpt lat="34.731031" lon="-83.922997"></trkpt>
      <trkpt lat="34.730953" lon="-83.922855"></trkpt>
      <trkpt lat="34.73095" lon="-83.92281"></trkpt>
      <trkpt lat="34.730943" lon="-83.922713"></trkpt>
      <trkpt lat="34.730972" lon="-83.922537"></trkpt>
      <trkpt lat="34.731034" lon="-83.92231"></trkpt>
      <trkpt lat="34.731071" lon="-83.922124"></trkpt>
      <trkpt lat="34.73107" lon="-83.92197"></trkpt>
      <trkpt lat="34.731029" lon="-83.921778"></trkpt>
      <trkpt lat="34.730972" lon="-83.921609"></trkpt>
      <trkpt lat="34.730856" lon="-83.921293"></trkpt>
      <trkpt lat="34.730836" lon="-83.921175"></trkpt>
      <trkpt lat="34.730844" lon="-83.921052"></trkpt>
      <trkpt lat="34.730899" lon="-83.920898"></trkpt>
      <trkpt lat="34.731016" lon="-83.920745"></trkpt>
      <trkpt lat="34.731123" lon="-83.92068"></trkpt>
      <trkpt lat="34.731237" lon="-83.920636"></trkpt>
      <trkpt lat="34.732134" lon="-83.920374"></trkpt>
      <trkpt lat="34.732512" lon="-83.92022"></trkpt>
      <trkpt lat="34.732692" lon="-83.920107"></trkpt>
      <trkpt lat="34.732758" lon="-83.920015"></trkpt>
      <trkpt lat="34.732784" lon="-83.919882"></trkpt>
      <trkpt lat="34.732764" lon="-83.919733"></trkpt>
      <trkpt lat="34.732728" lon="-83.919652"></trkpt>
      <trkpt lat="34.732657" lon="-83.919462"></trkpt>
      <trkpt lat="34.732604" lon="-83.919307"></trkpt>
      <trkpt lat="34.732569" lon="-83.919183"></trkpt>
      <trkpt lat="34.732565" lon="-83.91906"></trkpt>
      <trkpt lat="34.732582" lon="-83.918963"></trkpt>
      <trkpt lat="34.732775" lon="-83.91863"></trkpt>
      <trkpt lat="34.733085" lon="-83.918053"></trkpt>
      <trkpt lat="34.733217" lon="-83.917804"></trkpt>
      <trkpt lat="34.733251" lon="-83.917617"></trkpt>
      <trkpt lat="34.73324" lon="-83.917484"></trkpt>
      <trkpt lat="34.733166" lon="-83.917241"></trkpt>
      <trkpt lat="34.733095" lon="-83.917131"></trkpt>
      <trkpt lat="34.732965" lon="-83.917003"></trkpt>
      <trkpt lat="34.732531" lon="-83.916548"></trkpt>
      <trkpt lat="34.732423" lon="-83.916424"></trkpt>
      <trkpt lat="34.732257" lon="-83.916216"></trkpt>
      <trkpt lat="34.73215" lon="-83.915984"></trkpt>
      <trkpt lat="34.732022" lon="-83.91562"></trkpt>
      <trkpt lat="34.731933" lon="-83.915439"></trkpt>
      <trkpt lat="34.731845" lon="-83.915346"></trkpt>
      <trkpt lat="34.731772" lon="-83.915307"></trkpt>
      <trkpt lat="34.731673" lon="-83.915292"></trkpt>
      <trkpt lat="34.731542" lon="-83.915299"></trkpt>
      <trkpt lat="34.731377" lon="-83.91533"></trkpt>
      <trkpt lat="34.731193" lon="-83.915365"></trkpt>
      <trkpt lat="34.731045" lon="-83.915329"></trkpt>
      <trkpt lat="34.730931" lon="-83.915258"></trkpt>
      <trkpt lat="34.730814" lon="-83.915117"></trkpt>
      <trkpt lat="34.730521" lon="-83.914755"></trkpt>
      <trkpt lat="34.730355" lon="-83.914536"></trkpt>
      <trkpt lat="34.730236" lon="-83.914414"></trkpt>
      <trkpt lat="34.730134" lon="-83.914367"></trkpt>
      <trkpt lat="34.730021" lon="-83.91436"></trkpt>
      <trkpt lat="34.72984" lon="-83.91441"></trkpt>
      <trkpt lat="34.729387" lon="-83.914611"></trkpt>
      <trkpt lat="34.72923" lon="-83.914651"></trkpt>
      <trkpt lat="34.72911" lon="-83.91467"></trkpt>
      <trkpt lat="34.728812" lon="-83.914675"></trkpt>
      <trkpt lat="34.728593" lon="-83.914662"></trkpt>
      <trkpt lat="34.728436" lon="-83.91462"></trkpt>
      <trkpt lat="34.728333" lon="-83.91457"></trkpt>
      <trkpt lat="34.728169" lon="-83.914448"></trkpt>
      <trkpt lat="34.72802" lon="-83.914308"></trkpt>
      <trkpt lat="34.727762" lon="-83.914064"></trkpt>
      <trkpt lat="34.72752" lon="-83.913848"></trkpt>
      <trkpt lat="34.727072" lon="-83.913406"></trkpt>
      <trkpt lat="34.726987" lon="-83.913362"></trkpt>
      <trkpt lat="34.726848" lon="-83.913341"></trkpt>
      <trkpt lat="34.726687" lon="-83.913347"></trkpt>
      <trkpt lat="34.726601" lon="-83.913321"></trkpt>
      <trkpt lat="34.726482" lon="-83.913242"></trkpt>
      <trkpt lat="34.726403" lon="-83.913158"></trkpt>
      <trkpt lat="34.726348" lon="-83.913074"></trkpt>
      <trkpt lat="34.726277" lon="-83.912999"></trkpt>
      <trkpt lat="34.726217" lon="-83.912971"></trkpt>
      <trkpt lat="34.72614" lon="-83.912937"></trkpt>
      <trkpt lat="34.726014" lon="-83.912935"></trkpt>
      <trkpt lat="34.725853" lon="-83.912957"></trkpt>
      <trkpt lat="34.725027" lon="-83.913163"></trkpt>
      <trkpt lat="34.724838" lon="-83.913206"></trkpt>
      <trkpt lat="34.72464" lon="-83.913192"></trkpt>
      <trkpt lat="34.724332" lon="-83.913153"></trkpt>
      <trkpt lat="34.724084" lon="-83.913177"></trkpt>
      <trkpt lat="34.723904" lon="-83.913229"></trkpt>
      <trkpt lat="34.723681" lon="-83.913305"></trkpt>
      <trkpt lat="34.723564" lon="-83.913342"></trkpt>
      <trkpt lat="34.723445" lon="-83.91337"></trkpt>
      <trkpt lat="34.723279" lon="-83.9134"></trkpt>
      <trkpt lat="34.723037" lon="-83.913393"></trkpt>
      <trkpt lat="34.722717" lon="-83.913324"></trkpt>
      <trkpt lat="34.722192" lon="-83.913192"></trkpt>
      <trkpt lat="34.722054" lon="-83.913138"></trkpt>
      <trkpt lat="34.721957" lon="-83.913074"></trkpt>
      <trkpt lat="34.721866" lon="-83.912983"></trkpt>
      <trkpt lat="34.721819" lon="-83.912914"></trkpt>
      <trkpt lat="34.72173" lon="-83.912763"></trkpt>
      <trkpt lat="34.72166" lon="-83.912657"></trkpt>
      <trkpt lat="34.721541" lon="-83.912542"></trkpt>
      <trkpt lat="34.721428" lon="-83.912483"></trkpt>
      <trkpt lat="34.721322" lon="-83.912444"></trkpt>
      <trkpt lat="34.721163" lon="-83.912384"></trkpt>
      <trkpt lat="34.720988" lon="-83.912315"></trkpt>
      <trkpt lat="34.72075" lon="-83.912236"></trkpt>
      <trkpt lat="34.720587" lon="-83.912195"></trkpt>
      <trkpt lat="34.72036" lon="-83.912139"></trkpt>
      <trkpt lat="34.720227" lon="-83.912079"></trkpt>
      <trkpt lat="34.720032" lon="-83.911911"></trkpt>
      <trkpt lat="34.719865" lon="-83.911758"></trkpt>
      <trkpt lat="34.719732" lon="-83.911599"></trkpt>
      <trkpt lat="34.719542" lon="-83.911306"></trkpt>
      <trkpt lat="34.719439" lon="-83.911134"></trkpt>
      <trkpt lat="34.719321" lon="-83.910977"></trkpt>
      <trkpt lat="34.719152" lon="-83.910762"></trkpt>
      <trkpt lat="34.719117" lon="-83.910697"></trkpt>
      <trkpt lat="34.719088" lon="-83.910596"></trkpt>
      <trkpt lat="34.719085" lon="-83.910507"></trkpt>
      <trkpt lat="34.719103" lon="-83.91043"></trkpt>
      <trkpt lat="34.71915" lon="-83.910335"></trkpt>
      <trkpt lat="34.719206" lon="-83.910241"></trkpt>
      <trkpt lat="34.719335" lon="-83.91006"></trkpt>
      <trkpt lat="34.71937" lon="-83.909996"></trkpt>
      <trkpt lat="34.719391" lon="-83.909947"></trkpt>
      <trkpt lat="34.719417" lon="-83.909783"></trkpt>
      <trkpt lat="34.719386" lon="-83.909618"></trkpt>
      <trkpt lat="34.719369" lon="-83.909522"></trkpt>
      <trkpt lat="34.719348" lon="-83.909417"></trkpt>
      <trkpt lat="34.719347" lon="-83.909317"></trkpt>
      <trkpt lat="34.719362" lon="-83.909204"></trkpt>
      <trkpt lat="34.719381" lon="-83.909135"></trkpt>
      <trkpt lat="34.719417" lon="-83.909058"></trkpt>
      <trkpt lat="34.71945" lon="-83.908962"></trkpt>
      <trkpt lat="34.719474" lon="-83.908833"></trkpt>
      <trkpt lat="34.71947" lon="-83.908732"></trkpt>
      <trkpt lat="34.71945" lon="-83.908668"></trkpt>
      <trkpt lat="34.719396" lon="-83.908524"></trkpt>
      <trkpt lat="34.719353" lon="-83.908437"></trkpt>
      <trkpt lat="34.719235" lon="-83.908278"></trkpt>
      <trkpt lat="34.719191" lon="-83.908182"></trkpt>
      <trkpt lat="34.719153" lon="-83.908038"></trkpt>
      <trkpt lat="34.719146" lon="-83.907912"></trkpt>
      <trkpt lat="34.719139" lon="-83.907776"></trkpt>
      <trkpt lat="34.719121" lon="-83.907576"></trkpt>
      <trkpt lat="34.719071" lon="-83.907364"></trkpt>
      <trkpt lat="34.719018" lon="-83.907141"></trkpt>
      <trkpt lat="34.719015" lon="-83.90706"></trkpt>
      <trkpt lat="34.719022" lon="-83.906977"></trkpt>
      <trkpt lat="34.719052" lon="-83.906841"></trkpt>
      <trkpt lat="34.719069" lon="-83.906678"></trkpt>
      <trkpt lat="34.719065" lon="-83.906548"></trkpt>
      <trkpt lat="34.71904" lon="-83.906477"></trkpt>
      <trkpt lat="34.718985" lon="-83.906401"></trkpt>
      <trkpt lat="34.718964" lon="-83.906381"></trkpt>
      <trkpt lat="34.718939" lon="-83.906364"></trkpt>
      <trkpt lat="34.718902" lon="-83.906355"></trkpt>
      <trkpt lat="34.718853" lon="-83.906345"></trkpt>
      <trkpt lat="34.718781" lon="-83.906358"></trkpt>
      <trkpt lat="34.718672" lon="-83.906402"></trkpt>
      <trkpt lat="34.71857" lon="-83.906463"></trkpt>
      <trkpt lat="34.71846" lon="-83.906607"></trkpt>
      <trkpt lat="34.718365" lon="-83.906752"></trkpt>
      <trkpt lat="34.718278" lon="-83.906936"></trkpt>
      <trkpt lat="34.718215" lon="-83.907143"></trkpt>
      <trkpt lat="34.718116" lon="-83.907423"></trkpt>
      <trkpt lat="34.718032" lon="-83.90756"></trkpt>
      <trkpt lat="34.717963" lon="-83.907641"></trkpt>
      <trkpt lat="34.717887" lon="-83.907683"></trkpt>
      <trkpt lat="34.717803" lon="-83.907717"></trkpt>
      <trkpt lat="34.71761" lon="-83.907765"></trkpt>
      <trkpt lat="34.717443" lon="-83.907843"></trkpt>
      <trkpt lat="34.717335" lon="-83.907918"></trkpt>
      <trkpt lat="34.717238" lon="-83.908086"></trkpt>
      <trkpt lat="34.717175" lon="-83.908272"></trkpt>
      <trkpt lat="34.717077" lon="-83.908409"></trkpt>
      <trkpt lat="34.716903" lon="-83.908538"></trkpt>
      <trkpt lat="34.716661" lon="-83.908649"></trkpt>
      <trkpt lat="34.716353" lon="-83.908825"></trkpt>
      <trkpt lat="34.716187" lon="-83.908943"></trkpt>
      <trkpt lat="34.716115" lon="-83.909066"></trkpt>
      <trkpt lat="34.716044" lon="-83.909265"></trkpt>
      <trkpt lat="34.715996" lon="-83.909411"></trkpt>
      <trkpt lat="34.715924" lon="-83.909598"></trkpt>
      <trkpt lat="34.71578" lon="-83.90985"></trkpt>
      <trkpt lat="34.715333" lon="-83.910454"></trkpt>
      <trkpt lat="34.715113" lon="-83.910738"></trkpt>
      <trkpt lat="34.71494" lon="-83.910929"></trkpt>
      <trkpt lat="34.714808" lon="-83.911046"></trkpt>
      <trkpt lat="34.714699" lon="-83.911102"></trkpt>
      <trkpt lat="34.714565" lon="-83.911137"></trkpt>
      <trkpt lat="34.714402" lon="-83.911136"></trkpt>
      <trkpt lat="34.714042" lon="-83.91111"></trkpt>
      <trkpt lat="34.713712" lon="-83.911105"></trkpt>
      <trkpt lat="34.71319" lon="-83.911165"></trkpt>
      <trkpt lat="34.71294" lon="-83.911183"></trkpt>
      <trkpt lat="34.71287" lon="-83.911201"></trkpt>
      <trkpt lat="34.712751" lon="-83.911246"></trkpt>
      <trkpt lat="34.712642" lon="-83.911336"></trkpt>
      <trkpt lat="34.712547" lon="-83.911435"></trkpt>
      <trkpt lat="34.71241" lon="-83.911612"></trkpt>
      <trkpt lat="34.712283" lon="-83.911759"></trkpt>
      <trkpt lat="34.712176" lon="-83.911853"></trkpt>
      <trkpt lat="34.712066" lon="-83.911912"></trkpt>
      <trkpt lat="34.711945" lon="-83.911948"></trkpt>
      <trkpt lat="34.711799" lon="-83.911967"></trkpt>
      <trkpt lat="34.711472" lon="-83.911953"></trkpt>
      <trkpt lat="34.711378" lon="-83.911926"></trkpt>
      <trkpt lat="34.711258" lon="-83.911849"></trkpt>
      <trkpt lat="34.711102" lon="-83.911701"></trkpt>
      <trkpt lat="34.71098" lon="-83.911562"></trkpt>
      <trkpt lat="34.710886" lon="-83.911494"></trkpt>
      <trkpt lat="34.71075" lon="-83.911469"></trkpt>
      <trkpt lat="34.710607" lon="-83.911515"></trkpt>
      <trkpt lat="34.710533" lon="-83.911589"></trkpt>
      <trkpt lat="34.710435" lon="-83.911705"></trkpt>
      <trkpt lat="34.710309" lon="-83.912099"></trkpt>
      <trkpt lat="34.71022" lon="-83.912246"></trkpt>
      <trkpt lat="34.710113" lon="-83.912342"></trkpt>
      <trkpt lat="34.71" lon="-83.912392"></trkpt>
      <trkpt lat="34.709773" lon="-83.912441"></trkpt>
      <trkpt lat="34.709538" lon="-83.912481"></trkpt>
      <trkpt lat="34.709386" lon="-83.912497"></trkpt>
      <trkpt lat="34.709225" lon="-83.912472"></trkpt>
      <trkpt lat="34.709097" lon="-83.912415"></trkpt>
      <trkpt lat="34.708993" lon="-83.912317"></trkpt>
      <trkpt lat="34.708844" lon="-83.912118"></trkpt>
      <trkpt lat="34.708678" lon="-83.911909"></trkpt>
      <trkpt lat="34.708541" lon="-83.911853"></trkpt>
      <trkpt lat="34.708488" lon="-83.911859"></trkpt>
      <trkpt lat="34.708407" lon="-83.911868"></trkpt>
      <trkpt lat="34.708298" lon="-83.911903"></trkpt>
      <trkpt lat="34.708198" lon="-83.911988"></trkpt>
      <trkpt lat="34.708132" lon="-83.912141"></trkpt>
      <trkpt lat="34.70775" lon="-83.913384"></trkpt>
      <trkpt lat="34.707644" lon="-83.913652"></trkpt>
      <trkpt lat="34.707564" lon="-83.913781"></trkpt>
      <trkpt lat="34.707408" lon="-83.913927"></trkpt>
      <trkpt lat="34.70714" lon="-83.914143"></trkpt>
      <trkpt lat="34.706667" lon="-83.914492"></trkpt>
      <trkpt lat="34.706368" lon="-83.914609"></trkpt>
      <trkpt lat="34.705543" lon="-83.914892"></trkpt>
      <trkpt lat="34.704362" lon="-83.915293"></trkpt>
      <trkpt lat="34.703816" lon="-83.91548"></trkpt>
      <trkpt lat="34.703353" lon="-83.915573"></trkpt>
      <trkpt lat="34.703043" lon="-83.915617"></trkpt>
      <trkpt lat="34.701634" lon="-83.915769"></trkpt>
      <trkpt lat="34.701402" lon="-83.915787"></trkpt>
      <trkpt lat="34.7012" lon="-83.915783"></trkpt>
      <trkpt lat="34.701059" lon="-83.915758"></trkpt>
      <trkpt lat="34.700876" lon="-83.915703"></trkpt>
      <trkpt lat="34.700685" lon="-83.915611"></trkpt>
      <trkpt lat="34.700469" lon="-83.915478"></trkpt>
      <trkpt lat="34.699464" lon="-83.914769"></trkpt>
      <trkpt lat="34.698974" lon="-83.914449"></trkpt>
      <trkpt lat="34.698666" lon="-83.914254"></trkpt>
      <trkpt lat="34.698403" lon="-83.914132"></trkpt>
      <trkpt lat="34.698188" lon="-83.914047"></trkpt>
      <trkpt lat="34.69756" lon="-83.913865"></trkpt>
      <trkpt lat="34.697189" lon="-83.913747"></trkpt>
      <trkpt lat="34.697039" lon="-83.913687"></trkpt>
      <trkpt lat="34.696808" lon="-83.91352"></trkpt>
      <trkpt lat="34.696454" lon="-83.913182"></trkpt>
      <trkpt lat="34.696337" lon="-83.913064"></trkpt>
      <trkpt lat="34.696253" lon="-83.913007"></trkpt>
      <trkpt lat="34.696151" lon="-83.912953"></trkpt>
      <trkpt lat="34.69605" lon="-83.91293"></trkpt>
      <trkpt lat="34.695929" lon="-83.912921"></trkpt>
      <trkpt lat="34.695281" lon="-83.912934"></trkpt>
      <trkpt lat="34.69504" lon="-83.912912"></trkpt>
      <trkpt lat="34.694874" lon="-83.912866"></trkpt>
      <trkpt lat="34.694532" lon="-83.912716"></trkpt>
      <trkpt lat="34.694025" lon="-83.912511"></trkpt>
      <trkpt lat="34.693842" lon="-83.912478"></trkpt>
      <trkpt lat="34.693594" lon="-83.91251"></trkpt>
      <trkpt lat="34.693225" lon="-83.912647"></trkpt>
      <trkpt lat="34.693015" lon="-83.912696"></trkpt>
      <trkpt lat="34.692871" lon="-83.912681"></trkpt>
      <trkpt lat="34.69264" lon="-83.912629"></trkpt>
      <trkpt lat="34.692525" lon="-83.91256"></trkpt>
      <trkpt lat="34.69247" lon="-83.91252"></trkpt>
      <trkpt lat="34.69239" lon="-83.912438"></trkpt>
      <trkpt lat="34.692247" lon="-83.91228"></trkpt>
      <trkpt lat="34.691825" lon="-83.911766"></trkpt>
      <trkpt lat="34.691478" lon="-83.911379"></trkpt>
      <trkpt lat="34.691143" lon="-83.910963"></trkpt>
      <trkpt lat="34.690995" lon="-83.910756"></trkpt>
      <trkpt lat="34.690859" lon="-83.910497"></trkpt>
      <trkpt lat="34.690706" lon="-83.91004"></trkpt>
      <trkpt lat="34.690598" lon="-83.909711"></trkpt>
      <trkpt lat="34.69048" lon="-83.90947"></trkpt>
      <trkpt lat="34.690321" lon="-83.909285"></trkpt>
      <trkpt lat="34.690111" lon="-83.909122"></trkpt>
      <trkpt lat="34.689599" lon="-83.908774"></trkpt>
      <trkpt lat="34.689261" lon="-83.908559"></trkpt>
      <trkpt lat="34.68852" lon="-83.908114"></trkpt>
      <trkpt lat="34.687745" lon="-83.907639"></trkpt>
      <trkpt lat="34.687254" lon="-83.907279"></trkpt>
      <trkpt lat="34.686843" lon="-83.906898"></trkpt>
      <trkpt lat="34.686576" lon="-83.906586"></trkpt>
      <trkpt lat="34.686134" lon="-83.90603"></trkpt>
      <trkpt lat="34.686056" lon="-83.905871"></trkpt>
      <trkpt lat="34.686018" lon="-83.905722"></trkpt>
      <trkpt lat="34.685993" lon="-83.905557"></trkpt>
      <trkpt lat="34.686004" lon="-83.905371"></trkpt>
      <trkpt lat="34.686187" lon="-83.904434"></trkpt>
      <trkpt lat="34.686204" lon="-83.904252"></trkpt>
      <trkpt lat="34.686196" lon="-83.904083"></trkpt>
      <trkpt lat="34.686149" lon="-83.90395"></trkpt>
      <trkpt lat="34.686046" lon="-83.903853"></trkpt>
      <trkpt lat="34.685922" lon="-83.903771"></trkpt>
      <trkpt lat="34.685297" lon="-83.903523"></trkpt>
      <trkpt lat="34.685176" lon="-83.903438"></trkpt>
      <trkpt lat="34.685094" lon="-83.903323"></trkpt>
      <trkpt lat="34.685058" lon="-83.903207"></trkpt>
      <trkpt lat="34.685052" lon="-83.903094"></trkpt>
      <trkpt lat="34.685092" lon="-83.902938"></trkpt>
      <trkpt lat="34.685162" lon="-83.902804"></trkpt>
      <trkpt lat="34.685488" lon="-83.902507"></trkpt>
      <trkpt lat="34.685653" lon="-83.902344"></trkpt>
      <trkpt lat="34.685764" lon="-83.902166"></trkpt>
      <trkpt lat="34.685838" lon="-83.901967"></trkpt>
      <trkpt lat="34.685926" lon="-83.901619"></trkpt>
      <trkpt lat="34.686" lon="-83.901222"></trkpt>
      <trkpt lat="34.686051" lon="-83.900777"></trkpt>
      <trkpt lat="34.686072" lon="-83.900408"></trkpt>
      <trkpt lat="34.68607" lon="-83.899417"></trkpt>
      <trkpt lat="34.68615" lon="-83.898625"></trkpt>
      <trkpt lat="34.68619" lon="-83.897951"></trkpt>
      <trkpt lat="34.68619" lon="-83.897802"></trkpt>
      <trkpt lat="34.686183" lon="-83.89769"></trkpt>
      <trkpt lat="34.686171" lon="-83.8976"></trkpt>
      <trkpt lat="34.68614" lon="-83.897507"></trkpt>
      <trkpt lat="34.686008" lon="-83.89729"></trkpt>
      <trkpt lat="34.685882" lon="-83.897188"></trkpt>
      <trkpt lat="34.685808" lon="-83.897125"></trkpt>
      <trkpt lat="34.685716" lon="-83.897069"></trkpt>
      <trkpt lat="34.685628" lon="-83.897051"></trkpt>
      <trkpt lat="34.685514" lon="-83.897039"></trkpt>
      <trkpt lat="34.6851" lon="-83.897007"></trkpt>
      <trkpt lat="34.684987" lon="-83.896984"></trkpt>
      <trkpt lat="34.684907" lon="-83.896932"></trkpt>
      <trkpt lat="34.684791" lon="-83.896814"></trkpt>
      <trkpt lat="34.684755" lon="-83.896734"></trkpt>
      <trkpt lat="34.684725" lon="-83.896637"></trkpt>
      <trkpt lat="34.684685" lon="-83.896009"></trkpt>
      <trkpt lat="34.684667" lon="-83.895882"></trkpt>
      <trkpt lat="34.684633" lon="-83.895756"></trkpt>
      <trkpt lat="34.684584" lon="-83.895637"></trkpt>
      <trkpt lat="34.68452" lon="-83.895532"></trkpt>
      <trkpt lat="34.684452" lon="-83.895436"></trkpt>
      <trkpt lat="34.68437" lon="-83.895343"></trkpt>
      <trkpt lat="34.684174" lon="-83.89519"></trkpt>
      <trkpt lat="34.68403" lon="-83.895099"></trkpt>
      <trkpt lat="34.683949" lon="-83.895066"></trkpt>
      <trkpt lat="34.683862" lon="-83.895062"></trkpt>
      <trkpt lat="34.683772" lon="-83.895091"></trkpt>
      <trkpt lat="34.683712" lon="-83.895119"></trkpt>
      <trkpt lat="34.683663" lon="-83.895164"></trkpt>
      <trkpt lat="34.683602" lon="-83.895253"></trkpt>
      <trkpt lat="34.683429" lon="-83.895525"></trkpt>
      <trkpt lat="34.683376" lon="-83.895596"></trkpt>
      <trkpt lat="34.683329" lon="-83.895635"></trkpt>
      <trkpt lat="34.683245" lon="-83.89568"></trkpt>
      <trkpt lat="34.683173" lon="-83.895707"></trkpt>
      <trkpt lat="34.683096" lon="-83.895712"></trkpt>
      <trkpt lat="34.683022" lon="-83.895696"></trkpt>
      <trkpt lat="34.682887" lon="-83.895652"></trkpt>
      <trkpt lat="34.682135" lon="-83.895326"></trkpt>
      <trkpt lat="34.681515" lon="-83.89504"></trkpt>
      <trkpt lat="34.68088" lon="-83.894784"></trkpt>
      <trkpt lat="34.68071" lon="-83.894722"></trkpt>
      <trkpt lat="34.680541" lon="-83.894715"></trkpt>
      <trkpt lat="34.680372" lon="-83.894721"></trkpt>
      <trkpt lat="34.680248" lon="-83.89474"></trkpt>
      <trkpt lat="34.680103" lon="-83.8948"></trkpt>
      <trkpt lat="34.679871" lon="-83.894986"></trkpt>
      <trkpt lat="34.679309" lon="-83.895457"></trkpt>
      <trkpt lat="34.679123" lon="-83.895633"></trkpt>
      <trkpt lat="34.678643" lon="-83.896089"></trkpt>
      <trkpt lat="34.678415" lon="-83.896411"></trkpt>
      <trkpt lat="34.678307" lon="-83.896578"></trkpt>
      <trkpt lat="34.678211" lon="-83.896814"></trkpt>
      <trkpt lat="34.678149" lon="-83.897007"></trkpt>
      <trkpt lat="34.678088" lon="-83.897282"></trkpt>
      <trkpt lat="34.678063" lon="-83.897638"></trkpt>
      <trkpt lat="34.678083" lon="-83.898199"></trkpt>
      <trkpt lat="34.678095" lon="-83.898352"></trkpt>
      <trkpt lat="34.678098" lon="-83.898465"></trkpt>
      <trkpt lat="34.678102" lon="-83.898629"></trkpt>
      <trkpt lat="34.678109" lon="-83.898865"></trkpt>
      <trkpt lat="34.678096" lon="-83.89902"></trkpt>
      <trkpt lat="34.678055" lon="-83.899197"></trkpt>
      <trkpt lat="34.677954" lon="-83.899513"></trkpt>
      <trkpt lat="34.677722" lon="-83.900172"></trkpt>
      <trkpt lat="34.677566" lon="-83.900507"></trkpt>
      <trkpt lat="34.677405" lon="-83.900746"></trkpt>
      <trkpt lat="34.677275" lon="-83.9009"></trkpt>
      <trkpt lat="34.677155" lon="-83.901019"></trkpt>
      <trkpt lat="34.677087" lon="-83.90108"></trkpt>
      <trkpt lat="34.676917" lon="-83.901194"></trkpt>
      <trkpt lat="34.676759" lon="-83.90129"></trkpt>
      <trkpt lat="34.676401" lon="-83.901481"></trkpt>
      <trkpt lat="34.676224" lon="-83.901563"></trkpt>
      <trkpt lat="34.676099" lon="-83.901627"></trkpt>
      <trkpt lat="34.675852" lon="-83.901757"></trkpt>
      <trkpt lat="34.675751" lon="-83.90181"></trkpt>
      <trkpt lat="34.675633" lon="-83.901885"></trkpt>
      <trkpt lat="34.675465" lon="-83.902051"></trkpt>
      <trkpt lat="34.675025" lon="-83.902492"></trkpt>
      <trkpt lat="34.67455" lon="-83.902968"></trkpt>
      <trkpt lat="34.674411" lon="-83.903104"></trkpt>
      <trkpt lat="34.674288" lon="-83.903195"></trkpt>
      <trkpt lat="34.674124" lon="-83.903265"></trkpt>
      <trkpt lat="34.67402" lon="-83.903275"></trkpt>
      <trkpt lat="34.673862" lon="-83.903248"></trkpt>
      <trkpt lat="34.673776" lon="-83.903224"></trkpt>
      <trkpt lat="34.673703" lon="-83.90317"></trkpt>
      <trkpt lat="34.673401" lon="-83.902991"></trkpt>
      <trkpt lat="34.67249" lon="-83.902588"></trkpt>
      <trkpt lat="34.671845" lon="-83.902197"></trkpt>
      <trkpt lat="34.671139" lon="-83.901861"></trkpt>
      <trkpt lat="34.670867" lon="-83.901773"></trkpt>
      <trkpt lat="34.670637" lon="-83.901722"></trkpt>
      <trkpt lat="34.67051" lon="-83.901744"></trkpt>
      <trkpt lat="34.670399" lon="-83.901787"></trkpt>
      <trkpt lat="34.670296" lon="-83.901851"></trkpt>
      <trkpt lat="34.670254" lon="-83.901877"></trkpt>
      <trkpt lat="34.670172" lon="-83.901935"></trkpt>
      <trkpt lat="34.669852" lon="-83.902202"></trkpt>
      <trkpt lat="34.669702" lon="-83.902326"></trkpt>
      <trkpt lat="34.669603" lon="-83.902401"></trkpt>
      <trkpt lat="34.669372" lon="-83.90256"></trkpt>
      <trkpt lat="34.669121" lon="-83.902707"></trkpt>
      <trkpt lat="34.668826" lon="-83.902778"></trkpt>
      <trkpt lat="34.668585" lon="-83.902783"></trkpt>
      <trkpt lat="34.668325" lon="-83.90274"></trkpt>
      <trkpt lat="34.668012" lon="-83.902646"></trkpt>
      <trkpt lat="34.667604" lon="-83.902496"></trkpt>
      <trkpt lat="34.667535" lon="-83.902481"></trkpt>
      <trkpt lat="34.667466" lon="-83.902469"></trkpt>
      <trkpt lat="34.667403" lon="-83.902462"></trkpt>
      <trkpt lat="34.667331" lon="-83.90246"></trkpt>
      <trkpt lat="34.667238" lon="-83.902471"></trkpt>
      <trkpt lat="34.667152" lon="-83.90249"></trkpt>
      <trkpt lat="34.666939" lon="-83.902558"></trkpt>
      <trkpt lat="34.666831" lon="-83.902591"></trkpt>
      <trkpt lat="34.666723" lon="-83.902619"></trkpt>
      <trkpt lat="34.666661" lon="-83.902631"></trkpt>
      <trkpt lat="34.666602" lon="-83.90264"></trkpt>
      <trkpt lat="34.666537" lon="-83.902643"></trkpt>
      <trkpt lat="34.666475" lon="-83.902638"></trkpt>
      <trkpt lat="34.666415" lon="-83.902624"></trkpt>
      <trkpt lat="34.666355" lon="-83.902604"></trkpt>
      <trkpt lat="34.666301" lon="-83.902578"></trkpt>
      <trkpt lat="34.666244" lon="-83.902544"></trkpt>
      <trkpt lat="34.666143" lon="-83.902481"></trkpt>
      <trkpt lat="34.665976" lon="-83.902364"></trkpt>
      <trkpt lat="34.665803" lon="-83.902248"></trkpt>
      <trkpt lat="34.665676" lon="-83.902173"></trkpt>
      <trkpt lat="34.665545" lon="-83.902115"></trkpt>
      <trkpt lat="34.665372" lon="-83.902052"></trkpt>
      <trkpt lat="34.6652" lon="-83.902"></trkpt>
      <trkpt lat="34.664912" lon="-83.901905"></trkpt>
      <trkpt lat="34.664631" lon="-83.901793"></trkpt>
      <trkpt lat="34.664421" lon="-83.901697"></trkpt>
      <trkpt lat="34.664219" lon="-83.901588"></trkpt>
      <trkpt lat="34.664071" lon="-83.90151"></trkpt>
      <trkpt lat="34.663924" lon="-83.901431"></trkpt>
      <trkpt lat="34.663816" lon="-83.90137"></trkpt>
      <trkpt lat="34.663708" lon="-83.901303"></trkpt>
      <trkpt lat="34.663485" lon="-83.901159"></trkpt>
      <trkpt lat="34.663372" lon="-83.901082"></trkpt>
      <trkpt lat="34.66333" lon="-83.901132"></trkpt>
      <trkpt lat="34.663241" lon="-83.901248"></trkpt>
      <trkpt lat="34.662996" lon="-83.901554"></trkpt>
      <trkpt lat="34.662554" lon="-83.902095"></trkpt>
      <trkpt lat="34.661659" lon="-83.90294"></trkpt>
      <trkpt lat="34.660473" lon="-83.904421"></trkpt>
      <trkpt lat="34.660436" lon="-83.904469"></trkpt>
      <trkpt lat="34.660259" lon="-83.904696"></trkpt>
      <trkpt lat="34.660083" lon="-83.904921"></trkpt>
      <trkpt lat="34.659976" lon="-83.905059"></trkpt>
      <trkpt lat="34.659835" lon="-83.905244"></trkpt>
      <trkpt lat="34.659766" lon="-83.905342"></trkpt>
      <trkpt lat="34.659691" lon="-83.905456"></trkpt>
      <trkpt lat="34.659632" lon="-83.905563"></trkpt>
      <trkpt lat="34.659573" lon="-83.905679"></trkpt>
      <trkpt lat="34.659364" lon="-83.906115"></trkpt>
      <trkpt lat="34.659235" lon="-83.906383"></trkpt>
      <trkpt lat="34.65903" lon="-83.906811"></trkpt>
      <trkpt lat="34.65889" lon="-83.907136"></trkpt>
      <trkpt lat="34.658718" lon="-83.907499"></trkpt>
      <trkpt lat="34.658657" lon="-83.907619"></trkpt>
      <trkpt lat="34.658592" lon="-83.907735"></trkpt>
      <trkpt lat="34.658537" lon="-83.907823"></trkpt>
      <trkpt lat="34.658484" lon="-83.907895"></trkpt>
      <trkpt lat="34.658423" lon="-83.907969"></trkpt>
      <trkpt lat="34.65837" lon="-83.908013"></trkpt>
      <trkpt lat="34.658318" lon="-83.908061"></trkpt>
      <trkpt lat="34.65826" lon="-83.908108"></trkpt>
      <trkpt lat="34.658204" lon="-83.908146"></trkpt>
      <trkpt lat="34.658106" lon="-83.908189"></trkpt>
      <trkpt lat="34.658007" lon="-83.908226"></trkpt>
      <trkpt lat="34.657918" lon="-83.908258"></trkpt>
      <trkpt lat="34.657821" lon="-83.908291"></trkpt>
      <trkpt lat="34.657488" lon="-83.908394"></trkpt>
      <trkpt lat="34.657227" lon="-83.908468"></trkpt>
      <trkpt lat="34.657121" lon="-83.908495"></trkpt>
      <trkpt lat="34.657014" lon="-83.908518"></trkpt>
      <trkpt lat="34.656929" lon="-83.90853"></trkpt>
      <trkpt lat="34.656845" lon="-83.908531"></trkpt>
      <trkpt lat="34.656761" lon="-83.908522"></trkpt>
      <trkpt lat="34.656678" lon="-83.908509"></trkpt>
      <trkpt lat="34.656576" lon="-83.908481"></trkpt>
      <trkpt lat="34.656468" lon="-83.908442"></trkpt>
      <trkpt lat="34.656369" lon="-83.908394"></trkpt>
      <trkpt lat="34.65627" lon="-83.908337"></trkpt>
      <trkpt lat="34.65611" lon="-83.908219"></trkpt>
      <trkpt lat="34.655622" lon="-83.907803"></trkpt>
      <trkpt lat="34.655494" lon="-83.907688"></trkpt>
      <trkpt lat="34.65538" lon="-83.907585"></trkpt>
      <trkpt lat="34.655138" lon="-83.907375"></trkpt>
      <trkpt lat="34.654993" lon="-83.90725"></trkpt>
      <trkpt lat="34.654845" lon="-83.90713"></trkpt>
      <trkpt lat="34.654694" lon="-83.90702"></trkpt>
      <trkpt lat="34.654542" lon="-83.906927"></trkpt>
      <trkpt lat="34.654415" lon="-83.906861"></trkpt>
      <trkpt lat="34.654286" lon="-83.906807"></trkpt>
      <trkpt lat="34.654174" lon="-83.906765"></trkpt>
      <trkpt lat="34.65406" lon="-83.906728"></trkpt>
      <trkpt lat="34.653922" lon="-83.906696"></trkpt>
      <trkpt lat="34.65378" lon="-83.906669"></trkpt>
      <trkpt lat="34.653617" lon="-83.906644"></trkpt>
      <trkpt lat="34.653452" lon="-83.906625"></trkpt>
      <trkpt lat="34.652592" lon="-83.906553"></trkpt>
      <trkpt lat="34.652165" lon="-83.906517"></trkpt>
      <trkpt lat="34.65201" lon="-83.906505"></trkpt>
      <trkpt lat="34.651946" lon="-83.9065"></trkpt>
      <trkpt lat="34.651728" lon="-83.906494"></trkpt>
      <trkpt lat="34.651535" lon="-83.906504"></trkpt>
      <trkpt lat="34.651343" lon="-83.906527"></trkpt>
      <trkpt lat="34.651235" lon="-83.906544"></trkpt>
      <trkpt lat="34.651128" lon="-83.906566"></trkpt>
      <trkpt lat="34.650582" lon="-83.906705"></trkpt>
      <trkpt lat="34.650211" lon="-83.906822"></trkpt>
      <trkpt lat="34.649856" lon="-83.906924"></trkpt>
      <trkpt lat="34.649834" lon="-83.90693"></trkpt>
      <trkpt lat="34.649335" lon="-83.907122"></trkpt>
      <trkpt lat="34.649116" lon="-83.907233"></trkpt>
      <trkpt lat="34.648985" lon="-83.907308"></trkpt>
      <trkpt lat="34.648882" lon="-83.907374"></trkpt>
      <trkpt lat="34.648776" lon="-83.907448"></trkpt>
      <trkpt lat="34.6486" lon="-83.90758"></trkpt>
      <trkpt lat="34.648527" lon="-83.907634"></trkpt>
      <trkpt lat="34.648249" lon="-83.907836"></trkpt>
      <trkpt lat="34.647922" lon="-83.908084"></trkpt>
      <trkpt lat="34.647673" lon="-83.908281"></trkpt>
      <trkpt lat="34.647417" lon="-83.908479"></trkpt>
      <trkpt lat="34.647305" lon="-83.908563"></trkpt>
      <trkpt lat="34.647074" lon="-83.908736"></trkpt>
      <trkpt lat="34.646896" lon="-83.908881"></trkpt>
      <trkpt lat="34.646598" lon="-83.909097"></trkpt>
      <trkpt lat="34.646386" lon="-83.909239"></trkpt>
      <trkpt lat="34.646144" lon="-83.909362"></trkpt>
      <trkpt lat="34.645928" lon="-83.909444"></trkpt>
      <trkpt lat="34.645632" lon="-83.90953"></trkpt>
      <trkpt lat="34.644775" lon="-83.909684"></trkpt>
      <trkpt lat="34.644339" lon="-83.909765"></trkpt>
      <trkpt lat="34.643875" lon="-83.909871"></trkpt>
      <trkpt lat="34.643803" lon="-83.909908"></trkpt>
      <trkpt lat="34.643719" lon="-83.909952"></trkpt>
      <trkpt lat="34.643598" lon="-83.910052"></trkpt>
      <trkpt lat="34.643494" lon="-83.910192"></trkpt>
      <trkpt lat="34.643403" lon="-83.910373"></trkpt>
      <trkpt lat="34.643346" lon="-83.910559"></trkpt>
      <trkpt lat="34.64328" lon="-83.910953"></trkpt>
      <trkpt lat="34.643237" lon="-83.911243"></trkpt>
      <trkpt lat="34.64314" lon="-83.911885"></trkpt>
      <trkpt lat="34.643055" lon="-83.91223"></trkpt>
      <trkpt lat="34.643005" lon="-83.912399"></trkpt>
      <trkpt lat="34.642947" lon="-83.912561"></trkpt>
      <trkpt lat="34.642859" lon="-83.912762"></trkpt>
      <trkpt lat="34.642774" lon="-83.912925"></trkpt>
      <trkpt lat="34.642657" lon="-83.913088"></trkpt>
      <trkpt lat="34.642515" lon="-83.913236"></trkpt>
      <trkpt lat="34.64235" lon="-83.913343"></trkpt>
      <trkpt lat="34.64227" lon="-83.913377"></trkpt>
      <trkpt lat="34.642226" lon="-83.913394"></trkpt>
      <trkpt lat="34.642173" lon="-83.913413"></trkpt>
      <trkpt lat="34.642128" lon="-83.91342"></trkpt>
      <trkpt lat="34.642081" lon="-83.913427"></trkpt>
      <trkpt lat="34.641974" lon="-83.913435"></trkpt>
      <trkpt lat="34.641713" lon="-83.913405"></trkpt>
      <trkpt lat="34.641286" lon="-83.913294"></trkpt>
      <trkpt lat="34.641161" lon="-83.913285"></trkpt>
      <trkpt lat="34.640756" lon="-83.913286"></trkpt>
      <trkpt lat="34.640602" lon="-83.913295"></trkpt>
      <trkpt lat="34.640247" lon="-83.913342"></trkpt>
      <trkpt lat="34.639894" lon="-83.913415"></trkpt>
      <trkpt lat="34.639755" lon="-83.913447"></trkpt>
      <trkpt lat="34.639613" lon="-83.913487"></trkpt>
      <trkpt lat="34.639474" lon="-83.913533"></trkpt>
      <trkpt lat="34.639335" lon="-83.91359"></trkpt>
      <trkpt lat="34.639171" lon="-83.913665"></trkpt>
      <trkpt lat="34.639004" lon="-83.913754"></trkpt>
      <trkpt lat="34.638763" lon="-83.913894"></trkpt>
      <trkpt lat="34.638448" lon="-83.914059"></trkpt>
      <trkpt lat="34.638385" lon="-83.914095"></trkpt>
      <trkpt lat="34.638137" lon="-83.914236"></trkpt>
      <trkpt lat="34.637959" lon="-83.914337"></trkpt>
      <trkpt lat="34.6377" lon="-83.914478"></trkpt>
      <trkpt lat="34.637067" lon="-83.914836"></trkpt>
      <trkpt lat="34.63683" lon="-83.914966"></trkpt>
      <trkpt lat="34.636702" lon="-83.915041"></trkpt>
      <trkpt lat="34.636514" lon="-83.915156"></trkpt>
      <trkpt lat="34.636352" lon="-83.915257"></trkpt>
      <trkpt lat="34.636188" lon="-83.915364"></trkpt>
      <trkpt lat="34.636035" lon="-83.915471"></trkpt>
      <trkpt lat="34.635902" lon="-83.915571"></trkpt>
      <trkpt lat="34.635725" lon="-83.915714"></trkpt>
      <trkpt lat="34.63553" lon="-83.915881"></trkpt>
      <trkpt lat="34.635243" lon="-83.916132"></trkpt>
      <trkpt lat="34.634887" lon="-83.916449"></trkpt>
      <trkpt lat="34.634712" lon="-83.916605"></trkpt>
      <trkpt lat="34.634592" lon="-83.916711"></trkpt>
      <trkpt lat="34.634452" lon="-83.916818"></trkpt>
      <trkpt lat="34.634358" lon="-83.916893"></trkpt>
      <trkpt lat="34.634268" lon="-83.916947"></trkpt>
      <trkpt lat="34.63418" lon="-83.916989"></trkpt>
      <trkpt lat="34.6341" lon="-83.91702"></trkpt>
      <trkpt lat="34.634021" lon="-83.917043"></trkpt>
      <trkpt lat="34.633899" lon="-83.917072"></trkpt>
      <trkpt lat="34.633722" lon="-83.917104"></trkpt>
      <trkpt lat="34.63354" lon="-83.917142"></trkpt>
      <trkpt lat="34.633451" lon="-83.917164"></trkpt>
      <trkpt lat="34.633364" lon="-83.917192"></trkpt>
      <trkpt lat="34.633287" lon="-83.917224"></trkpt>
      <trkpt lat="34.633226" lon="-83.917254"></trkpt>
      <trkpt lat="34.633184" lon="-83.917276"></trkpt>
      <trkpt lat="34.633154" lon="-83.917293"></trkpt>
      <trkpt lat="34.633085" lon="-83.917335"></trkpt>
      <trkpt lat="34.63301" lon="-83.917389"></trkpt>
      <trkpt lat="34.632906" lon="-83.91748"></trkpt>
      <trkpt lat="34.632656" lon="-83.917754"></trkpt>
      <trkpt lat="34.632535" lon="-83.917897"></trkpt>
      <trkpt lat="34.632408" lon="-83.918055"></trkpt>
      <trkpt lat="34.632319" lon="-83.918176"></trkpt>
      <trkpt lat="34.63224" lon="-83.918309"></trkpt>
      <trkpt lat="34.632184" lon="-83.918433"></trkpt>
      <trkpt lat="34.632145" lon="-83.918548"></trkpt>
      <trkpt lat="34.632115" lon="-83.91867"></trkpt>
      <trkpt lat="34.632093" lon="-83.918795"></trkpt>
      <trkpt lat="34.632079" lon="-83.918918"></trkpt>
      <trkpt lat="34.632078" lon="-83.919025"></trkpt>
      <trkpt lat="34.632085" lon="-83.919126"></trkpt>
      <trkpt lat="34.632093" lon="-83.9192"></trkpt>
      <trkpt lat="34.6321" lon="-83.91924"></trkpt>
      <trkpt lat="34.632126" lon="-83.919384"></trkpt>
      <trkpt lat="34.632169" lon="-83.919594"></trkpt>
      <trkpt lat="34.632219" lon="-83.919814"></trkpt>
      <trkpt lat="34.632299" lon="-83.92017"></trkpt>
      <trkpt lat="34.63239" lon="-83.920577"></trkpt>
      <trkpt lat="34.632794" lon="-83.922365"></trkpt>
      <trkpt lat="34.632985" lon="-83.923219"></trkpt>
      <trkpt lat="34.633056" lon="-83.923539"></trkpt>
      <trkpt lat="34.633177" lon="-83.92408"></trkpt>
      <trkpt lat="34.633439" lon="-83.925255"></trkpt>
      <trkpt lat="34.633758" lon="-83.926678"></trkpt>
      <trkpt lat="34.633895" lon="-83.927208"></trkpt>
      <trkpt lat="34.634026" lon="-83.927668"></trkpt>
      <trkpt lat="34.634041" lon="-83.92772"></trkpt>
      <trkpt lat="34.634166" lon="-83.928126"></trkpt>
      <trkpt lat="34.634189" lon="-83.928206"></trkpt>
      <trkpt lat="34.634362" lon="-83.928803"></trkpt>
      <trkpt lat="34.634432" lon="-83.929044"></trkpt>
      <trkpt lat="34.634536" lon="-83.929404"></trkpt>
      <trkpt lat="34.634627" lon="-83.929729"></trkpt>
      <trkpt lat="34.634808" lon="-83.93045"></trkpt>
      <trkpt lat="34.634892" lon="-83.93075"></trkpt>
      <trkpt lat="34.634966" lon="-83.931059"></trkpt>
      <trkpt lat="34.635042" lon="-83.931381"></trkpt>
      <trkpt lat="34.635204" lon="-83.932094"></trkpt>
      <trkpt lat="34.635257" lon="-83.932371"></trkpt>
      <trkpt lat="34.635281" lon="-83.932601"></trkpt>
      <trkpt lat="34.63529" lon="-83.932823"></trkpt>
      <trkpt lat="34.635283" lon="-83.933089"></trkpt>
      <trkpt lat="34.635249" lon="-83.933311"></trkpt>
      <trkpt lat="34.635191" lon="-83.933551"></trkpt>
      <trkpt lat="34.635111" lon="-83.933778"></trkpt>
      <trkpt lat="34.635064" lon="-83.933908"></trkpt>
      <trkpt lat="34.63498" lon="-83.934111"></trkpt>
      <trkpt lat="34.634895" lon="-83.934273"></trkpt>
      <trkpt lat="34.634783" lon="-83.934428"></trkpt>
      <trkpt lat="34.634666" lon="-83.93455"></trkpt>
      <trkpt lat="34.634593" lon="-83.934613"></trkpt>
      <trkpt lat="34.634514" lon="-83.934675"></trkpt>
      <trkpt lat="34.634442" lon="-83.934718"></trkpt>
      <trkpt lat="34.634368" lon="-83.934758"></trkpt>
      <trkpt lat="34.634211" lon="-83.934817"></trkpt>
      <trkpt lat="34.633917" lon="-83.934911"></trkpt>
      <trkpt lat="34.63277" lon="-83.93528"></trkpt>
      <trkpt lat="34.632455" lon="-83.935383"></trkpt>
      <trkpt lat="34.632191" lon="-83.935459"></trkpt>
      <trkpt lat="34.632013" lon="-83.935498"></trkpt>
      <trkpt lat="34.63195" lon="-83.935513"></trkpt>
      <trkpt lat="34.631754" lon="-83.93554"></trkpt>
      <trkpt lat="34.631548" lon="-83.935555"></trkpt>
      <trkpt lat="34.631309" lon="-83.935558"></trkpt>
      <trkpt lat="34.631066" lon="-83.935563"></trkpt>
      <trkpt lat="34.630891" lon="-83.935563"></trkpt>
      <trkpt lat="34.630714" lon="-83.935577"></trkpt>
      <trkpt lat="34.630517" lon="-83.9356"></trkpt>
      <trkpt lat="34.630315" lon="-83.935631"></trkpt>
      <trkpt lat="34.630115" lon="-83.935669"></trkpt>
      <trkpt lat="34.62983" lon="-83.935724"></trkpt>
      <trkpt lat="34.629354" lon="-83.935839"></trkpt>
      <trkpt lat="34.629261" lon="-83.93587"></trkpt>
      <trkpt lat="34.629165" lon="-83.935912"></trkpt>
      <trkpt lat="34.62905" lon="-83.935987"></trkpt>
      <trkpt lat="34.628933" lon="-83.936091"></trkpt>
      <trkpt lat="34.628864" lon="-83.936174"></trkpt>
      <trkpt lat="34.628795" lon="-83.936279"></trkpt>
      <trkpt lat="34.628733" lon="-83.936401"></trkpt>
      <trkpt lat="34.628693" lon="-83.936498"></trkpt>
      <trkpt lat="34.628667" lon="-83.936604"></trkpt>
      <trkpt lat="34.628655" lon="-83.936746"></trkpt>
      <trkpt lat="34.628654" lon="-83.936849"></trkpt>
      <trkpt lat="34.628659" lon="-83.937115"></trkpt>
      <trkpt lat="34.628688" lon="-83.937518"></trkpt>
      <trkpt lat="34.628686" lon="-83.937787"></trkpt>
      <trkpt lat="34.628609" lon="-83.938199"></trkpt>
      <trkpt lat="34.628559" lon="-83.938353"></trkpt>
      <trkpt lat="34.628519" lon="-83.938465"></trkpt>
      <trkpt lat="34.628452" lon="-83.938603"></trkpt>
      <trkpt lat="34.628382" lon="-83.93872"></trkpt>
      <trkpt lat="34.628297" lon="-83.938837"></trkpt>
      <trkpt lat="34.628185" lon="-83.938979"></trkpt>
      <trkpt lat="34.628118" lon="-83.939058"></trkpt>
      <trkpt lat="34.628051" lon="-83.939131"></trkpt>
      <trkpt lat="34.627793" lon="-83.939407"></trkpt>
      <trkpt lat="34.627324" lon="-83.939918"></trkpt>
      <trkpt lat="34.626815" lon="-83.940468"></trkpt>
      <trkpt lat="34.626555" lon="-83.94075"></trkpt>
      <trkpt lat="34.626385" lon="-83.940937"></trkpt>
      <trkpt lat="34.626252" lon="-83.94108"></trkpt>
      <trkpt lat="34.626172" lon="-83.941165"></trkpt>
      <trkpt lat="34.626089" lon="-83.941256"></trkpt>
      <trkpt lat="34.625921" lon="-83.941435"></trkpt>
      <trkpt lat="34.625736" lon="-83.941635"></trkpt>
      <trkpt lat="34.625666" lon="-83.941719"></trkpt>
      <trkpt lat="34.625597" lon="-83.941812"></trkpt>
      <trkpt lat="34.625545" lon="-83.941893"></trkpt>
      <trkpt lat="34.625496" lon="-83.941983"></trkpt>
      <trkpt lat="34.625454" lon="-83.942075"></trkpt>
      <trkpt lat="34.625418" lon="-83.942183"></trkpt>
      <trkpt lat="34.625383" lon="-83.942316"></trkpt>
      <trkpt lat="34.625359" lon="-83.942457"></trkpt>
      <trkpt lat="34.625356" lon="-83.942635"></trkpt>
      <trkpt lat="34.625364" lon="-83.94279"></trkpt>
      <trkpt lat="34.625382" lon="-83.942945"></trkpt>
      <trkpt lat="34.625413" lon="-83.943134"></trkpt>
      <trkpt lat="34.625468" lon="-83.943446"></trkpt>
      <trkpt lat="34.62553" lon="-83.943788"></trkpt>
      <trkpt lat="34.625673" lon="-83.944616"></trkpt>
      <trkpt lat="34.625719" lon="-83.944877"></trkpt>
      <trkpt lat="34.625828" lon="-83.945483"></trkpt>
      <trkpt lat="34.625925" lon="-83.94605"></trkpt>
      <trkpt lat="34.625966" lon="-83.946288"></trkpt>
      <trkpt lat="34.625997" lon="-83.946467"></trkpt>
      <trkpt lat="34.626034" lon="-83.946666"></trkpt>
      <trkpt lat="34.626076" lon="-83.946868"></trkpt>
      <trkpt lat="34.626113" lon="-83.947022"></trkpt>
      <trkpt lat="34.626157" lon="-83.947174"></trkpt>
      <trkpt lat="34.626204" lon="-83.94732"></trkpt>
      <trkpt lat="34.626256" lon="-83.947465"></trkpt>
      <trkpt lat="34.626354" lon="-83.947708"></trkpt>
      <trkpt lat="34.626464" lon="-83.947942"></trkpt>
      <trkpt lat="34.626761" lon="-83.948546"></trkpt>
      <trkpt lat="34.627047" lon="-83.949106"></trkpt>
      <trkpt lat="34.627142" lon="-83.9493"></trkpt>
      <trkpt lat="34.627207" lon="-83.949438"></trkpt>
      <trkpt lat="34.627249" lon="-83.949535"></trkpt>
      <trkpt lat="34.627287" lon="-83.949635"></trkpt>
      <trkpt lat="34.627307" lon="-83.949705"></trkpt>
      <trkpt lat="34.627318" lon="-83.949756"></trkpt>
      <trkpt lat="34.627324" lon="-83.949815"></trkpt>
      <trkpt lat="34.627327" lon="-83.949876"></trkpt>
      <trkpt lat="34.627322" lon="-83.949956"></trkpt>
      <trkpt lat="34.627308" lon="-83.950037"></trkpt>
      <trkpt lat="34.627276" lon="-83.950141"></trkpt>
      <trkpt lat="34.627236" lon="-83.95023"></trkpt>
      <trkpt lat="34.627179" lon="-83.950354"></trkpt>
      <trkpt lat="34.627125" lon="-83.950471"></trkpt>
      <trkpt lat="34.627051" lon="-83.950626"></trkpt>
      <trkpt lat="34.627014" lon="-83.950707"></trkpt>
      <trkpt lat="34.626978" lon="-83.950804"></trkpt>
      <trkpt lat="34.626953" lon="-83.950906"></trkpt>
      <trkpt lat="34.626938" lon="-83.951024"></trkpt>
      <trkpt lat="34.626941" lon="-83.95114"></trkpt>
      <trkpt lat="34.626958" lon="-83.951246"></trkpt>
      <trkpt lat="34.626984" lon="-83.951345"></trkpt>
      <trkpt lat="34.627017" lon="-83.951434"></trkpt>
      <trkpt lat="34.627062" lon="-83.951513"></trkpt>
      <trkpt lat="34.627115" lon="-83.951587"></trkpt>
      <trkpt lat="34.627168" lon="-83.951648"></trkpt>
      <trkpt lat="34.627223" lon="-83.951699"></trkpt>
      <trkpt lat="34.627271" lon="-83.951734"></trkpt>
      <trkpt lat="34.62732" lon="-83.951761"></trkpt>
      <trkpt lat="34.627377" lon="-83.951788"></trkpt>
      <trkpt lat="34.627446" lon="-83.951812"></trkpt>
      <trkpt lat="34.627515" lon="-83.951831"></trkpt>
      <trkpt lat="34.627664" lon="-83.951859"></trkpt>
      <trkpt lat="34.627766" lon="-83.95188"></trkpt>
      <trkpt lat="34.627846" lon="-83.951895"></trkpt>
      <trkpt lat="34.627904" lon="-83.951913"></trkpt>
      <trkpt lat="34.62796" lon="-83.951938"></trkpt>
      <trkpt lat="34.628004" lon="-83.951964"></trkpt>
      <trkpt lat="34.628041" lon="-83.952001"></trkpt>
      <trkpt lat="34.628069" lon="-83.952032"></trkpt>
      <trkpt lat="34.628092" lon="-83.952068"></trkpt>
      <trkpt lat="34.628113" lon="-83.952108"></trkpt>
      <trkpt lat="34.628126" lon="-83.952148"></trkpt>
      <trkpt lat="34.628132" lon="-83.952188"></trkpt>
      <trkpt lat="34.628134" lon="-83.952226"></trkpt>
      <trkpt lat="34.628131" lon="-83.952279"></trkpt>
      <trkpt lat="34.628121" lon="-83.952331"></trkpt>
      <trkpt lat="34.628099" lon="-83.952386"></trkpt>
      <trkpt lat="34.628077" lon="-83.952435"></trkpt>
      <trkpt lat="34.628044" lon="-83.952488"></trkpt>
      <trkpt lat="34.62799" lon="-83.952554"></trkpt>
      <trkpt lat="34.62768" lon="-83.952861"></trkpt>
      <trkpt lat="34.627487" lon="-83.953057"></trkpt>
      <trkpt lat="34.627422" lon="-83.953134"></trkpt>
      <trkpt lat="34.62739" lon="-83.953182"></trkpt>
      <trkpt lat="34.627357" lon="-83.953241"></trkpt>
      <trkpt lat="34.627328" lon="-83.9533"></trkpt>
      <trkpt lat="34.627299" lon="-83.953374"></trkpt>
      <trkpt lat="34.627269" lon="-83.953478"></trkpt>
      <trkpt lat="34.62725" lon="-83.953585"></trkpt>
      <trkpt lat="34.627238" lon="-83.953699"></trkpt>
      <trkpt lat="34.62723" lon="-83.953782"></trkpt>
      <trkpt lat="34.627249" lon="-83.953967"></trkpt>
      <trkpt lat="34.627264" lon="-83.954098"></trkpt>
      <trkpt lat="34.627306" lon="-83.954345"></trkpt>
      <trkpt lat="34.627328" lon="-83.954461"></trkpt>
      <trkpt lat="34.627353" lon="-83.954578"></trkpt>
      <trkpt lat="34.627374" lon="-83.954658"></trkpt>
      <trkpt lat="34.627405" lon="-83.954718"></trkpt>
      <trkpt lat="34.627449" lon="-83.95477"></trkpt>
      <trkpt lat="34.627483" lon="-83.954799"></trkpt>
      <trkpt lat="34.627515" lon="-83.954811"></trkpt>
      <trkpt lat="34.627544" lon="-83.954827"></trkpt>
      <trkpt lat="34.62758" lon="-83.954869"></trkpt>
      <trkpt lat="34.627597" lon="-83.954899"></trkpt>
      <trkpt lat="34.627609" lon="-83.954939"></trkpt>
      <trkpt lat="34.627614" lon="-83.954982"></trkpt>
      <trkpt lat="34.627611" lon="-83.955027"></trkpt>
      <trkpt lat="34.627594" lon="-83.955074"></trkpt>
      <trkpt lat="34.627583" lon="-83.955091"></trkpt>
      <trkpt lat="34.627562" lon="-83.955117"></trkpt>
      <trkpt lat="34.627525" lon="-83.955144"></trkpt>
      <trkpt lat="34.627474" lon="-83.955159"></trkpt>
      <trkpt lat="34.627435" lon="-83.955157"></trkpt>
      <trkpt lat="34.627376" lon="-83.955132"></trkpt>
      <trkpt lat="34.627362" lon="-83.955121"></trkpt>
      <trkpt lat="34.62725" lon="-83.955108"></trkpt>
      <trkpt lat="34.627142" lon="-83.955084"></trkpt>
      <trkpt lat="34.62688" lon="-83.955036"></trkpt>
      <trkpt lat="34.626709" lon="-83.954996"></trkpt>
      <trkpt lat="34.626539" lon="-83.954942"></trkpt>
      <trkpt lat="34.62647" lon="-83.954926"></trkpt>
      <trkpt lat="34.626429" lon="-83.954926"></trkpt>
      <trkpt lat="34.626397" lon="-83.954928"></trkpt>
      <trkpt lat="34.62635" lon="-83.954936"></trkpt>
      <trkpt lat="34.626304" lon="-83.954943"></trkpt>
      <trkpt lat="34.626243" lon="-83.954968"></trkpt>
      <trkpt lat="34.626176" lon="-83.955009"></trkpt>
      <trkpt lat="34.626114" lon="-83.955072"></trkpt>
      <trkpt lat="34.626059" lon="-83.955138"></trkpt>
      <trkpt lat="34.626021" lon="-83.955199"></trkpt>
      <trkpt lat="34.625916" lon="-83.955394"></trkpt>
      <trkpt lat="34.625819" lon="-83.95559"></trkpt>
      <trkpt lat="34.625725" lon="-83.955806"></trkpt>
      <trkpt lat="34.625655" lon="-83.955981"></trkpt>
      <trkpt lat="34.625591" lon="-83.956171"></trkpt>
      <trkpt lat="34.625545" lon="-83.956315"></trkpt>
      <trkpt lat="34.625496" lon="-83.956428"></trkpt>
      <trkpt lat="34.625458" lon="-83.95649"></trkpt>
      <trkpt lat="34.625428" lon="-83.956536"></trkpt>
      <trkpt lat="34.625383" lon="-83.956586"></trkpt>
      <trkpt lat="34.625326" lon="-83.956636"></trkpt>
      <trkpt lat="34.625261" lon="-83.956676"></trkpt>
      <trkpt lat="34.625156" lon="-83.95672"></trkpt>
      <trkpt lat="34.625078" lon="-83.956749"></trkpt>
      <trkpt lat="34.625007" lon="-83.956772"></trkpt>
      <trkpt lat="34.624966" lon="-83.95679"></trkpt>
      <trkpt lat="34.624922" lon="-83.956815"></trkpt>
      <trkpt lat="34.624874" lon="-83.956851"></trkpt>
      <trkpt lat="34.624847" lon="-83.956882"></trkpt>
      <trkpt lat="34.624823" lon="-83.956909"></trkpt>
      <trkpt lat="34.624791" lon="-83.956958"></trkpt>
      <trkpt lat="34.624765" lon="-83.957028"></trkpt>
      <trkpt lat="34.624749" lon="-83.957114"></trkpt>
      <trkpt lat="34.624741" lon="-83.957201"></trkpt>
      <trkpt lat="34.624734" lon="-83.95731"></trkpt>
      <trkpt lat="34.624722" lon="-83.95739"></trkpt>
      <trkpt lat="34.624713" lon="-83.957435"></trkpt>
      <trkpt lat="34.624698" lon="-83.957478"></trkpt>
      <trkpt lat="34.624678" lon="-83.957517"></trkpt>
      <trkpt lat="34.62465" lon="-83.957558"></trkpt>
      <trkpt lat="34.624605" lon="-83.957602"></trkpt>
      <trkpt lat="34.624565" lon="-83.957634"></trkpt>
      <trkpt lat="34.624509" lon="-83.957666"></trkpt>
      <trkpt lat="34.624452" lon="-83.957697"></trkpt>
      <trkpt lat="34.624387" lon="-83.957729"></trkpt>
      <trkpt lat="34.624312" lon="-83.957771"></trkpt>
      <trkpt lat="34.62424" lon="-83.957824"></trkpt>
      <trkpt lat="34.624166" lon="-83.957902"></trkpt>
      <trkpt lat="34.624073" lon="-83.958057"></trkpt>
      <trkpt lat="34.623992" lon="-83.958225"></trkpt>
      <trkpt lat="34.623912" lon="-83.958382"></trkpt>
      <trkpt lat="34.623866" lon="-83.958457"></trkpt>
      <trkpt lat="34.623823" lon="-83.958509"></trkpt>
      <trkpt lat="34.623782" lon="-83.958544"></trkpt>
      <trkpt lat="34.623735" lon="-83.958578"></trkpt>
      <trkpt lat="34.623676" lon="-83.958606"></trkpt>
      <trkpt lat="34.623609" lon="-83.958627"></trkpt>
      <trkpt lat="34.623529" lon="-83.958646"></trkpt>
      <trkpt lat="34.623379" lon="-83.95867"></trkpt>
      <trkpt lat="34.62317" lon="-83.958701"></trkpt>
      <trkpt lat="34.623006" lon="-83.958723"></trkpt>
      <trkpt lat="34.622878" lon="-83.958743"></trkpt>
      <trkpt lat="34.622717" lon="-83.958773"></trkpt>
      <trkpt lat="34.622612" lon="-83.9588"></trkpt>
      <trkpt lat="34.622534" lon="-83.958819"></trkpt>
      <trkpt lat="34.62245" lon="-83.958849"></trkpt>
      <trkpt lat="34.622364" lon="-83.958881"></trkpt>
      <trkpt lat="34.622218" lon="-83.958941"></trkpt>
      <trkpt lat="34.622067" lon="-83.959017"></trkpt>
      <trkpt lat="34.621931" lon="-83.959087"></trkpt>
      <trkpt lat="34.621804" lon="-83.95915"></trkpt>
      <trkpt lat="34.621717" lon="-83.959177"></trkpt>
      <trkpt lat="34.621613" lon="-83.959215"></trkpt>
      <trkpt lat="34.621537" lon="-83.959238"></trkpt>
      <trkpt lat="34.621339" lon="-83.959295"></trkpt>
      <trkpt lat="34.621278" lon="-83.959314"></trkpt>
      <trkpt lat="34.620991" lon="-83.959393"></trkpt>
      <trkpt lat="34.620582" lon="-83.959502"></trkpt>
      <trkpt lat="34.620234" lon="-83.959622"></trkpt>
      <trkpt lat="34.619965" lon="-83.959722"></trkpt>
      <trkpt lat="34.619523" lon="-83.959895"></trkpt>
      <trkpt lat="34.619077" lon="-83.960076"></trkpt>
      <trkpt lat="34.618747" lon="-83.960204"></trkpt>
      <trkpt lat="34.618459" lon="-83.960318"></trkpt>
      <trkpt lat="34.618253" lon="-83.960423"></trkpt>
      <trkpt lat="34.618105" lon="-83.960513"></trkpt>
      <trkpt lat="34.617984" lon="-83.9606"></trkpt>
      <trkpt lat="34.617889" lon="-83.960676"></trkpt>
      <trkpt lat="34.61781" lon="-83.96073"></trkpt>
      <trkpt lat="34.617728" lon="-83.960778"></trkpt>
      <trkpt lat="34.617634" lon="-83.96082"></trkpt>
      <trkpt lat="34.61749" lon="-83.960865"></trkpt>
      <trkpt lat="34.617344" lon="-83.9609"></trkpt>
      <trkpt lat="34.617039" lon="-83.960954"></trkpt>
      <trkpt lat="34.616533" lon="-83.961045"></trkpt>
      <trkpt lat="34.616351" lon="-83.96108"></trkpt>
      <trkpt lat="34.616265" lon="-83.961098"></trkpt>
      <trkpt lat="34.616196" lon="-83.961114"></trkpt>
      <trkpt lat="34.616086" lon="-83.96115"></trkpt>
      <trkpt lat="34.616017" lon="-83.961186"></trkpt>
      <trkpt lat="34.615958" lon="-83.961226"></trkpt>
      <trkpt lat="34.615907" lon="-83.96128"></trkpt>
      <trkpt lat="34.615855" lon="-83.961352"></trkpt>
      <trkpt lat="34.615818" lon="-83.961438"></trkpt>
      <trkpt lat="34.615791" lon="-83.961533"></trkpt>
      <trkpt lat="34.615776" lon="-83.961654"></trkpt>
      <trkpt lat="34.615767" lon="-83.961775"></trkpt>
      <trkpt lat="34.615757" lon="-83.961909"></trkpt>
      <trkpt lat="34.615747" lon="-83.962022"></trkpt>
      <trkpt lat="34.61573" lon="-83.962103"></trkpt>
      <trkpt lat="34.615713" lon="-83.962167"></trkpt>
      <trkpt lat="34.61569" lon="-83.962225"></trkpt>
      <trkpt lat="34.615662" lon="-83.962284"></trkpt>
      <trkpt lat="34.615615" lon="-83.962357"></trkpt>
      <trkpt lat="34.615541" lon="-83.962427"></trkpt>
      <trkpt lat="34.615467" lon="-83.962486"></trkpt>
      <trkpt lat="34.61536" lon="-83.962542"></trkpt>
      <trkpt lat="34.615221" lon="-83.962594"></trkpt>
      <trkpt lat="34.615093" lon="-83.962645"></trkpt>
      <trkpt lat="34.615" lon="-83.962688"></trkpt>
      <trkpt lat="34.614807" lon="-83.962761"></trkpt>
      <trkpt lat="34.614678" lon="-83.962819"></trkpt>
      <trkpt lat="34.614573" lon="-83.962864"></trkpt>
      <trkpt lat="34.614476" lon="-83.962926"></trkpt>
      <trkpt lat="34.614378" lon="-83.963"></trkpt>
      <trkpt lat="34.614332" lon="-83.963053"></trkpt>
      <trkpt lat="34.614284" lon="-83.963127"></trkpt>
      <trkpt lat="34.61424" lon="-83.963216"></trkpt>
      <trkpt lat="34.614179" lon="-83.963479"></trkpt>
      <trkpt lat="34.614103" lon="-83.96388"></trkpt>
      <trkpt lat="34.614079" lon="-83.963987"></trkpt>
      <trkpt lat="34.61406" lon="-83.964051"></trkpt>
      <trkpt lat="34.614042" lon="-83.964106"></trkpt>
      <trkpt lat="34.614019" lon="-83.964167"></trkpt>
      <trkpt lat="34.613994" lon="-83.964222"></trkpt>
      <trkpt lat="34.613967" lon="-83.964271"></trkpt>
      <trkpt lat="34.613936" lon="-83.964321"></trkpt>
      <trkpt lat="34.613899" lon="-83.964369"></trkpt>
      <trkpt lat="34.613862" lon="-83.964414"></trkpt>
      <trkpt lat="34.613823" lon="-83.964452"></trkpt>
      <trkpt lat="34.613777" lon="-83.964496"></trkpt>
      <trkpt lat="34.61372" lon="-83.964537"></trkpt>
      <trkpt lat="34.61367" lon="-83.964567"></trkpt>
      <trkpt lat="34.613623" lon="-83.964589"></trkpt>
      <trkpt lat="34.613589" lon="-83.964599"></trkpt>
      <trkpt lat="34.613555" lon="-83.964609"></trkpt>
      <trkpt lat="34.613494" lon="-83.964621"></trkpt>
      <trkpt lat="34.613436" lon="-83.964627"></trkpt>
      <trkpt lat="34.613357" lon="-83.964625"></trkpt>
      <trkpt lat="34.613254" lon="-83.964602"></trkpt>
      <trkpt lat="34.613137" lon="-83.964564"></trkpt>
      <trkpt lat="34.612767" lon="-83.964381"></trkpt>
      <trkpt lat="34.612202" lon="-83.964111"></trkpt>
      <trkpt lat="34.612046" lon="-83.964038"></trkpt>
      <trkpt lat="34.61201" lon="-83.96402"></trkpt>
      <trkpt lat="34.611869" lon="-83.963971"></trkpt>
      <trkpt lat="34.611797" lon="-83.963951"></trkpt>
      <trkpt lat="34.611703" lon="-83.963941"></trkpt>
      <trkpt lat="34.611635" lon="-83.963948"></trkpt>
      <trkpt lat="34.611568" lon="-83.963968"></trkpt>
      <trkpt lat="34.611519" lon="-83.963983"></trkpt>
      <trkpt lat="34.611452" lon="-83.964019"></trkpt>
      <trkpt lat="34.611376" lon="-83.96407"></trkpt>
      <trkpt lat="34.611297" lon="-83.964146"></trkpt>
      <trkpt lat="34.611224" lon="-83.964249"></trkpt>
      <trkpt lat="34.611157" lon="-83.964369"></trkpt>
      <trkpt lat="34.611088" lon="-83.964516"></trkpt>
      <trkpt lat="34.611025" lon="-83.964685"></trkpt>
      <trkpt lat="34.610913" lon="-83.965003"></trkpt>
      <trkpt lat="34.610799" lon="-83.965359"></trkpt>
      <trkpt lat="34.6107" lon="-83.965649"></trkpt>
      <trkpt lat="34.610665" lon="-83.965771"></trkpt>
      <trkpt lat="34.610643" lon="-83.965855"></trkpt>
      <trkpt lat="34.610628" lon="-83.965932"></trkpt>
      <trkpt lat="34.610622" lon="-83.966022"></trkpt>
      <trkpt lat="34.61063" lon="-83.966106"></trkpt>
      <trkpt lat="34.61065" lon="-83.966185"></trkpt>
      <trkpt lat="34.610682" lon="-83.966268"></trkpt>
      <trkpt lat="34.610715" lon="-83.966335"></trkpt>
      <trkpt lat="34.61077" lon="-83.966435"></trkpt>
      <trkpt lat="34.610841" lon="-83.966546"></trkpt>
      <trkpt lat="34.610887" lon="-83.966619"></trkpt>
      <trkpt lat="34.610928" lon="-83.966693"></trkpt>
      <trkpt lat="34.610969" lon="-83.966775"></trkpt>
      <trkpt lat="34.610997" lon="-83.966854"></trkpt>
      <trkpt lat="34.611021" lon="-83.96694"></trkpt>
      <trkpt lat="34.611034" lon="-83.967024"></trkpt>
      <trkpt lat="34.611043" lon="-83.967112"></trkpt>
      <trkpt lat="34.61105" lon="-83.967205"></trkpt>
      <trkpt lat="34.611051" lon="-83.967322"></trkpt>
      <trkpt lat="34.611046" lon="-83.967432"></trkpt>
      <trkpt lat="34.611033" lon="-83.967558"></trkpt>
      <trkpt lat="34.61101" lon="-83.967679"></trkpt>
      <trkpt lat="34.610979" lon="-83.967786"></trkpt>
      <trkpt lat="34.610939" lon="-83.967892"></trkpt>
      <trkpt lat="34.610893" lon="-83.968"></trkpt>
      <trkpt lat="34.610834" lon="-83.968112"></trkpt>
      <trkpt lat="34.610795" lon="-83.968185"></trkpt>
      <trkpt lat="34.610746" lon="-83.968264"></trkpt>
      <trkpt lat="34.610697" lon="-83.968345"></trkpt>
      <trkpt lat="34.610633" lon="-83.968432"></trkpt>
      <trkpt lat="34.610569" lon="-83.968501"></trkpt>
      <trkpt lat="34.610485" lon="-83.968581"></trkpt>
      <trkpt lat="34.610367" lon="-83.968686"></trkpt>
      <trkpt lat="34.610256" lon="-83.968784"></trkpt>
      <trkpt lat="34.610176" lon="-83.968856"></trkpt>
      <trkpt lat="34.610108" lon="-83.968927"></trkpt>
      <trkpt lat="34.610055" lon="-83.968998"></trkpt>
      <trkpt lat="34.610017" lon="-83.969063"></trkpt>
      <trkpt lat="34.609984" lon="-83.969135"></trkpt>
      <trkpt lat="34.609962" lon="-83.969207"></trkpt>
      <trkpt lat="34.609945" lon="-83.969272"></trkpt>
      <trkpt lat="34.609932" lon="-83.969357"></trkpt>
      <trkpt lat="34.609899" lon="-83.969919"></trkpt>
      <trkpt lat="34.609888" lon="-83.970008"></trkpt>
      <trkpt lat="34.609871" lon="-83.970095"></trkpt>
      <trkpt lat="34.609849" lon="-83.97017"></trkpt>
      <trkpt lat="34.609808" lon="-83.970282"></trkpt>
      <trkpt lat="34.609755" lon="-83.970386"></trkpt>
      <trkpt lat="34.60971" lon="-83.970463"></trkpt>
      <trkpt lat="34.609668" lon="-83.970522"></trkpt>
      <trkpt lat="34.609636" lon="-83.970556"></trkpt>
      <trkpt lat="34.609607" lon="-83.97059"></trkpt>
      <trkpt lat="34.609563" lon="-83.970636"></trkpt>
      <trkpt lat="34.609513" lon="-83.970679"></trkpt>
      <trkpt lat="34.609458" lon="-83.97072"></trkpt>
      <trkpt lat="34.609406" lon="-83.97075"></trkpt>
      <trkpt lat="34.609353" lon="-83.970767"></trkpt>
      <trkpt lat="34.609286" lon="-83.970784"></trkpt>
      <trkpt lat="34.609214" lon="-83.970784"></trkpt>
      <trkpt lat="34.60917" lon="-83.970773"></trkpt>
      <trkpt lat="34.609125" lon="-83.970761"></trkpt>
      <trkpt lat="34.609069" lon="-83.970734"></trkpt>
      <trkpt lat="34.609012" lon="-83.9707"></trkpt>
      <trkpt lat="34.608895" lon="-83.97064"></trkpt>
      <trkpt lat="34.608679" lon="-83.970471"></trkpt>
      <trkpt lat="34.608354" lon="-83.97022"></trkpt>
      <trkpt lat="34.608188" lon="-83.970101"></trkpt>
      <trkpt lat="34.608064" lon="-83.970021"></trkpt>
      <trkpt lat="34.607875" lon="-83.969894"></trkpt>
      <trkpt lat="34.607728" lon="-83.96981"></trkpt>
      <trkpt lat="34.607629" lon="-83.969759"></trkpt>
      <trkpt lat="34.607528" lon="-83.969706"></trkpt>
      <trkpt lat="34.607379" lon="-83.969652"></trkpt>
      <trkpt lat="34.607306" lon="-83.969633"></trkpt>
      <trkpt lat="34.607231" lon="-83.969615"></trkpt>
      <trkpt lat="34.607159" lon="-83.969605"></trkpt>
      <trkpt lat="34.607084" lon="-83.969601"></trkpt>
      <trkpt lat="34.607015" lon="-83.9696"></trkpt>
      <trkpt lat="34.606947" lon="-83.969608"></trkpt>
      <trkpt lat="34.606778" lon="-83.969623"></trkpt>
      <trkpt lat="34.606623" lon="-83.969656"></trkpt>
      <trkpt lat="34.606457" lon="-83.969704"></trkpt>
      <trkpt lat="34.606141" lon="-83.969791"></trkpt>
      <trkpt lat="34.606047" lon="-83.969816"></trkpt>
      <trkpt lat="34.605961" lon="-83.969828"></trkpt>
      <trkpt lat="34.605892" lon="-83.969827"></trkpt>
      <trkpt lat="34.605822" lon="-83.969812"></trkpt>
      <trkpt lat="34.605758" lon="-83.96978"></trkpt>
      <trkpt lat="34.605709" lon="-83.969748"></trkpt>
      <trkpt lat="34.605663" lon="-83.969713"></trkpt>
      <trkpt lat="34.605617" lon="-83.969673"></trkpt>
      <trkpt lat="34.605374" lon="-83.969394"></trkpt>
      <trkpt lat="34.605187" lon="-83.96917"></trkpt>
      <trkpt lat="34.605106" lon="-83.969076"></trkpt>
      <trkpt lat="34.605046" lon="-83.96901"></trkpt>
      <trkpt lat="34.60499" lon="-83.968957"></trkpt>
      <trkpt lat="34.604926" lon="-83.968904"></trkpt>
      <trkpt lat="34.604876" lon="-83.968874"></trkpt>
      <trkpt lat="34.604825" lon="-83.968852"></trkpt>
      <trkpt lat="34.604777" lon="-83.968838"></trkpt>
      <trkpt lat="34.604706" lon="-83.968829"></trkpt>
      <trkpt lat="34.604637" lon="-83.968832"></trkpt>
      <trkpt lat="34.60458" lon="-83.968843"></trkpt>
      <trkpt lat="34.604522" lon="-83.968861"></trkpt>
      <trkpt lat="34.604458" lon="-83.968898"></trkpt>
      <trkpt lat="34.604351" lon="-83.968978"></trkpt>
      <trkpt lat="34.604209" lon="-83.969072"></trkpt>
      <trkpt lat="34.604076" lon="-83.969161"></trkpt>
      <trkpt lat="34.603934" lon="-83.969239"></trkpt>
      <trkpt lat="34.603754" lon="-83.969333"></trkpt>
      <trkpt lat="34.603607" lon="-83.969417"></trkpt>
      <trkpt lat="34.603533" lon="-83.969462"></trkpt>
      <trkpt lat="34.603466" lon="-83.969511"></trkpt>
      <trkpt lat="34.603423" lon="-83.969552"></trkpt>
      <trkpt lat="34.603381" lon="-83.9696"></trkpt>
      <trkpt lat="34.603293" lon="-83.969726"></trkpt>
      <trkpt lat="34.603208" lon="-83.969829"></trkpt>
      <trkpt lat="34.603142" lon="-83.969893"></trkpt>
      <trkpt lat="34.603075" lon="-83.969944"></trkpt>
      <trkpt lat="34.602991" lon="-83.969972"></trkpt>
      <trkpt lat="34.602911" lon="-83.96998"></trkpt>
      <trkpt lat="34.602831" lon="-83.969968"></trkpt>
      <trkpt lat="34.602757" lon="-83.969952"></trkpt>
      <trkpt lat="34.602676" lon="-83.969928"></trkpt>
      <trkpt lat="34.602478" lon="-83.969858"></trkpt>
      <trkpt lat="34.602228" lon="-83.969792"></trkpt>
      <trkpt lat="34.602121" lon="-83.969776"></trkpt>
      <trkpt lat="34.602035" lon="-83.969764"></trkpt>
      <trkpt lat="34.601942" lon="-83.969765"></trkpt>
      <trkpt lat="34.601878" lon="-83.969773"></trkpt>
      <trkpt lat="34.601824" lon="-83.969791"></trkpt>
      <trkpt lat="34.601695" lon="-83.969835"></trkpt>
      <trkpt lat="34.601481" lon="-83.96992"></trkpt>
      <trkpt lat="34.601392" lon="-83.969974"></trkpt>
      <trkpt lat="34.601301" lon="-83.97002"></trkpt>
      <trkpt lat="34.601175" lon="-83.970072"></trkpt>
      <trkpt lat="34.601046" lon="-83.97011"></trkpt>
      <trkpt lat="34.600958" lon="-83.970123"></trkpt>
      <trkpt lat="34.600869" lon="-83.970125"></trkpt>
      <trkpt lat="34.600778" lon="-83.970117"></trkpt>
      <trkpt lat="34.600686" lon="-83.970101"></trkpt>
      <trkpt lat="34.600612" lon="-83.970078"></trkpt>
      <trkpt lat="34.600573" lon="-83.970066"></trkpt>
      <trkpt lat="34.600417" lon="-83.970007"></trkpt>
      <trkpt lat="34.600266" lon="-83.969934"></trkpt>
      <trkpt lat="34.599968" lon="-83.969773"></trkpt>
      <trkpt lat="34.599893" lon="-83.969742"></trkpt>
      <trkpt lat="34.59984" lon="-83.969731"></trkpt>
      <trkpt lat="34.599785" lon="-83.969727"></trkpt>
      <trkpt lat="34.599728" lon="-83.96973"></trkpt>
      <trkpt lat="34.599672" lon="-83.969738"></trkpt>
      <trkpt lat="34.599506" lon="-83.969791"></trkpt>
      <trkpt lat="34.599325" lon="-83.969865"></trkpt>
      <trkpt lat="34.599089" lon="-83.969975"></trkpt>
      <trkpt lat="34.598955" lon="-83.97003"></trkpt>
      <trkpt lat="34.598825" lon="-83.970079"></trkpt>
      <trkpt lat="34.598587" lon="-83.970151"></trkpt>
      <trkpt lat="34.598474" lon="-83.97019"></trkpt>
      <trkpt lat="34.598024" lon="-83.970351"></trkpt>
      <trkpt lat="34.597859" lon="-83.970408"></trkpt>
      <trkpt lat="34.597814" lon="-83.970423"></trkpt>
      <trkpt lat="34.597435" lon="-83.970547"></trkpt>
      <trkpt lat="34.59718" lon="-83.97063"></trkpt>
      <trkpt lat="34.596986" lon="-83.970684"></trkpt>
      <trkpt lat="34.596872" lon="-83.970714"></trkpt>
      <trkpt lat="34.596764" lon="-83.970738"></trkpt>
      <trkpt lat="34.596679" lon="-83.97075"></trkpt>
      <trkpt lat="34.596596" lon="-83.970756"></trkpt>
      <trkpt lat="34.596491" lon="-83.970749"></trkpt>
      <trkpt lat="34.596384" lon="-83.970733"></trkpt>
      <trkpt lat="34.596306" lon="-83.970718"></trkpt>
      <trkpt lat="34.596224" lon="-83.970692"></trkpt>
      <trkpt lat="34.596143" lon="-83.970662"></trkpt>
      <trkpt lat="34.596056" lon="-83.970627"></trkpt>
      <trkpt lat="34.595987" lon="-83.970591"></trkpt>
      <trkpt lat="34.595832" lon="-83.970504"></trkpt>
      <trkpt lat="34.59553" lon="-83.97031"></trkpt>
      <trkpt lat="34.59525" lon="-83.970126"></trkpt>
      <trkpt lat="34.595159" lon="-83.970057"></trkpt>
      <trkpt lat="34.595025" lon="-83.969968"></trkpt>
      <trkpt lat="34.595" lon="-83.969952"></trkpt>
      <trkpt lat="34.594864" lon="-83.969862"></trkpt>
      <trkpt lat="34.594553" lon="-83.969654"></trkpt>
      <trkpt lat="34.594427" lon="-83.969576"></trkpt>
      <trkpt lat="34.594297" lon="-83.969506"></trkpt>
      <trkpt lat="34.594034" lon="-83.969374"></trkpt>
      <trkpt lat="34.593827" lon="-83.969282"></trkpt>
      <trkpt lat="34.593616" lon="-83.969185"></trkpt>
      <trkpt lat="34.59353" lon="-83.969147"></trkpt>
      <trkpt lat="34.593436" lon="-83.969109"></trkpt>
      <trkpt lat="34.593387" lon="-83.969091"></trkpt>
      <trkpt lat="34.593336" lon="-83.969075"></trkpt>
      <trkpt lat="34.593288" lon="-83.969064"></trkpt>
      <trkpt lat="34.593236" lon="-83.969054"></trkpt>
      <trkpt lat="34.593172" lon="-83.969046"></trkpt>
      <trkpt lat="34.593112" lon="-83.969043"></trkpt>
      <trkpt lat="34.59305" lon="-83.969043"></trkpt>
      <trkpt lat="34.592919" lon="-83.969055"></trkpt>
      <trkpt lat="34.59279" lon="-83.969081"></trkpt>
      <trkpt lat="34.592467" lon="-83.969174"></trkpt>
      <trkpt lat="34.592164" lon="-83.969271"></trkpt>
      <trkpt lat="34.591855" lon="-83.969351"></trkpt>
      <trkpt lat="34.591756" lon="-83.969384"></trkpt>
      <trkpt lat="34.591653" lon="-83.969423"></trkpt>
      <trkpt lat="34.591551" lon="-83.969465"></trkpt>
      <trkpt lat="34.591449" lon="-83.969513"></trkpt>
      <trkpt lat="34.591257" lon="-83.969617"></trkpt>
      <trkpt lat="34.591064" lon="-83.969735"></trkpt>
      <trkpt lat="34.590931" lon="-83.969823"></trkpt>
      <trkpt lat="34.590747" lon="-83.969958"></trkpt>
      <trkpt lat="34.590654" lon="-83.970061"></trkpt>
      <trkpt lat="34.590615" lon="-83.970091"></trkpt>
      <trkpt lat="34.590573" lon="-83.97016"></trkpt>
      <trkpt lat="34.590526" lon="-83.970242"></trkpt>
      <trkpt lat="34.590474" lon="-83.970353"></trkpt>
      <trkpt lat="34.590436" lon="-83.970456"></trkpt>
      <trkpt lat="34.590397" lon="-83.970551"></trkpt>
      <trkpt lat="34.590361" lon="-83.970624"></trkpt>
      <trkpt lat="34.590322" lon="-83.970687"></trkpt>
      <trkpt lat="34.590284" lon="-83.970734"></trkpt>
      <trkpt lat="34.590243" lon="-83.970783"></trkpt>
      <trkpt lat="34.590202" lon="-83.970819"></trkpt>
      <trkpt lat="34.590161" lon="-83.97085"></trkpt>
      <trkpt lat="34.590102" lon="-83.97089"></trkpt>
      <trkpt lat="34.590046" lon="-83.970914"></trkpt>
      <trkpt lat="34.589989" lon="-83.970927"></trkpt>
      <trkpt lat="34.589934" lon="-83.970932"></trkpt>
      <trkpt lat="34.58989" lon="-83.970931"></trkpt>
      <trkpt lat="34.589845" lon="-83.97093"></trkpt>
      <trkpt lat="34.589792" lon="-83.970919"></trkpt>
      <trkpt lat="34.589738" lon="-83.970901"></trkpt>
      <trkpt lat="34.589685" lon="-83.970875"></trkpt>
      <trkpt lat="34.58959" lon="-83.970812"></trkpt>
      <trkpt lat="34.58951" lon="-83.970746"></trkpt>
      <trkpt lat="34.589432" lon="-83.970673"></trkpt>
      <trkpt lat="34.589375" lon="-83.970619"></trkpt>
      <trkpt lat="34.589318" lon="-83.970571"></trkpt>
      <trkpt lat="34.589249" lon="-83.970524"></trkpt>
      <trkpt lat="34.58918" lon="-83.97049"></trkpt>
      <trkpt lat="34.589109" lon="-83.970469"></trkpt>
      <trkpt lat="34.589037" lon="-83.970458"></trkpt>
      <trkpt lat="34.588967" lon="-83.970456"></trkpt>
      <trkpt lat="34.588894" lon="-83.970463"></trkpt>
      <trkpt lat="34.588717" lon="-83.970488"></trkpt>
      <trkpt lat="34.58863" lon="-83.970503"></trkpt>
      <trkpt lat="34.588375" lon="-83.970553"></trkpt>
      <trkpt lat="34.58804" lon="-83.970622"></trkpt>
      <trkpt lat="34.587429" lon="-83.970736"></trkpt>
      <trkpt lat="34.5872" lon="-83.970763"></trkpt>
      <trkpt lat="34.586969" lon="-83.970764"></trkpt>
      <trkpt lat="34.586896" lon="-83.970748"></trkpt>
      <trkpt lat="34.586823" lon="-83.970721"></trkpt>
      <trkpt lat="34.58675" lon="-83.97068"></trkpt>
      <trkpt lat="34.586684" lon="-83.970633"></trkpt>
      <trkpt lat="34.586552" lon="-83.970508"></trkpt>
      <trkpt lat="34.586463" lon="-83.970426"></trkpt>
      <trkpt lat="34.58637" lon="-83.970344"></trkpt>
      <trkpt lat="34.586279" lon="-83.970278"></trkpt>
      <trkpt lat="34.586204" lon="-83.970233"></trkpt>
      <trkpt lat="34.586179" lon="-83.970218"></trkpt>
      <trkpt lat="34.585996" lon="-83.970145"></trkpt>
      <trkpt lat="34.585812" lon="-83.970083"></trkpt>
      <trkpt lat="34.585438" lon="-83.969974"></trkpt>
      <trkpt lat="34.585302" lon="-83.969932"></trkpt>
      <trkpt lat="34.585051" lon="-83.969854"></trkpt>
      <trkpt lat="34.584959" lon="-83.969825"></trkpt>
      <trkpt lat="34.584581" lon="-83.969707"></trkpt>
      <trkpt lat="34.584188" lon="-83.969583"></trkpt>
      <trkpt lat="34.584161" lon="-83.969574"></trkpt>
      <trkpt lat="34.584058" lon="-83.969541"></trkpt>
      <trkpt lat="34.583931" lon="-83.969491"></trkpt>
      <trkpt lat="34.583744" lon="-83.9694"></trkpt>
      <trkpt lat="34.583571" lon="-83.969303"></trkpt>
      <trkpt lat="34.583356" lon="-83.969179"></trkpt>
      <trkpt lat="34.583121" lon="-83.969049"></trkpt>
      <trkpt lat="34.583046" lon="-83.969017"></trkpt>
      <trkpt lat="34.582972" lon="-83.968994"></trkpt>
      <trkpt lat="34.582877" lon="-83.968976"></trkpt>
      <trkpt lat="34.582766" lon="-83.968971"></trkpt>
      <trkpt lat="34.582648" lon="-83.968987"></trkpt>
      <trkpt lat="34.582502" lon="-83.969034"></trkpt>
      <trkpt lat="34.582416" lon="-83.969077"></trkpt>
      <trkpt lat="34.58234" lon="-83.969134"></trkpt>
      <trkpt lat="34.58227" lon="-83.969194"></trkpt>
      <trkpt lat="34.582202" lon="-83.969261"></trkpt>
      <trkpt lat="34.582142" lon="-83.969333"></trkpt>
      <trkpt lat="34.582083" lon="-83.969415"></trkpt>
      <trkpt lat="34.582048" lon="-83.969476"></trkpt>
      <trkpt lat="34.582014" lon="-83.969541"></trkpt>
      <trkpt lat="34.581985" lon="-83.969608"></trkpt>
      <trkpt lat="34.581959" lon="-83.969674"></trkpt>
      <trkpt lat="34.581867" lon="-83.969968"></trkpt>
      <trkpt lat="34.581814" lon="-83.970131"></trkpt>
      <trkpt lat="34.581758" lon="-83.970283"></trkpt>
      <trkpt lat="34.581711" lon="-83.970393"></trkpt>
      <trkpt lat="34.581683" lon="-83.970445"></trkpt>
      <trkpt lat="34.581652" lon="-83.970491"></trkpt>
      <trkpt lat="34.581619" lon="-83.97053"></trkpt>
      <trkpt lat="34.581584" lon="-83.970562"></trkpt>
      <trkpt lat="34.58154" lon="-83.970595"></trkpt>
      <trkpt lat="34.581491" lon="-83.970621"></trkpt>
      <trkpt lat="34.581438" lon="-83.970641"></trkpt>
      <trkpt lat="34.581386" lon="-83.970655"></trkpt>
      <trkpt lat="34.581321" lon="-83.97067"></trkpt>
      <trkpt lat="34.581255" lon="-83.97067"></trkpt>
      <trkpt lat="34.581188" lon="-83.970665"></trkpt>
      <trkpt lat="34.581122" lon="-83.970656"></trkpt>
      <trkpt lat="34.581039" lon="-83.97064"></trkpt>
      <trkpt lat="34.580957" lon="-83.970619"></trkpt>
      <trkpt lat="34.580689" lon="-83.970551"></trkpt>
      <trkpt lat="34.580601" lon="-83.970526"></trkpt>
      <trkpt lat="34.580572" lon="-83.970518"></trkpt>
      <trkpt lat="34.580427" lon="-83.970477"></trkpt>
      <trkpt lat="34.580349" lon="-83.970449"></trkpt>
      <trkpt lat="34.580271" lon="-83.970419"></trkpt>
      <trkpt lat="34.580165" lon="-83.970376"></trkpt>
      <trkpt lat="34.580059" lon="-83.970322"></trkpt>
      <trkpt lat="34.579919" lon="-83.970227"></trkpt>
      <trkpt lat="34.579777" lon="-83.970123"></trkpt>
      <trkpt lat="34.579646" lon="-83.970015"></trkpt>
      <trkpt lat="34.579582" lon="-83.969958"></trkpt>
      <trkpt lat="34.579373" lon="-83.969768"></trkpt>
      <trkpt lat="34.57931" lon="-83.969711"></trkpt>
      <trkpt lat="34.579211" lon="-83.969621"></trkpt>
      <trkpt lat="34.579138" lon="-83.969554"></trkpt>
      <trkpt lat="34.578905" lon="-83.969332"></trkpt>
      <trkpt lat="34.578642" lon="-83.969081"></trkpt>
      <trkpt lat="34.578442" lon="-83.968889"></trkpt>
      <trkpt lat="34.578378" lon="-83.968827"></trkpt>
      <trkpt lat="34.578327" lon="-83.968783"></trkpt>
      <trkpt lat="34.578277" lon="-83.968742"></trkpt>
      <trkpt lat="34.578221" lon="-83.968696"></trkpt>
      <trkpt lat="34.578165" lon="-83.968653"></trkpt>
      <trkpt lat="34.578047" lon="-83.968572"></trkpt>
      <trkpt lat="34.577962" lon="-83.968525"></trkpt>
      <trkpt lat="34.577876" lon="-83.968484"></trkpt>
      <trkpt lat="34.57774" lon="-83.968432"></trkpt>
      <trkpt lat="34.577605" lon="-83.968386"></trkpt>
      <trkpt lat="34.577382" lon="-83.968316"></trkpt>
      <trkpt lat="34.577154" lon="-83.968249"></trkpt>
      <trkpt lat="34.576675" lon="-83.96812"></trkpt>
      <trkpt lat="34.576277" lon="-83.967992"></trkpt>
      <trkpt lat="34.576019" lon="-83.967916"></trkpt>
      <trkpt lat="34.575602" lon="-83.967801"></trkpt>
      <trkpt lat="34.57528" lon="-83.967708"></trkpt>
      <trkpt lat="34.57509" lon="-83.967649"></trkpt>
      <trkpt lat="34.574821" lon="-83.967565"></trkpt>
      <trkpt lat="34.574482" lon="-83.967464"></trkpt>
      <trkpt lat="34.57428" lon="-83.967407"></trkpt>
      <trkpt lat="34.574213" lon="-83.967391"></trkpt>
      <trkpt lat="34.574131" lon="-83.967377"></trkpt>
      <trkpt lat="34.574049" lon="-83.967365"></trkpt>
      <trkpt lat="34.573943" lon="-83.967354"></trkpt>
      <trkpt lat="34.573821" lon="-83.967351"></trkpt>
      <trkpt lat="34.573728" lon="-83.967355"></trkpt>
      <trkpt lat="34.573631" lon="-83.967366"></trkpt>
      <trkpt lat="34.573514" lon="-83.967385"></trkpt>
      <trkpt lat="34.573397" lon="-83.967409"></trkpt>
      <trkpt lat="34.573069" lon="-83.967484"></trkpt>
      <trkpt lat="34.572917" lon="-83.967519"></trkpt>
      <trkpt lat="34.572844" lon="-83.967537"></trkpt>
      <trkpt lat="34.572678" lon="-83.967576"></trkpt>
      <trkpt lat="34.572046" lon="-83.967726"></trkpt>
      <trkpt lat="34.571944" lon="-83.967755"></trkpt>
      <trkpt lat="34.571261" lon="-83.967949"></trkpt>
      <trkpt lat="34.570976" lon="-83.96801"></trkpt>
      <trkpt lat="34.57079" lon="-83.968049"></trkpt>
      <trkpt lat="34.570294" lon="-83.968166"></trkpt>
      <trkpt lat="34.570103" lon="-83.96821"></trkpt>
      <trkpt lat="34.569438" lon="-83.968361"></trkpt>
      <trkpt lat="34.569316" lon="-83.968389"></trkpt>
      <trkpt lat="34.569149" lon="-83.968428"></trkpt>
      <trkpt lat="34.568981" lon="-83.968459"></trkpt>
      <trkpt lat="34.568869" lon="-83.968474"></trkpt>
      <trkpt lat="34.568757" lon="-83.968484"></trkpt>
      <trkpt lat="34.56864" lon="-83.968487"></trkpt>
      <trkpt lat="34.568531" lon="-83.968479"></trkpt>
      <trkpt lat="34.568422" lon="-83.968466"></trkpt>
      <trkpt lat="34.568307" lon="-83.968444"></trkpt>
      <trkpt lat="34.568234" lon="-83.968427"></trkpt>
      <trkpt lat="34.568153" lon="-83.968404"></trkpt>
      <trkpt lat="34.568075" lon="-83.968371"></trkpt>
      <trkpt lat="34.568047" lon="-83.968358"></trkpt>
      <trkpt lat="34.567986" lon="-83.968329"></trkpt>
      <trkpt lat="34.567939" lon="-83.968303"></trkpt>
      <trkpt lat="34.567887" lon="-83.968272"></trkpt>
      <trkpt lat="34.567819" lon="-83.968226"></trkpt>
      <trkpt lat="34.567752" lon="-83.968174"></trkpt>
      <trkpt lat="34.567669" lon="-83.968111"></trkpt>
      <trkpt lat="34.567545" lon="-83.968002"></trkpt>
      <trkpt lat="34.567274" lon="-83.967755"></trkpt>
      <trkpt lat="34.566907" lon="-83.967405"></trkpt>
      <trkpt lat="34.566669" lon="-83.967171"></trkpt>
      <trkpt lat="34.566596" lon="-83.967099"></trkpt>
      <trkpt lat="34.566347" lon="-83.966861"></trkpt>
      <trkpt lat="34.56621" lon="-83.966729"></trkpt>
      <trkpt lat="34.566086" lon="-83.966653"></trkpt>
      <trkpt lat="34.565998" lon="-83.966582"></trkpt>
      <trkpt lat="34.56591" lon="-83.966515"></trkpt>
      <trkpt lat="34.565808" lon="-83.966441"></trkpt>
      <trkpt lat="34.565694" lon="-83.966373"></trkpt>
      <trkpt lat="34.565581" lon="-83.966314"></trkpt>
      <trkpt lat="34.565468" lon="-83.966263"></trkpt>
      <trkpt lat="34.56533" lon="-83.966211"></trkpt>
      <trkpt lat="34.56521" lon="-83.966173"></trkpt>
      <trkpt lat="34.565083" lon="-83.96614"></trkpt>
      <trkpt lat="34.565001" lon="-83.966121"></trkpt>
      <trkpt lat="34.564883" lon="-83.966104"></trkpt>
      <trkpt lat="34.564762" lon="-83.9661"></trkpt>
      <trkpt lat="34.564644" lon="-83.966099"></trkpt>
      <trkpt lat="34.564538" lon="-83.966101"></trkpt>
      <trkpt lat="34.564444" lon="-83.966104"></trkpt>
      <trkpt lat="34.564353" lon="-83.966088"></trkpt>
      <trkpt lat="34.563947" lon="-83.966114"></trkpt>
      <trkpt lat="34.563706" lon="-83.96613"></trkpt>
      <trkpt lat="34.563297" lon="-83.966159"></trkpt>
      <trkpt lat="34.563179" lon="-83.96617"></trkpt>
      <trkpt lat="34.563059" lon="-83.966186"></trkpt>
      <trkpt lat="34.562942" lon="-83.966209"></trkpt>
      <trkpt lat="34.562841" lon="-83.96623"></trkpt>
      <trkpt lat="34.562741" lon="-83.966257"></trkpt>
      <trkpt lat="34.562631" lon="-83.966289"></trkpt>
      <trkpt lat="34.562557" lon="-83.966315"></trkpt>
      <trkpt lat="34.562379" lon="-83.966375"></trkpt>
      <trkpt lat="34.562136" lon="-83.966458"></trkpt>
      <trkpt lat="34.561929" lon="-83.966535"></trkpt>
      <trkpt lat="34.561816" lon="-83.966578"></trkpt>
      <trkpt lat="34.56166" lon="-83.966641"></trkpt>
      <trkpt lat="34.561644" lon="-83.966648"></trkpt>
      <trkpt lat="34.561477" lon="-83.966715"></trkpt>
      <trkpt lat="34.561097" lon="-83.966868"></trkpt>
      <trkpt lat="34.560827" lon="-83.966973"></trkpt>
      <trkpt lat="34.560723" lon="-83.967013"></trkpt>
      <trkpt lat="34.560604" lon="-83.967055"></trkpt>
      <trkpt lat="34.560484" lon="-83.967088"></trkpt>
      <trkpt lat="34.560363" lon="-83.967111"></trkpt>
      <trkpt lat="34.560239" lon="-83.96713"></trkpt>
      <trkpt lat="34.560118" lon="-83.967143"></trkpt>
      <trkpt lat="34.559989" lon="-83.96715"></trkpt>
      <trkpt lat="34.559529" lon="-83.96715"></trkpt>
      <trkpt lat="34.559301" lon="-83.967149"></trkpt>
      <trkpt lat="34.558528" lon="-83.967142"></trkpt>
      <trkpt lat="34.558166" lon="-83.967142"></trkpt>
      <trkpt lat="34.558004" lon="-83.967143"></trkpt>
      <trkpt lat="34.55767" lon="-83.96715"></trkpt>
      <trkpt lat="34.557554" lon="-83.967161"></trkpt>
      <trkpt lat="34.557459" lon="-83.967176"></trkpt>
      <trkpt lat="34.557363" lon="-83.967196"></trkpt>
      <trkpt lat="34.557243" lon="-83.967228"></trkpt>
      <trkpt lat="34.557122" lon="-83.967271"></trkpt>
      <trkpt lat="34.556856" lon="-83.967383"></trkpt>
      <trkpt lat="34.55659" lon="-83.967506"></trkpt>
      <trkpt lat="34.556181" lon="-83.967698"></trkpt>
      <trkpt lat="34.555941" lon="-83.967806"></trkpt>
      <trkpt lat="34.5557" lon="-83.96791"></trkpt>
      <trkpt lat="34.555591" lon="-83.967955"></trkpt>
      <trkpt lat="34.555255" lon="-83.968091"></trkpt>
      <trkpt lat="34.555132" lon="-83.96814"></trkpt>
      <trkpt lat="34.554942" lon="-83.968207"></trkpt>
      <trkpt lat="34.55471" lon="-83.9683"></trkpt>
      <trkpt lat="34.554437" lon="-83.968399"></trkpt>
      <trkpt lat="34.553893" lon="-83.968589"></trkpt>
      <trkpt lat="34.553595" lon="-83.968693"></trkpt>
      <trkpt lat="34.553489" lon="-83.968732"></trkpt>
      <trkpt lat="34.552989" lon="-83.968917"></trkpt>
      <trkpt lat="34.552707" lon="-83.969025"></trkpt>
      <trkpt lat="34.552425" lon="-83.969149"></trkpt>
      <trkpt lat="34.55226" lon="-83.969236"></trkpt>
      <trkpt lat="34.552101" lon="-83.969328"></trkpt>
      <trkpt lat="34.551959" lon="-83.969414"></trkpt>
      <trkpt lat="34.551865" lon="-83.969485"></trkpt>
      <trkpt lat="34.551772" lon="-83.969561"></trkpt>
      <trkpt lat="34.551629" lon="-83.969679"></trkpt>
      <trkpt lat="34.55152" lon="-83.969769"></trkpt>
      <trkpt lat="34.5511" lon="-83.970154"></trkpt>
      <trkpt lat="34.550743" lon="-83.970483"></trkpt>
      <trkpt lat="34.550329" lon="-83.970863"></trkpt>
      <trkpt lat="34.550066" lon="-83.971105"></trkpt>
      <trkpt lat="34.549466" lon="-83.971657"></trkpt>
      <trkpt lat="34.549404" lon="-83.971714"></trkpt>
      <trkpt lat="34.548897" lon="-83.972161"></trkpt>
      <trkpt lat="34.548793" lon="-83.972255"></trkpt>
      <trkpt lat="34.548694" lon="-83.972335"></trkpt>
      <trkpt lat="34.548594" lon="-83.972409"></trkpt>
      <trkpt lat="34.548443" lon="-83.972508"></trkpt>
      <trkpt lat="34.548293" lon="-83.972595"></trkpt>
      <trkpt lat="34.548218" lon="-83.972635"></trkpt>
      <trkpt lat="34.548062" lon="-83.972706"></trkpt>
      <trkpt lat="34.547922" lon="-83.972764"></trkpt>
      <trkpt lat="34.54783" lon="-83.972797"></trkpt>
      <trkpt lat="34.54768" lon="-83.972842"></trkpt>
      <trkpt lat="34.547573" lon="-83.972869"></trkpt>
      <trkpt lat="34.547464" lon="-83.972889"></trkpt>
      <trkpt lat="34.54735" lon="-83.972903"></trkpt>
      <trkpt lat="34.547238" lon="-83.972915"></trkpt>
      <trkpt lat="34.547139" lon="-83.972921"></trkpt>
      <trkpt lat="34.547042" lon="-83.972922"></trkpt>
      <trkpt lat="34.546869" lon="-83.972918"></trkpt>
      <trkpt lat="34.546676" lon="-83.972901"></trkpt>
      <trkpt lat="34.546565" lon="-83.972884"></trkpt>
      <trkpt lat="34.546448" lon="-83.972861"></trkpt>
      <trkpt lat="34.546299" lon="-83.972828"></trkpt>
      <trkpt lat="34.546209" lon="-83.972803"></trkpt>
      <trkpt lat="34.546115" lon="-83.97277"></trkpt>
      <trkpt lat="34.546024" lon="-83.972737"></trkpt>
      <trkpt lat="34.545931" lon="-83.972699"></trkpt>
      <trkpt lat="34.545625" lon="-83.972558"></trkpt>
      <trkpt lat="34.544905" lon="-83.972222"></trkpt>
      <trkpt lat="34.544699" lon="-83.972135"></trkpt>
      <trkpt lat="34.544575" lon="-83.972092"></trkpt>
      <trkpt lat="34.544449" lon="-83.972056"></trkpt>
      <trkpt lat="34.544353" lon="-83.972035"></trkpt>
      <trkpt lat="34.544258" lon="-83.972017"></trkpt>
      <trkpt lat="34.54414" lon="-83.972001"></trkpt>
      <trkpt lat="34.544116" lon="-83.972"></trkpt>
      <trkpt lat="34.544011" lon="-83.971992"></trkpt>
      <trkpt lat="34.543891" lon="-83.971989"></trkpt>
      <trkpt lat="34.543768" lon="-83.971994"></trkpt>
      <trkpt lat="34.543641" lon="-83.972005"></trkpt>
      <trkpt lat="34.543508" lon="-83.972025"></trkpt>
      <trkpt lat="34.543301" lon="-83.972071"></trkpt>
      <trkpt lat="34.543119" lon="-83.972131"></trkpt>
      <trkpt lat="34.54293" lon="-83.972212"></trkpt>
      <trkpt lat="34.542764" lon="-83.972303"></trkpt>
      <trkpt lat="34.542668" lon="-83.972366"></trkpt>
      <trkpt lat="34.54255" lon="-83.972445"></trkpt>
      <trkpt lat="34.542428" lon="-83.972541"></trkpt>
      <trkpt lat="34.542293" lon="-83.972662"></trkpt>
      <trkpt lat="34.542156" lon="-83.972801"></trkpt>
      <trkpt lat="34.541941" lon="-83.973024"></trkpt>
      <trkpt lat="34.54169" lon="-83.973286"></trkpt>
      <trkpt lat="34.541466" lon="-83.973524"></trkpt>
      <trkpt lat="34.541179" lon="-83.973817"></trkpt>
      <trkpt lat="34.541019" lon="-83.973982"></trkpt>
      <trkpt lat="34.540774" lon="-83.974226"></trkpt>
      <trkpt lat="34.540589" lon="-83.974385"></trkpt>
      <trkpt lat="34.540212" lon="-83.974682"></trkpt>
      <trkpt lat="34.540183" lon="-83.974699"></trkpt>
      <trkpt lat="34.539914" lon="-83.974888"></trkpt>
      <trkpt lat="34.539714" lon="-83.975019"></trkpt>
      <trkpt lat="34.539514" lon="-83.975142"></trkpt>
      <trkpt lat="34.539243" lon="-83.975294"></trkpt>
      <trkpt lat="34.538963" lon="-83.975439"></trkpt>
      <trkpt lat="34.538773" lon="-83.975526"></trkpt>
      <trkpt lat="34.538656" lon="-83.975577"></trkpt>
      <trkpt lat="34.538485" lon="-83.97565"></trkpt>
      <trkpt lat="34.538194" lon="-83.975762"></trkpt>
      <trkpt lat="34.538123" lon="-83.975786"></trkpt>
      <trkpt lat="34.537933" lon="-83.97585"></trkpt>
      <trkpt lat="34.537822" lon="-83.975879"></trkpt>
      <trkpt lat="34.537703" lon="-83.975905"></trkpt>
      <trkpt lat="34.53758" lon="-83.975926"></trkpt>
      <trkpt lat="34.537374" lon="-83.975957"></trkpt>
      <trkpt lat="34.537255" lon="-83.975961"></trkpt>
      <trkpt lat="34.537085" lon="-83.975952"></trkpt>
      <trkpt lat="34.537133" lon="-83.975742"></trkpt>
      <trkpt lat="34.537149" lon="-83.975688"></trkpt>
      <trkpt lat="34.537169" lon="-83.975642"></trkpt>
      <trkpt lat="34.537199" lon="-83.975598"></trkpt>
      <trkpt lat="34.537236" lon="-83.975567"></trkpt>
      <trkpt lat="34.537269" lon="-83.975546"></trkpt>
      <trkpt lat="34.537368" lon="-83.975506"></trkpt>
      <trkpt lat="34.537523" lon="-83.975455"></trkpt>
      <trkpt lat="34.537651" lon="-83.975418"></trkpt>
      <trkpt lat="34.537817" lon="-83.975369"></trkpt>
      <trkpt lat="34.537816" lon="-83.975234"></trkpt>
      <trkpt lat="34.537852" lon="-83.974921"></trkpt>
      <trkpt lat="34.53786" lon="-83.974743"></trkpt>
      <trkpt lat="34.537814" lon="-83.974591"></trkpt>
      <trkpt lat="34.537745" lon="-83.974471"></trkpt>
      <trkpt lat="34.537441" lon="-83.974085"></trkpt>
      <trkpt lat="34.537323" lon="-83.973961"></trkpt>
      <trkpt lat="34.537211" lon="-83.973875"></trkpt>
      <trkpt lat="34.537081" lon="-83.973869"></trkpt>
      <trkpt lat="34.536764" lon="-83.973869"></trkpt>
      <trkpt lat="34.536589" lon="-83.973876"></trkpt>
      <trkpt lat="34.536534" lon="-83.973868"></trkpt>
      <trkpt lat="34.536513" lon="-83.973819"></trkpt>
      <trkpt lat="34.536488" lon="-83.973645"></trkpt>
      <trkpt lat="34.536468" lon="-83.973526"></trkpt>
      <trkpt lat="34.536585" lon="-83.973331"></trkpt>
      <trkpt lat="34.536656" lon="-83.973057"></trkpt>
    </trkseg>
    <trkseg>
      <trkpt lat="34.536656" lon="-83.973057"></trkpt>
      <trkpt lat="34.536585" lon="-83.973331"></trkpt>
      <trkpt lat="34.536468" lon="-83.973526"></trkpt>
      <trkpt lat="34.536488" lon="-83.973645"></trkpt>
      <trkpt lat="34.536513" lon="-83.973819"></trkpt>
      <trkpt lat="34.536534" lon="-83.973868"></trkpt>
      <trkpt lat="34.536589" lon="-83.973876"></trkpt>
      <trkpt lat="34.536764" lon="-83.973869"></trkpt>
      <trkpt lat="34.537081" lon="-83.973869"></trkpt>
      <trkpt lat="34.537211" lon="-83.973875"></trkpt>
      <trkpt lat="34.537323" lon="-83.973961"></trkpt>
      <trkpt lat="34.537441" lon="-83.974085"></trkpt>
      <trkpt lat="34.537745" lon="-83.974471"></trkpt>
      <trkpt lat="34.537814" lon="-83.974591"></trkpt>
      <trkpt lat="34.53786" lon="-83.974743"></trkpt>
      <trkpt lat="34.537852" lon="-83.974921"></trkpt>
      <trkpt lat="34.537816" lon="-83.975234"></trkpt>
      <trkpt lat="34.537817" lon="-83.975369"></trkpt>
      <trkpt lat="34.537651" lon="-83.975418"></trkpt>
      <trkpt lat="34.537523" lon="-83.975455"></trkpt>
      <trkpt lat="34.537368" lon="-83.975506"></trkpt>
      <trkpt lat="34.537269" lon="-83.975546"></trkpt>
      <trkpt lat="34.537236" lon="-83.975567"></trkpt>
      <trkpt lat="34.537199" lon="-83.975598"></trkpt>
      <trkpt lat="34.537169" lon="-83.975642"></trkpt>
      <trkpt lat="34.537149" lon="-83.975688"></trkpt>
      <trkpt lat="34.537133" lon="-83.975742"></trkpt>
      <trkpt lat="34.537085" lon="-83.975952"></trkpt>
      <trkpt lat="34.53704" lon="-83.976153"></trkpt>
      <trkpt lat="34.537005" lon="-83.976293"></trkpt>
      <trkpt lat="34.536956" lon="-83.976456"></trkpt>
      <trkpt lat="34.536904" lon="-83.976619"></trkpt>
      <trkpt lat="34.536816" lon="-83.976905"></trkpt>
      <trkpt lat="34.536744" lon="-83.977127"></trkpt>
      <trkpt lat="34.536513" lon="-83.977872"></trkpt>
      <trkpt lat="34.536473" lon="-83.97797"></trkpt>
      <trkpt lat="34.536432" lon="-83.97806"></trkpt>
      <trkpt lat="34.536337" lon="-83.97824"></trkpt>
      <trkpt lat="34.536289" lon="-83.97832"></trkpt>
      <trkpt lat="34.53624" lon="-83.978394"></trkpt>
      <trkpt lat="34.536164" lon="-83.978495"></trkpt>
      <trkpt lat="34.536087" lon="-83.978593"></trkpt>
      <trkpt lat="34.536003" lon="-83.978678"></trkpt>
      <trkpt lat="34.535917" lon="-83.978758"></trkpt>
      <trkpt lat="34.535853" lon="-83.978811"></trkpt>
      <trkpt lat="34.535789" lon="-83.97886"></trkpt>
      <trkpt lat="34.535721" lon="-83.978906"></trkpt>
      <trkpt lat="34.535645" lon="-83.978952"></trkpt>
      <trkpt lat="34.535528" lon="-83.979015"></trkpt>
      <trkpt lat="34.535377" lon="-83.979083"></trkpt>
      <trkpt lat="34.535225" lon="-83.979147"></trkpt>
      <trkpt lat="34.535045" lon="-83.979211"></trkpt>
      <trkpt lat="34.53469" lon="-83.979348"></trkpt>
      <trkpt lat="34.534557" lon="-83.979409"></trkpt>
      <trkpt lat="34.534427" lon="-83.979482"></trkpt>
      <trkpt lat="34.534374" lon="-83.979527"></trkpt>
      <trkpt lat="34.53434" lon="-83.979555"></trkpt>
      <trkpt lat="34.534258" lon="-83.979635"></trkpt>
      <trkpt lat="34.534209" lon="-83.979688"></trkpt>
      <trkpt lat="34.534164" lon="-83.979745"></trkpt>
      <trkpt lat="34.534136" lon="-83.97979"></trkpt>
      <trkpt lat="34.534104" lon="-83.97985"></trkpt>
      <trkpt lat="34.534073" lon="-83.979926"></trkpt>
      <trkpt lat="34.534048" lon="-83.979996"></trkpt>
      <trkpt lat="34.534028" lon="-83.980081"></trkpt>
      <trkpt lat="34.534018" lon="-83.980148"></trkpt>
      <trkpt lat="34.533995" lon="-83.980663"></trkpt>
      <trkpt lat="34.533994" lon="-83.980706"></trkpt>
      <trkpt lat="34.533973" lon="-83.981207"></trkpt>
      <trkpt lat="34.533967" lon="-83.981327"></trkpt>
      <trkpt lat="34.533956" lon="-83.981572"></trkpt>
      <trkpt lat="34.533942" lon="-83.981917"></trkpt>
      <trkpt lat="34.533923" lon="-83.982263"></trkpt>
      <trkpt lat="34.53391" lon="-83.982459"></trkpt>
      <trkpt lat="34.533893" lon="-83.982656"></trkpt>
      <trkpt lat="34.533881" lon="-83.982776"></trkpt>
      <trkpt lat="34.533861" lon="-83.982887"></trkpt>
      <trkpt lat="34.533841" lon="-83.982955"></trkpt>
      <trkpt lat="34.53378" lon="-83.983084"></trkpt>
      <trkpt lat="34.53372" lon="-83.983191"></trkpt>
      <trkpt lat="34.533683" lon="-83.983265"></trkpt>
      <trkpt lat="34.53364" lon="-83.983331"></trkpt>
      <trkpt lat="34.533588" lon="-83.983407"></trkpt>
      <trkpt lat="34.533467" lon="-83.983593"></trkpt>
      <trkpt lat="34.533458" lon="-83.983605"></trkpt>
      <trkpt lat="34.533253" lon="-83.983916"></trkpt>
      <trkpt lat="34.533242" lon="-83.983931"></trkpt>
      <trkpt lat="34.533203" lon="-83.983987"></trkpt>
      <trkpt lat="34.53297" lon="-83.984323"></trkpt>
      <trkpt lat="34.532904" lon="-83.984465"></trkpt>
      <trkpt lat="34.53288" lon="-83.984525"></trkpt>
      <trkpt lat="34.532868" lon="-83.98462"></trkpt>
      <trkpt lat="34.532864" lon="-83.98468"></trkpt>
      <trkpt lat="34.532862" lon="-83.984728"></trkpt>
      <trkpt lat="34.53286" lon="-83.984775"></trkpt>
      <trkpt lat="34.532852" lon="-83.984817"></trkpt>
      <trkpt lat="34.532838" lon="-83.984869"></trkpt>
      <trkpt lat="34.532817" lon="-83.98492"></trkpt>
      <trkpt lat="34.53279" lon="-83.984973"></trkpt>
      <trkpt lat="34.532738" lon="-83.985045"></trkpt>
    </trkseg>
    <trkseg>
      <trkpt lat="34.532738" lon="-83.985045"></trkpt>
      <trkpt lat="34.532696" lon="-83.985103"></trkpt>
      <trkpt lat="34.532665" lon="-83.985149"></trkpt>
      <trkpt lat="34.53263" lon="-83.985192"></trkpt>
      <trkpt lat="34.532608" lon="-83.985204"></trkpt>
      <trkpt lat="34.532563" lon="-83.985221"></trkpt>
      <trkpt lat="34.532518" lon="-83.985229"></trkpt>
      <trkpt lat="34.532449" lon="-83.985211"></trkpt>
      <trkpt lat="34.53239" lon="-83.985165"></trkpt>
      <trkpt lat="34.53234" lon="-83.985128"></trkpt>
      <trkpt lat="34.532347" lon="-83.985025"></trkpt>
      <trkpt lat="34.532351" lon="-83.984949"></trkpt>
      <trkpt lat="34.532364" lon="-83.98493"></trkpt>
      <trkpt lat="34.532553" lon="-83.984654"></trkpt>
      <trkpt lat="34.532596" lon="-83.984603"></trkpt>
      <trkpt lat="34.532626" lon="-83.984576"></trkpt>
      <trkpt lat="34.532701" lon="-83.984521"></trkpt>
      <trkpt lat="34.53274" lon="-83.984505"></trkpt>
      <trkpt lat="34.532821" lon="-83.984462"></trkpt>
      <trkpt lat="34.532853" lon="-83.984433"></trkpt>
      <trkpt lat="34.532884" lon="-83.984398"></trkpt>
      <trkpt lat="34.53297" lon="-83.984323"></trkpt>
      <trkpt lat="34.533203" lon="-83.983987"></trkpt>
      <trkpt lat="34.533242" lon="-83.983931"></trkpt>
      <trkpt lat="34.533253" lon="-83.983916"></trkpt>
      <trkpt lat="34.533458" lon="-83.983605"></trkpt>
      <trkpt lat="34.533467" lon="-83.983593"></trkpt>
      <trkpt lat="34.533588" lon="-83.983407"></trkpt>
      <trkpt lat="34.53364" lon="-83.983331"></trkpt>
      <trkpt lat="34.533683" lon="-83.983265"></trkpt>
      <trkpt lat="34.53372" lon="-83.983191"></trkpt>
      <trkpt lat="34.53378" lon="-83.983084"></trkpt>
      <trkpt lat="34.533841" lon="-83.982955"></trkpt>
      <trkpt lat="34.533861" lon="-83.982887"></trkpt>
      <trkpt lat="34.533881" lon="-83.982776"></trkpt>
      <trkpt lat="34.533893" lon="-83.982656"></trkpt>
      <trkpt lat="34.53391" lon="-83.982459"></trkpt>
      <trkpt lat="34.533923" lon="-83.982263"></trkpt>
      <trkpt lat="34.533942" lon="-83.981917"></trkpt>
      <trkpt lat="34.533956" lon="-83.981572"></trkpt>
      <trkpt lat="34.533967" lon="-83.981327"></trkpt>
      <trkpt lat="34.533973" lon="-83.981207"></trkpt>
      <trkpt lat="34.533994" lon="-83.980706"></trkpt>
      <trkpt lat="34.533995" lon="-83.980663"></trkpt>
      <trkpt lat="34.534018" lon="-83.980148"></trkpt>
      <trkpt lat="34.533973" lon="-83.980135"></trkpt>
      <trkpt lat="34.533954" lon="-83.980129"></trkpt>
      <trkpt lat="34.533905" lon="-83.980092"></trkpt>
      <trkpt lat="34.533857" lon="-83.98005"></trkpt>
      <trkpt lat="34.5334" lon="-83.979618"></trkpt>
      <trkpt lat="34.532849" lon="-83.979087"></trkpt>
      <trkpt lat="34.532333" lon="-83.97858"></trkpt>
      <trkpt lat="34.532157" lon="-83.978346"></trkpt>
      <trkpt lat="34.532045" lon="-83.978214"></trkpt>
      <trkpt lat="34.531865" lon="-83.97799"></trkpt>
      <trkpt lat="34.531782" lon="-83.977833"></trkpt>
      <trkpt lat="34.531739" lon="-83.977691"></trkpt>
      <trkpt lat="34.5315" lon="-83.977718"></trkpt>
      <trkpt lat="34.531392" lon="-83.977712"></trkpt>
      <trkpt lat="34.531127" lon="-83.977698"></trkpt>
      <trkpt lat="34.531038" lon="-83.977685"></trkpt>
      <trkpt lat="34.530556" lon="-83.977614"></trkpt>
      <trkpt lat="34.530494" lon="-83.977326"></trkpt>
      <trkpt lat="34.530424" lon="-83.976885"></trkpt>
      <trkpt lat="34.530404" lon="-83.976693"></trkpt>
      <trkpt lat="34.53039" lon="-83.976551"></trkpt>
      <trkpt lat="34.530369" lon="-83.976225"></trkpt>
      <trkpt lat="34.530352" lon="-83.975828"></trkpt>
      <trkpt lat="34.530345" lon="-83.975695"></trkpt>
      <trkpt lat="34.530328" lon="-83.975352"></trkpt>
      <trkpt lat="34.530326" lon="-83.975309"></trkpt>
      <trkpt lat="34.530306" lon="-83.974986"></trkpt>
      <trkpt lat="34.5303" lon="-83.974898"></trkpt>
      <trkpt lat="34.530286" lon="-83.974797"></trkpt>
      <trkpt lat="34.530261" lon="-83.974702"></trkpt>
      <trkpt lat="34.53022" lon="-83.974642"></trkpt>
      <trkpt lat="34.53018" lon="-83.974623"></trkpt>
      <trkpt lat="34.529865" lon="-83.974588"></trkpt>
      <trkpt lat="34.529798" lon="-83.97458"></trkpt>
      <trkpt lat="34.529728" lon="-83.974541"></trkpt>
      <trkpt lat="34.529666" lon="-83.974484"></trkpt>
      <trkpt lat="34.529624" lon="-83.97439"></trkpt>
      <trkpt lat="34.529605" lon="-83.974296"></trkpt>
      <trkpt lat="34.529596" lon="-83.974146"></trkpt>
      <trkpt lat="34.529593" lon="-83.973929"></trkpt>
      <trkpt lat="34.52959" lon="-83.97368"></trkpt>
      <trkpt lat="34.529577" lon="-83.973257"></trkpt>
      <trkpt lat="34.529554" lon="-83.972929"></trkpt>
      <trkpt lat="34.529525" lon="-83.972654"></trkpt>
      <trkpt lat="34.529473" lon="-83.972347"></trkpt>
      <trkpt lat="34.529423" lon="-83.972071"></trkpt>
      <trkpt lat="34.529412" lon="-83.972008"></trkpt>
      <trkpt lat="34.529366" lon="-83.971755"></trkpt>
      <trkpt lat="34.529325" lon="-83.971533"></trkpt>
      <trkpt lat="34.529291" lon="-83.971135"></trkpt>
      <trkpt lat="34.529274" lon="-83.970865"></trkpt>
      <trkpt lat="34.529253" lon="-83.970467"></trkpt>
      <trkpt lat="34.529237" lon="-83.970127"></trkpt>
      <trkpt lat="34.52924" lon="-83.970072"></trkpt>
      <trkpt lat="34.529255" lon="-83.969666"></trkpt>
      <trkpt lat="34.529272" lon="-83.969289"></trkpt>
      <trkpt lat="34.529297" lon="-83.96899"></trkpt>
      <trkpt lat="34.529355" lon="-83.968749"></trkpt>
      <trkpt lat="34.529482" lon="-83.968537"></trkpt>
      <trkpt lat="34.529581" lon="-83.968297"></trkpt>
      <trkpt lat="34.529638" lon="-83.968037"></trkpt>
      <trkpt lat="34.529662" lon="-83.96776"></trkpt>
      <trkpt lat="34.529631" lon="-83.967513"></trkpt>
      <trkpt lat="34.5295" lon="-83.967073"></trkpt>
      <trkpt lat="34.52942" lon="-83.966768"></trkpt>
      <trkpt lat="34.529382" lon="-83.966558"></trkpt>
      <trkpt lat="34.529389" lon="-83.966404"></trkpt>
      <trkpt lat="34.529467" lon="-83.966144"></trkpt>
      <trkpt lat="34.529592" lon="-83.965804"></trkpt>
      <trkpt lat="34.529645" lon="-83.965522"></trkpt>
      <trkpt lat="34.529631" lon="-83.96527"></trkpt>
      <trkpt lat="34.529579" lon="-83.96497"></trkpt>
      <trkpt lat="34.529488" lon="-83.964561"></trkpt>
      <trkpt lat="34.529453" lon="-83.964284"></trkpt>
      <trkpt lat="34.529434" lon="-83.964023"></trkpt>
      <trkpt lat="34.529398" lon="-83.963715"></trkpt>
      <trkpt lat="34.529334" lon="-83.963554"></trkpt>
      <trkpt lat="34.529248" lon="-83.963441"></trkpt>
      <trkpt lat="34.529144" lon="-83.963277"></trkpt>
      <trkpt lat="34.529093" lon="-83.963079"></trkpt>
      <trkpt lat="34.529089" lon="-83.962896"></trkpt>
      <trkpt lat="34.529101" lon="-83.962805"></trkpt>
      <trkpt lat="34.529125" lon="-83.96267"></trkpt>
      <trkpt lat="34.529148" lon="-83.962537"></trkpt>
      <trkpt lat="34.529382" lon="-83.961298"></trkpt>
      <trkpt lat="34.529396" lon="-83.961171"></trkpt>
      <trkpt lat="34.529409" lon="-83.961049"></trkpt>
      <trkpt lat="34.529399" lon="-83.960899"></trkpt>
      <trkpt lat="34.529321" lon="-83.960771"></trkpt>
      <trkpt lat="34.529225" lon="-83.960678"></trkpt>
      <trkpt lat="34.529011" lon="-83.960565"></trkpt>
      <trkpt lat="34.528943" lon="-83.960529"></trkpt>
      <trkpt lat="34.52857" lon="-83.960253"></trkpt>
      <trkpt lat="34.528704" lon="-83.960103"></trkpt>
      <trkpt lat="34.528811" lon="-83.960081"></trkpt>
      <trkpt lat="34.528862" lon="-83.959949"></trkpt>
      <trkpt lat="34.528987" lon="-83.959627"></trkpt>
      <trkpt lat="34.529018" lon="-83.959548"></trkpt>
      <trkpt lat="34.529041" lon="-83.959489"></trkpt>
      <trkpt lat="34.528926" lon="-83.959464"></trkpt>
      <trkpt lat="34.528586" lon="-83.959321"></trkpt>
      <trkpt lat="34.528363" lon="-83.959213"></trkpt>
      <trkpt lat="34.528337" lon="-83.959201"></trkpt>
      <trkpt lat="34.528102" lon="-83.959108"></trkpt>
    </trkseg>
    <trkseg>
      <trkpt lat="34.528102" lon="-83.959108"></trkpt>
      <trkpt lat="34.528337" lon="-83.959201"></trkpt>
      <trkpt lat="34.528363" lon="-83.959213"></trkpt>
      <trkpt lat="34.528586" lon="-83.959321"></trkpt>
      <trkpt lat="34.528926" lon="-83.959464"></trkpt>
      <trkpt lat="34.529041" lon="-83.959489"></trkpt>
      <trkpt lat="34.529018" lon="-83.959548"></trkpt>
      <trkpt lat="34.528987" lon="-83.959627"></trkpt>
      <trkpt lat="34.528862" lon="-83.959949"></trkpt>
      <trkpt lat="34.528811" lon="-83.960081"></trkpt>
      <trkpt lat="34.528704" lon="-83.960103"></trkpt>
      <trkpt lat="34.52857" lon="-83.960253"></trkpt>
      <trkpt lat="34.528943" lon="-83.960529"></trkpt>
      <trkpt lat="34.529011" lon="-83.960565"></trkpt>
      <trkpt lat="34.529225" lon="-83.960678"></trkpt>
      <trkpt lat="34.529321" lon="-83.960771"></trkpt>
      <trkpt lat="34.529399" lon="-83.960899"></trkpt>
      <trkpt lat="34.529409" lon="-83.961049"></trkpt>
      <trkpt lat="34.529396" lon="-83.961171"></trkpt>
      <trkpt lat="34.529382" lon="-83.961298"></trkpt>
      <trkpt lat="34.529148" lon="-83.962537"></trkpt>
      <trkpt lat="34.529125" lon="-83.96267"></trkpt>
      <trkpt lat="34.529101" lon="-83.962805"></trkpt>
      <trkpt lat="34.529089" lon="-83.962896"></trkpt>
      <trkpt lat="34.529093" lon="-83.963079"></trkpt>
      <trkpt lat="34.529144" lon="-83.963277"></trkpt>
      <trkpt lat="34.529248" lon="-83.963441"></trkpt>
      <trkpt lat="34.529334" lon="-83.963554"></trkpt>
      <trkpt lat="34.529398" lon="-83.963715"></trkpt>
      <trkpt lat="34.529434" lon="-83.964023"></trkpt>
      <trkpt lat="34.529453" lon="-83.964284"></trkpt>
      <trkpt lat="34.529488" lon="-83.964561"></trkpt>
      <trkpt lat="34.529579" lon="-83.96497"></trkpt>
      <trkpt lat="34.529631" lon="-83.96527"></trkpt>
      <trkpt lat="34.529645" lon="-83.965522"></trkpt>
      <trkpt lat="34.529592" lon="-83.965804"></trkpt>
      <trkpt lat="34.529467" lon="-83.966144"></trkpt>
      <trkpt lat="34.529389" lon="-83.966404"></trkpt>
      <trkpt lat="34.529382" lon="-83.966558"></trkpt>
      <trkpt lat="34.52942" lon="-83.966768"></trkpt>
      <trkpt lat="34.5295" lon="-83.967073"></trkpt>
      <trkpt lat="34.529631" lon="-83.967513"></trkpt>
      <trkpt lat="34.529662" lon="-83.96776"></trkpt>
      <trkpt lat="34.529638" lon="-83.968037"></trkpt>
      <trkpt lat="34.529581" lon="-83.968297"></trkpt>
      <trkpt lat="34.529482" lon="-83.968537"></trkpt>
      <trkpt lat="34.529355" lon="-83.968749"></trkpt>
      <trkpt lat="34.529297" lon="-83.96899"></trkpt>
      <trkpt lat="34.529272" lon="-83.969289"></trkpt>
      <trkpt lat="34.529255" lon="-83.969666"></trkpt>
      <trkpt lat="34.52924" lon="-83.970072"></trkpt>
      <trkpt lat="34.529237" lon="-83.970127"></trkpt>
      <trkpt lat="34.529253" lon="-83.970467"></trkpt>
      <trkpt lat="34.529274" lon="-83.970865"></trkpt>
      <trkpt lat="34.529291" lon="-83.971135"></trkpt>
      <trkpt lat="34.529325" lon="-83.971533"></trkpt>
      <trkpt lat="34.529366" lon="-83.971755"></trkpt>
      <trkpt lat="34.529412" lon="-83.972008"></trkpt>
      <trkpt lat="34.529423" lon="-83.972071"></trkpt>
      <trkpt lat="34.529473" lon="-83.972347"></trkpt>
      <trkpt lat="34.529525" lon="-83.972654"></trkpt>
      <trkpt lat="34.529554" lon="-83.972929"></trkpt>
      <trkpt lat="34.529577" lon="-83.973257"></trkpt>
      <trkpt lat="34.52959" lon="-83.97368"></trkpt>
      <trkpt lat="34.529593" lon="-83.973929"></trkpt>
      <trkpt lat="34.529596" lon="-83.974146"></trkpt>
      <trkpt lat="34.529605" lon="-83.974296"></trkpt>
      <trkpt lat="34.529624" lon="-83.97439"></trkpt>
      <trkpt lat="34.529666" lon="-83.974484"></trkpt>
      <trkpt lat="34.529728" lon="-83.974541"></trkpt>
      <trkpt lat="34.529798" lon="-83.97458"></trkpt>
      <trkpt lat="34.529865" lon="-83.974588"></trkpt>
      <trkpt lat="34.53018" lon="-83.974623"></trkpt>
      <trkpt lat="34.53022" lon="-83.974642"></trkpt>
      <trkpt lat="34.530261" lon="-83.974702"></trkpt>
      <trkpt lat="34.530286" lon="-83.974797"></trkpt>
      <trkpt lat="34.5303" lon="-83.974898"></trkpt>
      <trkpt lat="34.530306" lon="-83.974986"></trkpt>
      <trkpt lat="34.530326" lon="-83.975309"></trkpt>
      <trkpt lat="34.530328" lon="-83.975352"></trkpt>
      <trkpt lat="34.530345" lon="-83.975695"></trkpt>
      <trkpt lat="34.530352" lon="-83.975828"></trkpt>
      <trkpt lat="34.530369" lon="-83.976225"></trkpt>
      <trkpt lat="34.53039" lon="-83.976551"></trkpt>
      <trkpt lat="34.530404" lon="-83.976693"></trkpt>
      <trkpt lat="34.530424" lon="-83.976885"></trkpt>
      <trkpt lat="34.530494" lon="-83.977326"></trkpt>
      <trkpt lat="34.530556" lon="-83.977614"></trkpt>
      <trkpt lat="34.531038" lon="-83.977685"></trkpt>
      <trkpt lat="34.531127" lon="-83.977698"></trkpt>
      <trkpt lat="34.531392" lon="-83.977712"></trkpt>
      <trkpt lat="34.5315" lon="-83.977718"></trkpt>
      <trkpt lat="34.531739" lon="-83.977691"></trkpt>
      <trkpt lat="34.53196" lon="-83.977641"></trkpt>
      <trkpt lat="34.532158" lon="-83.977556"></trkpt>
      <trkpt lat="34.532433" lon="-83.977422"></trkpt>
      <trkpt lat="34.532696" lon="-83.97727"></trkpt>
      <trkpt lat="34.532871" lon="-83.977168"></trkpt>
      <trkpt lat="34.533086" lon="-83.977044"></trkpt>
      <trkpt lat="34.533728" lon="-83.976713"></trkpt>
      <trkpt lat="34.533795" lon="-83.976679"></trkpt>
      <trkpt lat="34.534106" lon="-83.976511"></trkpt>
      <trkpt lat="34.53421" lon="-83.976456"></trkpt>
      <trkpt lat="34.534299" lon="-83.976408"></trkpt>
      <trkpt lat="34.534324" lon="-83.976395"></trkpt>
      <trkpt lat="34.534463" lon="-83.976321"></trkpt>
      <trkpt lat="34.53452" lon="-83.976291"></trkpt>
      <trkpt lat="34.534602" lon="-83.976247"></trkpt>
      <trkpt lat="34.534983" lon="-83.976071"></trkpt>
      <trkpt lat="34.53503" lon="-83.976056"></trkpt>
      <trkpt lat="34.535233" lon="-83.975991"></trkpt>
      <trkpt lat="34.535278" lon="-83.975976"></trkpt>
      <trkpt lat="34.535378" lon="-83.975953"></trkpt>
      <trkpt lat="34.535461" lon="-83.975938"></trkpt>
      <trkpt lat="34.53584" lon="-83.975897"></trkpt>
      <trkpt lat="34.536059" lon="-83.975896"></trkpt>
      <trkpt lat="34.536104" lon="-83.975899"></trkpt>
      <trkpt lat="34.536323" lon="-83.975912"></trkpt>
      <trkpt lat="34.53639" lon="-83.975916"></trkpt>
      <trkpt lat="34.536929" lon="-83.975941"></trkpt>
      <trkpt lat="34.537085" lon="-83.975952"></trkpt>
      <trkpt lat="34.537255" lon="-83.975961"></trkpt>
      <trkpt lat="34.537374" lon="-83.975957"></trkpt>
      <trkpt lat="34.53758" lon="-83.975926"></trkpt>
      <trkpt lat="34.537703" lon="-83.975905"></trkpt>
      <trkpt lat="34.537822" lon="-83.975879"></trkpt>
      <trkpt lat="34.537933" lon="-83.97585"></trkpt>
      <trkpt lat="34.538123" lon="-83.975786"></trkpt>
      <trkpt lat="34.538194" lon="-83.975762"></trkpt>
      <trkpt lat="34.538485" lon="-83.97565"></trkpt>
      <trkpt lat="34.538656" lon="-83.975577"></trkpt>
      <trkpt lat="34.538773" lon="-83.975526"></trkpt>
      <trkpt lat="34.538963" lon="-83.975439"></trkpt>
      <trkpt lat="34.539243" lon="-83.975294"></trkpt>
      <trkpt lat="34.539514" lon="-83.975142"></trkpt>
      <trkpt lat="34.539714" lon="-83.975019"></trkpt>
      <trkpt lat="34.539914" lon="-83.974888"></trkpt>
      <trkpt lat="34.540183" lon="-83.974699"></trkpt>
      <trkpt lat="34.540212" lon="-83.974682"></trkpt>
      <trkpt lat="34.540589" lon="-83.974385"></trkpt>
      <trkpt lat="34.540774" lon="-83.974226"></trkpt>
      <trkpt lat="34.541019" lon="-83.973982"></trkpt>
      <trkpt lat="34.541179" lon="-83.973817"></trkpt>
      <trkpt lat="34.541466" lon="-83.973524"></trkpt>
      <trkpt lat="34.54169" lon="-83.973286"></trkpt>
      <trkpt lat="34.541941" lon="-83.973024"></trkpt>
      <trkpt lat="34.542156" lon="-83.972801"></trkpt>
      <trkpt lat="34.542293" lon="-83.972662"></trkpt>
      <trkpt lat="34.542428" lon="-83.972541"></trkpt>
      <trkpt lat="34.54255" lon="-83.972445"></trkpt>
      <trkpt lat="34.542668" lon="-83.972366"></trkpt>
      <trkpt lat="34.542764" lon="-83.972303"></trkpt>
      <trkpt lat="34.54293" lon="-83.972212"></trkpt>
      <trkpt lat="34.543119" lon="-83.972131"></trkpt>
      <trkpt lat="34.543301" lon="-83.972071"></trkpt>
      <trkpt lat="34.543508" lon="-83.972025"></trkpt>
      <trkpt lat="34.543641" lon="-83.972005"></trkpt>
      <trkpt lat="34.543768" lon="-83.971994"></trkpt>
      <trkpt lat="34.543891" lon="-83.971989"></trkpt>
      <trkpt lat="34.544011" lon="-83.971992"></trkpt>
      <trkpt lat="34.544116" lon="-83.972"></trkpt>
      <trkpt lat="34.54414" lon="-83.972001"></trkpt>
      <trkpt lat="34.544258" lon="-83.972017"></trkpt>
      <trkpt lat="34.544353" lon="-83.972035"></trkpt>
      <trkpt lat="34.544449" lon="-83.972056"></trkpt>
      <trkpt lat="34.544575" lon="-83.972092"></trkpt>
      <trkpt lat="34.544699" lon="-83.972135"></trkpt>
      <trkpt lat="34.544905" lon="-83.972222"></trkpt>
      <trkpt lat="34.545625" lon="-83.972558"></trkpt>
      <trkpt lat="34.545931" lon="-83.972699"></trkpt>
      <trkpt lat="34.546024" lon="-83.972737"></trkpt>
      <trkpt lat="34.546115" lon="-83.97277"></trkpt>
      <trkpt lat="34.546209" lon="-83.972803"></trkpt>
      <trkpt lat="34.546299" lon="-83.972828"></trkpt>
      <trkpt lat="34.546448" lon="-83.972861"></trkpt>
      <trkpt lat="34.546565" lon="-83.972884"></trkpt>
      <trkpt lat="34.546676" lon="-83.972901"></trkpt>
      <trkpt lat="34.546869" lon="-83.972918"></trkpt>
      <trkpt lat="34.547042" lon="-83.972922"></trkpt>
      <trkpt lat="34.547139" lon="-83.972921"></trkpt>
      <trkpt lat="34.547238" lon="-83.972915"></trkpt>
      <trkpt lat="34.54735" lon="-83.972903"></trkpt>
      <trkpt lat="34.547464" lon="-83.972889"></trkpt>
      <trkpt lat="34.547573" lon="-83.972869"></trkpt>
      <trkpt lat="34.54768" lon="-83.972842"></trkpt>
      <trkpt lat="34.54783" lon="-83.972797"></trkpt>
      <trkpt lat="34.547922" lon="-83.972764"></trkpt>
      <trkpt lat="34.548062" lon="-83.972706"></trkpt>
      <trkpt lat="34.548218" lon="-83.972635"></trkpt>
      <trkpt lat="34.548293" lon="-83.972595"></trkpt>
      <trkpt lat="34.548443" lon="-83.972508"></trkpt>
      <trkpt lat="34.548594" lon="-83.972409"></trkpt>
      <trkpt lat="34.548694" lon="-83.972335"></trkpt>
      <trkpt lat="34.548793" lon="-83.972255"></trkpt>
      <trkpt lat="34.548897" lon="-83.972161"></trkpt>
      <trkpt lat="34.549404" lon="-83.971714"></trkpt>
      <trkpt lat="34.549466" lon="-83.971657"></trkpt>
      <trkpt lat="34.550066" lon="-83.971105"></trkpt>
      <trkpt lat="34.550329" lon="-83.970863"></trkpt>
      <trkpt lat="34.550743" lon="-83.970483"></trkpt>
      <trkpt lat="34.5511" lon="-83.970154"></trkpt>
      <trkpt lat="34.55152" lon="-83.969769"></trkpt>
      <trkpt lat="34.551629" lon="-83.969679"></trkpt>
      <trkpt lat="34.551772" lon="-83.969561"></trkpt>
      <trkpt lat="34.551865" lon="-83.969485"></trkpt>
      <trkpt lat="34.551959" lon="-83.969414"></trkpt>
      <trkpt lat="34.552101" lon="-83.969328"></trkpt>
      <trkpt lat="34.55226" lon="-83.969236"></trkpt>
      <trkpt lat="34.552425" lon="-83.969149"></trkpt>
      <trkpt lat="34.552707" lon="-83.969025"></trkpt>
      <trkpt lat="34.552989" lon="-83.968917"></trkpt>
      <trkpt lat="34.553489" lon="-83.968732"></trkpt>
      <trkpt lat="34.553595" lon="-83.968693"></trkpt>
      <trkpt lat="34.553893" lon="-83.968589"></trkpt>
      <trkpt lat="34.554437" lon="-83.968399"></trkpt>
      <trkpt lat="34.55471" lon="-83.9683"></trkpt>
      <trkpt lat="34.554942" lon="-83.968207"></trkpt>
      <trkpt lat="34.555132" lon="-83.96814"></trkpt>
      <trkpt lat="34.555255" lon="-83.968091"></trkpt>
      <trkpt lat="34.555591" lon="-83.967955"></trkpt>
      <trkpt lat="34.5557" lon="-83.96791"></trkpt>
      <trkpt lat="34.555941" lon="-83.967806"></trkpt>
      <trkpt lat="34.556181" lon="-83.967698"></trkpt>
      <trkpt lat="34.55659" lon="-83.967506"></trkpt>
      <trkpt lat="34.556856" lon="-83.967383"></trkpt>
      <trkpt lat="34.557122" lon="-83.967271"></trkpt>
      <trkpt lat="34.557243" lon="-83.967228"></trkpt>
      <trkpt lat="34.557363" lon="-83.967196"></trkpt>
      <trkpt lat="34.557459" lon="-83.967176"></trkpt>
      <trkpt lat="34.557554" lon="-83.967161"></trkpt>
      <trkpt lat="34.55767" lon="-83.96715"></trkpt>
      <trkpt lat="34.558004" lon="-83.967143"></trkpt>
      <trkpt lat="34.558166" lon="-83.967142"></trkpt>
      <trkpt lat="34.558528" lon="-83.967142"></trkpt>
      <trkpt lat="34.559301" lon="-83.967149"></trkpt>
      <trkpt lat="34.559529" lon="-83.96715"></trkpt>
      <trkpt lat="34.559989" lon="-83.96715"></trkpt>
      <trkpt lat="34.560118" lon="-83.967143"></trkpt>
      <trkpt lat="34.560239" lon="-83.96713"></trkpt>
      <trkpt lat="34.560363" lon="-83.967111"></trkpt>
      <trkpt lat="34.560484" lon="-83.967088"></trkpt>
      <trkpt lat="34.560604" lon="-83.967055"></trkpt>
      <trkpt lat="34.560723" lon="-83.967013"></trkpt>
      <trkpt lat="34.560827" lon="-83.966973"></trkpt>
      <trkpt lat="34.561097" lon="-83.966868"></trkpt>
      <trkpt lat="34.561477" lon="-83.966715"></trkpt>
      <trkpt lat="34.561644" lon="-83.966648"></trkpt>
      <trkpt lat="34.56166" lon="-83.966641"></trkpt>
      <trkpt lat="34.561816" lon="-83.966578"></trkpt>
      <trkpt lat="34.561929" lon="-83.966535"></trkpt>
      <trkpt lat="34.562136" lon="-83.966458"></trkpt>
      <trkpt lat="34.562379" lon="-83.966375"></trkpt>
      <trkpt lat="34.562557" lon="-83.966315"></trkpt>
      <trkpt lat="34.562631" lon="-83.966289"></trkpt>
      <trkpt lat="34.562741" lon="-83.966257"></trkpt>
      <trkpt lat="34.562841" lon="-83.96623"></trkpt>
      <trkpt lat="34.562942" lon="-83.966209"></trkpt>
      <trkpt lat="34.563059" lon="-83.966186"></trkpt>
      <trkpt lat="34.563179" lon="-83.96617"></trkpt>
      <trkpt lat="34.563297" lon="-83.966159"></trkpt>
      <trkpt lat="34.563706" lon="-83.96613"></trkpt>
      <trkpt lat="34.563947" lon="-83.966114"></trkpt>
      <trkpt lat="34.564353" lon="-83.966088"></trkpt>
      <trkpt lat="34.564469" lon="-83.966054"></trkpt>
      <trkpt lat="34.56465" lon="-83.966041"></trkpt>
      <trkpt lat="34.564751" lon="-83.966036"></trkpt>
      <trkpt lat="34.564841" lon="-83.966039"></trkpt>
      <trkpt lat="34.565011" lon="-83.96605"></trkpt>
      <trkpt lat="34.565111" lon="-83.966064"></trkpt>
      <trkpt lat="34.565207" lon="-83.966084"></trkpt>
      <trkpt lat="34.565346" lon="-83.966127"></trkpt>
      <trkpt lat="34.565449" lon="-83.966167"></trkpt>
      <trkpt lat="34.565527" lon="-83.9662"></trkpt>
      <trkpt lat="34.565586" lon="-83.966227"></trkpt>
      <trkpt lat="34.565696" lon="-83.966288"></trkpt>
      <trkpt lat="34.565826" lon="-83.966372"></trkpt>
      <trkpt lat="34.565997" lon="-83.966509"></trkpt>
      <trkpt lat="34.566107" lon="-83.966611"></trkpt>
      <trkpt lat="34.56621" lon="-83.966729"></trkpt>
      <trkpt lat="34.566347" lon="-83.966861"></trkpt>
      <trkpt lat="34.566596" lon="-83.967099"></trkpt>
      <trkpt lat="34.566669" lon="-83.967171"></trkpt>
      <trkpt lat="34.566907" lon="-83.967405"></trkpt>
      <trkpt lat="34.567274" lon="-83.967755"></trkpt>
      <trkpt lat="34.567545" lon="-83.968002"></trkpt>
      <trkpt lat="34.567669" lon="-83.968111"></trkpt>
      <trkpt lat="34.567752" lon="-83.968174"></trkpt>
      <trkpt lat="34.567819" lon="-83.968226"></trkpt>
      <trkpt lat="34.567887" lon="-83.968272"></trkpt>
      <trkpt lat="34.567939" lon="-83.968303"></trkpt>
      <trkpt lat="34.567986" lon="-83.968329"></trkpt>
      <trkpt lat="34.568047" lon="-83.968358"></trkpt>
      <trkpt lat="34.568075" lon="-83.968371"></trkpt>
      <trkpt lat="34.568153" lon="-83.968404"></trkpt>
      <trkpt lat="34.568234" lon="-83.968427"></trkpt>
      <trkpt lat="34.568307" lon="-83.968444"></trkpt>
      <trkpt lat="34.568422" lon="-83.968466"></trkpt>
      <trkpt lat="34.568531" lon="-83.968479"></trkpt>
      <trkpt lat="34.56864" lon="-83.968487"></trkpt>
      <trkpt lat="34.568757" lon="-83.968484"></trkpt>
      <trkpt lat="34.568869" lon="-83.968474"></trkpt>
      <trkpt lat="34.568981" lon="-83.968459"></trkpt>
      <trkpt lat="34.569149" lon="-83.968428"></trkpt>
      <trkpt lat="34.569316" lon="-83.968389"></trkpt>
      <trkpt lat="34.569438" lon="-83.968361"></trkpt>
      <trkpt lat="34.570103" lon="-83.96821"></trkpt>
      <trkpt lat="34.570294" lon="-83.968166"></trkpt>
      <trkpt lat="34.57079" lon="-83.968049"></trkpt>
      <trkpt lat="34.570976" lon="-83.96801"></trkpt>
      <trkpt lat="34.571261" lon="-83.967949"></trkpt>
      <trkpt lat="34.571944" lon="-83.967755"></trkpt>
      <trkpt lat="34.572046" lon="-83.967726"></trkpt>
      <trkpt lat="34.572678" lon="-83.967576"></trkpt>
      <trkpt lat="34.572844" lon="-83.967537"></trkpt>
      <trkpt lat="34.572917" lon="-83.967519"></trkpt>
      <trkpt lat="34.573069" lon="-83.967484"></trkpt>
      <trkpt lat="34.573397" lon="-83.967409"></trkpt>
      <trkpt lat="34.573514" lon="-83.967385"></trkpt>
      <trkpt lat="34.573631" lon="-83.967366"></trkpt>
      <trkpt lat="34.573728" lon="-83.967355"></trkpt>
      <trkpt lat="34.573821" lon="-83.967351"></trkpt>
      <trkpt lat="34.573943" lon="-83.967354"></trkpt>
      <trkpt lat="34.574049" lon="-83.967365"></trkpt>
      <trkpt lat="34.574131" lon="-83.967377"></trkpt>
      <trkpt lat="34.574213" lon="-83.967391"></trkpt>
      <trkpt lat="34.57428" lon="-83.967407"></trkpt>
      <trkpt lat="34.574482" lon="-83.967464"></trkpt>
      <trkpt lat="34.574821" lon="-83.967565"></trkpt>
      <trkpt lat="34.57509" lon="-83.967649"></trkpt>
      <trkpt lat="34.57528" lon="-83.967708"></trkpt>
      <trkpt lat="34.575602" lon="-83.967801"></trkpt>
      <trkpt lat="34.576019" lon="-83.967916"></trkpt>
      <trkpt lat="34.576277" lon="-83.967992"></trkpt>
      <trkpt lat="34.576675" lon="-83.96812"></trkpt>
      <trkpt lat="34.577154" lon="-83.968249"></trkpt>
      <trkpt lat="34.577382" lon="-83.968316"></trkpt>
      <trkpt lat="34.577605" lon="-83.968386"></trkpt>
      <trkpt lat="34.57774" lon="-83.968432"></trkpt>
      <trkpt lat="34.577876" lon="-83.968484"></trkpt>
      <trkpt lat="34.577962" lon="-83.968525"></trkpt>
      <trkpt lat="34.578047" lon="-83.968572"></trkpt>
      <trkpt lat="34.578165" lon="-83.968653"></trkpt>
      <trkpt lat="34.578221" lon="-83.968696"></trkpt>
      <trkpt lat="34.578277" lon="-83.968742"></trkpt>
      <trkpt lat="34.578327" lon="-83.968783"></trkpt>
      <trkpt lat="34.578378" lon="-83.968827"></trkpt>
      <trkpt lat="34.578442" lon="-83.968889"></trkpt>
      <trkpt lat="34.578642" lon="-83.969081"></trkpt>
      <trkpt lat="34.578905" lon="-83.969332"></trkpt>
      <trkpt lat="34.579138" lon="-83.969554"></trkpt>
      <trkpt lat="34.579211" lon="-83.969621"></trkpt>
      <trkpt lat="34.57931" lon="-83.969711"></trkpt>
      <trkpt lat="34.579373" lon="-83.969768"></trkpt>
      <trkpt lat="34.579582" lon="-83.969958"></trkpt>
      <trkpt lat="34.579646" lon="-83.970015"></trkpt>
      <trkpt lat="34.579777" lon="-83.970123"></trkpt>
      <trkpt lat="34.579919" lon="-83.970227"></trkpt>
      <trkpt lat="34.580059" lon="-83.970322"></trkpt>
      <trkpt lat="34.580165" lon="-83.970376"></trkpt>
      <trkpt lat="34.580271" lon="-83.970419"></trkpt>
      <trkpt lat="34.580349" lon="-83.970449"></trkpt>
      <trkpt lat="34.580427" lon="-83.970477"></trkpt>
      <trkpt lat="34.580572" lon="-83.970518"></trkpt>
      <trkpt lat="34.580601" lon="-83.970526"></trkpt>
      <trkpt lat="34.580689" lon="-83.970551"></trkpt>
      <trkpt lat="34.580957" lon="-83.970619"></trkpt>
      <trkpt lat="34.581039" lon="-83.97064"></trkpt>
      <trkpt lat="34.581122" lon="-83.970656"></trkpt>
      <trkpt lat="34.581188" lon="-83.970665"></trkpt>
      <trkpt lat="34.581255" lon="-83.97067"></trkpt>
      <trkpt lat="34.581321" lon="-83.97067"></trkpt>
      <trkpt lat="34.581386" lon="-83.970655"></trkpt>
      <trkpt lat="34.581438" lon="-83.970641"></trkpt>
      <trkpt lat="34.581491" lon="-83.970621"></trkpt>
      <trkpt lat="34.58154" lon="-83.970595"></trkpt>
      <trkpt lat="34.581584" lon="-83.970562"></trkpt>
      <trkpt lat="34.581619" lon="-83.97053"></trkpt>
      <trkpt lat="34.581652" lon="-83.970491"></trkpt>
      <trkpt lat="34.581683" lon="-83.970445"></trkpt>
      <trkpt lat="34.581711" lon="-83.970393"></trkpt>
      <trkpt lat="34.581758" lon="-83.970283"></trkpt>
      <trkpt lat="34.581814" lon="-83.970131"></trkpt>
      <trkpt lat="34.581867" lon="-83.969968"></trkpt>
      <trkpt lat="34.581959" lon="-83.969674"></trkpt>
      <trkpt lat="34.581985" lon="-83.969608"></trkpt>
      <trkpt lat="34.582014" lon="-83.969541"></trkpt>
      <trkpt lat="34.582048" lon="-83.969476"></trkpt>
      <trkpt lat="34.582083" lon="-83.969415"></trkpt>
      <trkpt lat="34.582142" lon="-83.969333"></trkpt>
      <trkpt lat="34.582202" lon="-83.969261"></trkpt>
      <trkpt lat="34.58227" lon="-83.969194"></trkpt>
      <trkpt lat="34.58234" lon="-83.969134"></trkpt>
      <trkpt lat="34.582416" lon="-83.969077"></trkpt>
      <trkpt lat="34.582502" lon="-83.969034"></trkpt>
      <trkpt lat="34.582648" lon="-83.968987"></trkpt>
      <trkpt lat="34.582766" lon="-83.968971"></trkpt>
      <trkpt lat="34.582877" lon="-83.968976"></trkpt>
      <trkpt lat="34.582972" lon="-83.968994"></trkpt>
      <trkpt lat="34.583046" lon="-83.969017"></trkpt>
      <trkpt lat="34.583121" lon="-83.969049"></trkpt>
      <trkpt lat="34.583356" lon="-83.969179"></trkpt>
      <trkpt lat="34.583571" lon="-83.969303"></trkpt>
      <trkpt lat="34.583744" lon="-83.9694"></trkpt>
      <trkpt lat="34.583931" lon="-83.969491"></trkpt>
      <trkpt lat="34.584058" lon="-83.969541"></trkpt>
      <trkpt lat="34.584161" lon="-83.969574"></trkpt>
      <trkpt lat="34.584188" lon="-83.969583"></trkpt>
      <trkpt lat="34.584581" lon="-83.969707"></trkpt>
      <trkpt lat="34.584959" lon="-83.969825"></trkpt>
      <trkpt lat="34.585051" lon="-83.969854"></trkpt>
      <trkpt lat="34.585302" lon="-83.969932"></trkpt>
      <trkpt lat="34.585438" lon="-83.969974"></trkpt>
      <trkpt lat="34.585812" lon="-83.970083"></trkpt>
      <trkpt lat="34.585996" lon="-83.970145"></trkpt>
      <trkpt lat="34.586179" lon="-83.970218"></trkpt>
      <trkpt lat="34.586204" lon="-83.970233"></trkpt>
      <trkpt lat="34.586279" lon="-83.970278"></trkpt>
      <trkpt lat="34.58637" lon="-83.970344"></trkpt>
      <trkpt lat="34.586463" lon="-83.970426"></trkpt>
      <trkpt lat="34.586552" lon="-83.970508"></trkpt>
      <trkpt lat="34.586684" lon="-83.970633"></trkpt>
      <trkpt lat="34.58675" lon="-83.97068"></trkpt>
      <trkpt lat="34.586823" lon="-83.970721"></trkpt>
      <trkpt lat="34.586896" lon="-83.970748"></trkpt>
      <trkpt lat="34.586969" lon="-83.970764"></trkpt>
      <trkpt lat="34.5872" lon="-83.970763"></trkpt>
      <trkpt lat="34.587429" lon="-83.970736"></trkpt>
      <trkpt lat="34.58804" lon="-83.970622"></trkpt>
      <trkpt lat="34.588375" lon="-83.970553"></trkpt>
      <trkpt lat="34.58863" lon="-83.970503"></trkpt>
      <trkpt lat="34.588717" lon="-83.970488"></trkpt>
      <trkpt lat="34.588894" lon="-83.970463"></trkpt>
      <trkpt lat="34.588967" lon="-83.970456"></trkpt>
      <trkpt lat="34.589037" lon="-83.970458"></trkpt>
      <trkpt lat="34.589109" lon="-83.970469"></trkpt>
      <trkpt lat="34.58918" lon="-83.97049"></trkpt>
      <trkpt lat="34.589249" lon="-83.970524"></trkpt>
      <trkpt lat="34.589318" lon="-83.970571"></trkpt>
      <trkpt lat="34.589375" lon="-83.970619"></trkpt>
      <trkpt lat="34.589432" lon="-83.970673"></trkpt>
      <trkpt lat="34.58951" lon="-83.970746"></trkpt>
      <trkpt lat="34.58959" lon="-83.970812"></trkpt>
      <trkpt lat="34.589685" lon="-83.970875"></trkpt>
      <trkpt lat="34.589738" lon="-83.970901"></trkpt>
      <trkpt lat="34.589792" lon="-83.970919"></trkpt>
      <trkpt lat="34.589845" lon="-83.97093"></trkpt>
      <trkpt lat="34.58989" lon="-83.970931"></trkpt>
      <trkpt lat="34.589934" lon="-83.970932"></trkpt>
      <trkpt lat="34.589989" lon="-83.970927"></trkpt>
      <trkpt lat="34.590046" lon="-83.970914"></trkpt>
      <trkpt lat="34.590102" lon="-83.97089"></trkpt>
      <trkpt lat="34.590161" lon="-83.97085"></trkpt>
      <trkpt lat="34.590202" lon="-83.970819"></trkpt>
      <trkpt lat="34.590243" lon="-83.970783"></trkpt>
      <trkpt lat="34.590284" lon="-83.970734"></trkpt>
      <trkpt lat="34.590322" lon="-83.970687"></trkpt>
      <trkpt lat="34.590361" lon="-83.970624"></trkpt>
      <trkpt lat="34.590397" lon="-83.970551"></trkpt>
      <trkpt lat="34.590436" lon="-83.970456"></trkpt>
      <trkpt lat="34.590474" lon="-83.970353"></trkpt>
      <trkpt lat="34.590526" lon="-83.970242"></trkpt>
      <trkpt lat="34.590573" lon="-83.97016"></trkpt>
      <trkpt lat="34.590615" lon="-83.970091"></trkpt>
      <trkpt lat="34.590654" lon="-83.970061"></trkpt>
      <trkpt lat="34.590747" lon="-83.969958"></trkpt>
      <trkpt lat="34.590931" lon="-83.969823"></trkpt>
      <trkpt lat="34.591064" lon="-83.969735"></trkpt>
      <trkpt lat="34.591257" lon="-83.969617"></trkpt>
      <trkpt lat="34.591449" lon="-83.969513"></trkpt>
      <trkpt lat="34.591551" lon="-83.969465"></trkpt>
      <trkpt lat="34.591653" lon="-83.969423"></trkpt>
      <trkpt lat="34.591756" lon="-83.969384"></trkpt>
      <trkpt lat="34.591855" lon="-83.969351"></trkpt>
      <trkpt lat="34.592164" lon="-83.969271"></trkpt>
      <trkpt lat="34.592467" lon="-83.969174"></trkpt>
      <trkpt lat="34.59279" lon="-83.969081"></trkpt>
      <trkpt lat="34.592919" lon="-83.969055"></trkpt>
      <trkpt lat="34.59305" lon="-83.969043"></trkpt>
      <trkpt lat="34.593112" lon="-83.969043"></trkpt>
      <trkpt lat="34.593172" lon="-83.969046"></trkpt>
      <trkpt lat="34.593236" lon="-83.969054"></trkpt>
      <trkpt lat="34.593288" lon="-83.969064"></trkpt>
      <trkpt lat="34.593336" lon="-83.969075"></trkpt>
      <trkpt lat="34.593387" lon="-83.969091"></trkpt>
      <trkpt lat="34.593436" lon="-83.969109"></trkpt>
      <trkpt lat="34.59353" lon="-83.969147"></trkpt>
      <trkpt lat="34.593616" lon="-83.969185"></trkpt>
      <trkpt lat="34.593827" lon="-83.969282"></trkpt>
      <trkpt lat="34.594034" lon="-83.969374"></trkpt>
      <trkpt lat="34.594297" lon="-83.969506"></trkpt>
      <trkpt lat="34.594427" lon="-83.969576"></trkpt>
      <trkpt lat="34.594553" lon="-83.969654"></trkpt>
      <trkpt lat="34.594864" lon="-83.969862"></trkpt>
      <trkpt lat="34.595" lon="-83.969952"></trkpt>
      <trkpt lat="34.595025" lon="-83.969968"></trkpt>
      <trkpt lat="34.595159" lon="-83.970057"></trkpt>
      <trkpt lat="34.59525" lon="-83.970126"></trkpt>
      <trkpt lat="34.59553" lon="-83.97031"></trkpt>
      <trkpt lat="34.595832" lon="-83.970504"></trkpt>
      <trkpt lat="34.595987" lon="-83.970591"></trkpt>
      <trkpt lat="34.596056" lon="-83.970627"></trkpt>
      <trkpt lat="34.596143" lon="-83.970662"></trkpt>
      <trkpt lat="34.596224" lon="-83.970692"></trkpt>
      <trkpt lat="34.596306" lon="-83.970718"></trkpt>
      <trkpt lat="34.596384" lon="-83.970733"></trkpt>
      <trkpt lat="34.596491" lon="-83.970749"></trkpt>
      <trkpt lat="34.596596" lon="-83.970756"></trkpt>
      <trkpt lat="34.596679" lon="-83.97075"></trkpt>
      <trkpt lat="34.596764" lon="-83.970738"></trkpt>
      <trkpt lat="34.596872" lon="-83.970714"></trkpt>
      <trkpt lat="34.596986" lon="-83.970684"></trkpt>
      <trkpt lat="34.59718" lon="-83.97063"></trkpt>
      <trkpt lat="34.597435" lon="-83.970547"></trkpt>
      <trkpt lat="34.597814" lon="-83.970423"></trkpt>
      <trkpt lat="34.597859" lon="-83.970408"></trkpt>
      <trkpt lat="34.598024" lon="-83.970351"></trkpt>
      <trkpt lat="34.598474" lon="-83.97019"></trkpt>
      <trkpt lat="34.598587" lon="-83.970151"></trkpt>
      <trkpt lat="34.598825" lon="-83.970079"></trkpt>
      <trkpt lat="34.598955" lon="-83.97003"></trkpt>
      <trkpt lat="34.599089" lon="-83.969975"></trkpt>
      <trkpt lat="34.599325" lon="-83.969865"></trkpt>
      <trkpt lat="34.599506" lon="-83.969791"></trkpt>
      <trkpt lat="34.599672" lon="-83.969738"></trkpt>
      <trkpt lat="34.599728" lon="-83.96973"></trkpt>
      <trkpt lat="34.599785" lon="-83.969727"></trkpt>
      <trkpt lat="34.59984" lon="-83.969731"></trkpt>
      <trkpt lat="34.599893" lon="-83.969742"></trkpt>
      <trkpt lat="34.599968" lon="-83.969773"></trkpt>
      <trkpt lat="34.600266" lon="-83.969934"></trkpt>
      <trkpt lat="34.600417" lon="-83.970007"></trkpt>
      <trkpt lat="34.600573" lon="-83.970066"></trkpt>
      <trkpt lat="34.600612" lon="-83.970078"></trkpt>
      <trkpt lat="34.600686" lon="-83.970101"></trkpt>
      <trkpt lat="34.600778" lon="-83.970117"></trkpt>
      <trkpt lat="34.600869" lon="-83.970125"></trkpt>
      <trkpt lat="34.600958" lon="-83.970123"></trkpt>
      <trkpt lat="34.601046" lon="-83.97011"></trkpt>
      <trkpt lat="34.601175" lon="-83.970072"></trkpt>
      <trkpt lat="34.601301" lon="-83.97002"></trkpt>
      <trkpt lat="34.601392" lon="-83.969974"></trkpt>
      <trkpt lat="34.601481" lon="-83.96992"></trkpt>
      <trkpt lat="34.601695" lon="-83.969835"></trkpt>
      <trkpt lat="34.601824" lon="-83.969791"></trkpt>
      <trkpt lat="34.601878" lon="-83.969773"></trkpt>
      <trkpt lat="34.601942" lon="-83.969765"></trkpt>
      <trkpt lat="34.602035" lon="-83.969764"></trkpt>
      <trkpt lat="34.602121" lon="-83.969776"></trkpt>
      <trkpt lat="34.602228" lon="-83.969792"></trkpt>
      <trkpt lat="34.602478" lon="-83.969858"></trkpt>
      <trkpt lat="34.602676" lon="-83.969928"></trkpt>
      <trkpt lat="34.602757" lon="-83.969952"></trkpt>
      <trkpt lat="34.602831" lon="-83.969968"></trkpt>
      <trkpt lat="34.602911" lon="-83.96998"></trkpt>
      <trkpt lat="34.602991" lon="-83.969972"></trkpt>
      <trkpt lat="34.603075" lon="-83.969944"></trkpt>
      <trkpt lat="34.603142" lon="-83.969893"></trkpt>
      <trkpt lat="34.603208" lon="-83.969829"></trkpt>
      <trkpt lat="34.603293" lon="-83.969726"></trkpt>
      <trkpt lat="34.603381" lon="-83.9696"></trkpt>
      <trkpt lat="34.603423" lon="-83.969552"></trkpt>
      <trkpt lat="34.603466" lon="-83.969511"></trkpt>
      <trkpt lat="34.603533" lon="-83.969462"></trkpt>
      <trkpt lat="34.603607" lon="-83.969417"></trkpt>
      <trkpt lat="34.603754" lon="-83.969333"></trkpt>
      <trkpt lat="34.603934" lon="-83.969239"></trkpt>
      <trkpt lat="34.604076" lon="-83.969161"></trkpt>
      <trkpt lat="34.604209" lon="-83.969072"></trkpt>
      <trkpt lat="34.604351" lon="-83.968978"></trkpt>
      <trkpt lat="34.604458" lon="-83.968898"></trkpt>
      <trkpt lat="34.604522" lon="-83.968861"></trkpt>
      <trkpt lat="34.60458" lon="-83.968843"></trkpt>
      <trkpt lat="34.604637" lon="-83.968832"></trkpt>
      <trkpt lat="34.604706" lon="-83.968829"></trkpt>
      <trkpt lat="34.604777" lon="-83.968838"></trkpt>
      <trkpt lat="34.604825" lon="-83.968852"></trkpt>
      <trkpt lat="34.604876" lon="-83.968874"></trkpt>
      <trkpt lat="34.604926" lon="-83.968904"></trkpt>
      <trkpt lat="34.60499" lon="-83.968957"></trkpt>
      <trkpt lat="34.605046" lon="-83.96901"></trkpt>
      <trkpt lat="34.605106" lon="-83.969076"></trkpt>
      <trkpt lat="34.605187" lon="-83.96917"></trkpt>
      <trkpt lat="34.605374" lon="-83.969394"></trkpt>
      <trkpt lat="34.605617" lon="-83.969673"></trkpt>
      <trkpt lat="34.605663" lon="-83.969713"></trkpt>
      <trkpt lat="34.605709" lon="-83.969748"></trkpt>
      <trkpt lat="34.605758" lon="-83.96978"></trkpt>
      <trkpt lat="34.605822" lon="-83.969812"></trkpt>
      <trkpt lat="34.605892" lon="-83.969827"></trkpt>
      <trkpt lat="34.605961" lon="-83.969828"></trkpt>
      <trkpt lat="34.606047" lon="-83.969816"></trkpt>
      <trkpt lat="34.606141" lon="-83.969791"></trkpt>
      <trkpt lat="34.606457" lon="-83.969704"></trkpt>
      <trkpt lat="34.606623" lon="-83.969656"></trkpt>
      <trkpt lat="34.606778" lon="-83.969623"></trkpt>
      <trkpt lat="34.606947" lon="-83.969608"></trkpt>
      <trkpt lat="34.607015" lon="-83.9696"></trkpt>
      <trkpt lat="34.607084" lon="-83.969601"></trkpt>
      <trkpt lat="34.607159" lon="-83.969605"></trkpt>
      <trkpt lat="34.607231" lon="-83.969615"></trkpt>
      <trkpt lat="34.607306" lon="-83.969633"></trkpt>
      <trkpt lat="34.607379" lon="-83.969652"></trkpt>
      <trkpt lat="34.607528" lon="-83.969706"></trkpt>
      <trkpt lat="34.607629" lon="-83.969759"></trkpt>
      <trkpt lat="34.607728" lon="-83.96981"></trkpt>
      <trkpt lat="34.607875" lon="-83.969894"></trkpt>
      <trkpt lat="34.608064" lon="-83.970021"></trkpt>
      <trkpt lat="34.608188" lon="-83.970101"></trkpt>
      <trkpt lat="34.608354" lon="-83.97022"></trkpt>
      <trkpt lat="34.608679" lon="-83.970471"></trkpt>
      <trkpt lat="34.608895" lon="-83.97064"></trkpt>
      <trkpt lat="34.609012" lon="-83.9707"></trkpt>
      <trkpt lat="34.609069" lon="-83.970734"></trkpt>
      <trkpt lat="34.609125" lon="-83.970761"></trkpt>
      <trkpt lat="34.60917" lon="-83.970773"></trkpt>
      <trkpt lat="34.609214" lon="-83.970784"></trkpt>
      <trkpt lat="34.609286" lon="-83.970784"></trkpt>
      <trkpt lat="34.609353" lon="-83.970767"></trkpt>
      <trkpt lat="34.609406" lon="-83.97075"></trkpt>
      <trkpt lat="34.609458" lon="-83.97072"></trkpt>
      <trkpt lat="34.609513" lon="-83.970679"></trkpt>
      <trkpt lat="34.609563" lon="-83.970636"></trkpt>
      <trkpt lat="34.609607" lon="-83.97059"></trkpt>
      <trkpt lat="34.609636" lon="-83.970556"></trkpt>
      <trkpt lat="34.609668" lon="-83.970522"></trkpt>
      <trkpt lat="34.60971" lon="-83.970463"></trkpt>
      <trkpt lat="34.609755" lon="-83.970386"></trkpt>
      <trkpt lat="34.609808" lon="-83.970282"></trkpt>
      <trkpt lat="34.609849" lon="-83.97017"></trkpt>
      <trkpt lat="34.609871" lon="-83.970095"></trkpt>
      <trkpt lat="34.609888" lon="-83.970008"></trkpt>
      <trkpt lat="34.609899" lon="-83.969919"></trkpt>
      <trkpt lat="34.609932" lon="-83.969357"></trkpt>
      <trkpt lat="34.609945" lon="-83.969272"></trkpt>
      <trkpt lat="34.609962" lon="-83.969207"></trkpt>
      <trkpt lat="34.609984" lon="-83.969135"></trkpt>
      <trkpt lat="34.610017" lon="-83.969063"></trkpt>
      <trkpt lat="34.610055" lon="-83.968998"></trkpt>
      <trkpt lat="34.610108" lon="-83.968927"></trkpt>
      <trkpt lat="34.610176" lon="-83.968856"></trkpt>
      <trkpt lat="34.610256" lon="-83.968784"></trkpt>
      <trkpt lat="34.610367" lon="-83.968686"></trkpt>
      <trkpt lat="34.610485" lon="-83.968581"></trkpt>
      <trkpt lat="34.610569" lon="-83.968501"></trkpt>
      <trkpt lat="34.610633" lon="-83.968432"></trkpt>
      <trkpt lat="34.610697" lon="-83.968345"></trkpt>
      <trkpt lat="34.610746" lon="-83.968264"></trkpt>
      <trkpt lat="34.610795" lon="-83.968185"></trkpt>
      <trkpt lat="34.610834" lon="-83.968112"></trkpt>
      <trkpt lat="34.610893" lon="-83.968"></trkpt>
      <trkpt lat="34.610939" lon="-83.967892"></trkpt>
      <trkpt lat="34.610979" lon="-83.967786"></trkpt>
      <trkpt lat="34.61101" lon="-83.967679"></trkpt>
      <trkpt lat="34.611033" lon="-83.967558"></trkpt>
      <trkpt lat="34.611046" lon="-83.967432"></trkpt>
      <trkpt lat="34.611051" lon="-83.967322"></trkpt>
      <trkpt lat="34.61105" lon="-83.967205"></trkpt>
      <trkpt lat="34.611043" lon="-83.967112"></trkpt>
      <trkpt lat="34.611034" lon="-83.967024"></trkpt>
      <trkpt lat="34.611021" lon="-83.96694"></trkpt>
      <trkpt lat="34.610997" lon="-83.966854"></trkpt>
      <trkpt lat="34.610969" lon="-83.966775"></trkpt>
      <trkpt lat="34.610928" lon="-83.966693"></trkpt>
      <trkpt lat="34.610887" lon="-83.966619"></trkpt>
      <trkpt lat="34.610841" lon="-83.966546"></trkpt>
      <trkpt lat="34.61077" lon="-83.966435"></trkpt>
      <trkpt lat="34.610715" lon="-83.966335"></trkpt>
      <trkpt lat="34.610682" lon="-83.966268"></trkpt>
      <trkpt lat="34.61065" lon="-83.966185"></trkpt>
      <trkpt lat="34.61063" lon="-83.966106"></trkpt>
      <trkpt lat="34.610622" lon="-83.966022"></trkpt>
      <trkpt lat="34.610628" lon="-83.965932"></trkpt>
      <trkpt lat="34.610643" lon="-83.965855"></trkpt>
      <trkpt lat="34.610665" lon="-83.965771"></trkpt>
      <trkpt lat="34.6107" lon="-83.965649"></trkpt>
      <trkpt lat="34.610799" lon="-83.965359"></trkpt>
      <trkpt lat="34.610913" lon="-83.965003"></trkpt>
      <trkpt lat="34.611025" lon="-83.964685"></trkpt>
      <trkpt lat="34.611088" lon="-83.964516"></trkpt>
      <trkpt lat="34.611157" lon="-83.964369"></trkpt>
      <trkpt lat="34.611224" lon="-83.964249"></trkpt>
      <trkpt lat="34.611297" lon="-83.964146"></trkpt>
      <trkpt lat="34.611376" lon="-83.96407"></trkpt>
      <trkpt lat="34.611452" lon="-83.964019"></trkpt>
      <trkpt lat="34.611519" lon="-83.963983"></trkpt>
      <trkpt lat="34.611568" lon="-83.963968"></trkpt>
      <trkpt lat="34.611635" lon="-83.963948"></trkpt>
      <trkpt lat="34.611703" lon="-83.963941"></trkpt>
      <trkpt lat="34.611797" lon="-83.963951"></trkpt>
      <trkpt lat="34.611869" lon="-83.963971"></trkpt>
      <trkpt lat="34.61201" lon="-83.96402"></trkpt>
      <trkpt lat="34.612046" lon="-83.964038"></trkpt>
      <trkpt lat="34.612202" lon="-83.964111"></trkpt>
      <trkpt lat="34.612767" lon="-83.964381"></trkpt>
      <trkpt lat="34.613137" lon="-83.964564"></trkpt>
      <trkpt lat="34.613254" lon="-83.964602"></trkpt>
      <trkpt lat="34.613357" lon="-83.964625"></trkpt>
      <trkpt lat="34.613436" lon="-83.964627"></trkpt>
      <trkpt lat="34.613494" lon="-83.964621"></trkpt>
      <trkpt lat="34.613555" lon="-83.964609"></trkpt>
      <trkpt lat="34.613589" lon="-83.964599"></trkpt>
      <trkpt lat="34.613623" lon="-83.964589"></trkpt>
      <trkpt lat="34.61367" lon="-83.964567"></trkpt>
      <trkpt lat="34.61372" lon="-83.964537"></trkpt>
      <trkpt lat="34.613777" lon="-83.964496"></trkpt>
      <trkpt lat="34.613823" lon="-83.964452"></trkpt>
      <trkpt lat="34.613862" lon="-83.964414"></trkpt>
      <trkpt lat="34.613899" lon="-83.964369"></trkpt>
      <trkpt lat="34.613936" lon="-83.964321"></trkpt>
      <trkpt lat="34.613967" lon="-83.964271"></trkpt>
      <trkpt lat="34.613994" lon="-83.964222"></trkpt>
      <trkpt lat="34.614019" lon="-83.964167"></trkpt>
      <trkpt lat="34.614042" lon="-83.964106"></trkpt>
      <trkpt lat="34.61406" lon="-83.964051"></trkpt>
      <trkpt lat="34.614079" lon="-83.963987"></trkpt>
      <trkpt lat="34.614103" lon="-83.96388"></trkpt>
      <trkpt lat="34.614179" lon="-83.963479"></trkpt>
      <trkpt lat="34.61424" lon="-83.963216"></trkpt>
      <trkpt lat="34.614284" lon="-83.963127"></trkpt>
      <trkpt lat="34.614332" lon="-83.963053"></trkpt>
      <trkpt lat="34.614378" lon="-83.963"></trkpt>
      <trkpt lat="34.614476" lon="-83.962926"></trkpt>
      <trkpt lat="34.614573" lon="-83.962864"></trkpt>
      <trkpt lat="34.614678" lon="-83.962819"></trkpt>
      <trkpt lat="34.614807" lon="-83.962761"></trkpt>
      <trkpt lat="34.615" lon="-83.962688"></trkpt>
      <trkpt lat="34.615093" lon="-83.962645"></trkpt>
      <trkpt lat="34.615221" lon="-83.962594"></trkpt>
      <trkpt lat="34.61536" lon="-83.962542"></trkpt>
      <trkpt lat="34.615467" lon="-83.962486"></trkpt>
      <trkpt lat="34.615541" lon="-83.962427"></trkpt>
      <trkpt lat="34.615615" lon="-83.962357"></trkpt>
      <trkpt lat="34.615662" lon="-83.962284"></trkpt>
      <trkpt lat="34.61569" lon="-83.962225"></trkpt>
      <trkpt lat="34.615713" lon="-83.962167"></trkpt>
      <trkpt lat="34.61573" lon="-83.962103"></trkpt>
      <trkpt lat="34.615747" lon="-83.962022"></trkpt>
      <trkpt lat="34.615757" lon="-83.961909"></trkpt>
      <trkpt lat="34.615767" lon="-83.961775"></trkpt>
      <trkpt lat="34.615776" lon="-83.961654"></trkpt>
      <trkpt lat="34.615791" lon="-83.961533"></trkpt>
      <trkpt lat="34.615818" lon="-83.961438"></trkpt>
      <trkpt lat="34.615855" lon="-83.961352"></trkpt>
      <trkpt lat="34.615907" lon="-83.96128"></trkpt>
      <trkpt lat="34.615958" lon="-83.961226"></trkpt>
      <trkpt lat="34.616017" lon="-83.961186"></trkpt>
      <trkpt lat="34.616086" lon="-83.96115"></trkpt>
      <trkpt lat="34.616196" lon="-83.961114"></trkpt>
      <trkpt lat="34.616265" lon="-83.961098"></trkpt>
      <trkpt lat="34.616351" lon="-83.96108"></trkpt>
      <trkpt lat="34.616533" lon="-83.961045"></trkpt>
      <trkpt lat="34.617039" lon="-83.960954"></trkpt>
      <trkpt lat="34.617344" lon="-83.9609"></trkpt>
      <trkpt lat="34.61749" lon="-83.960865"></trkpt>
      <trkpt lat="34.617634" lon="-83.96082"></trkpt>
      <trkpt lat="34.617728" lon="-83.960778"></trkpt>
      <trkpt lat="34.61781" lon="-83.96073"></trkpt>
      <trkpt lat="34.617889" lon="-83.960676"></trkpt>
      <trkpt lat="34.617984" lon="-83.9606"></trkpt>
      <trkpt lat="34.618105" lon="-83.960513"></trkpt>
      <trkpt lat="34.618253" lon="-83.960423"></trkpt>
      <trkpt lat="34.618459" lon="-83.960318"></trkpt>
      <trkpt lat="34.618747" lon="-83.960204"></trkpt>
      <trkpt lat="34.619077" lon="-83.960076"></trkpt>
      <trkpt lat="34.619523" lon="-83.959895"></trkpt>
      <trkpt lat="34.619965" lon="-83.959722"></trkpt>
      <trkpt lat="34.620234" lon="-83.959622"></trkpt>
      <trkpt lat="34.620582" lon="-83.959502"></trkpt>
      <trkpt lat="34.620991" lon="-83.959393"></trkpt>
      <trkpt lat="34.621278" lon="-83.959314"></trkpt>
      <trkpt lat="34.621339" lon="-83.959295"></trkpt>
      <trkpt lat="34.621537" lon="-83.959238"></trkpt>
      <trkpt lat="34.621613" lon="-83.959215"></trkpt>
      <trkpt lat="34.621717" lon="-83.959177"></trkpt>
      <trkpt lat="34.621804" lon="-83.95915"></trkpt>
      <trkpt lat="34.621931" lon="-83.959087"></trkpt>
      <trkpt lat="34.622067" lon="-83.959017"></trkpt>
      <trkpt lat="34.622218" lon="-83.958941"></trkpt>
      <trkpt lat="34.622364" lon="-83.958881"></trkpt>
      <trkpt lat="34.62245" lon="-83.958849"></trkpt>
      <trkpt lat="34.622534" lon="-83.958819"></trkpt>
      <trkpt lat="34.622612" lon="-83.9588"></trkpt>
      <trkpt lat="34.622717" lon="-83.958773"></trkpt>
      <trkpt lat="34.622878" lon="-83.958743"></trkpt>
      <trkpt lat="34.623006" lon="-83.958723"></trkpt>
      <trkpt lat="34.62317" lon="-83.958701"></trkpt>
      <trkpt lat="34.623379" lon="-83.95867"></trkpt>
      <trkpt lat="34.623529" lon="-83.958646"></trkpt>
      <trkpt lat="34.623609" lon="-83.958627"></trkpt>
      <trkpt lat="34.623676" lon="-83.958606"></trkpt>
      <trkpt lat="34.623735" lon="-83.958578"></trkpt>
      <trkpt lat="34.623782" lon="-83.958544"></trkpt>
      <trkpt lat="34.623823" lon="-83.958509"></trkpt>
      <trkpt lat="34.623866" lon="-83.958457"></trkpt>
      <trkpt lat="34.623912" lon="-83.958382"></trkpt>
      <trkpt lat="34.623992" lon="-83.958225"></trkpt>
      <trkpt lat="34.624073" lon="-83.958057"></trkpt>
      <trkpt lat="34.624166" lon="-83.957902"></trkpt>
      <trkpt lat="34.62424" lon="-83.957824"></trkpt>
      <trkpt lat="34.624312" lon="-83.957771"></trkpt>
      <trkpt lat="34.624387" lon="-83.957729"></trkpt>
      <trkpt lat="34.624452" lon="-83.957697"></trkpt>
      <trkpt lat="34.624509" lon="-83.957666"></trkpt>
      <trkpt lat="34.624565" lon="-83.957634"></trkpt>
      <trkpt lat="34.624605" lon="-83.957602"></trkpt>
      <trkpt lat="34.62465" lon="-83.957558"></trkpt>
      <trkpt lat="34.624678" lon="-83.957517"></trkpt>
      <trkpt lat="34.624698" lon="-83.957478"></trkpt>
      <trkpt lat="34.624713" lon="-83.957435"></trkpt>
      <trkpt lat="34.624722" lon="-83.95739"></trkpt>
      <trkpt lat="34.624734" lon="-83.95731"></trkpt>
      <trkpt lat="34.624741" lon="-83.957201"></trkpt>
      <trkpt lat="34.624749" lon="-83.957114"></trkpt>
      <trkpt lat="34.624765" lon="-83.957028"></trkpt>
      <trkpt lat="34.624791" lon="-83.956958"></trkpt>
      <trkpt lat="34.624823" lon="-83.956909"></trkpt>
      <trkpt lat="34.624847" lon="-83.956882"></trkpt>
      <trkpt lat="34.624874" lon="-83.956851"></trkpt>
      <trkpt lat="34.624922" lon="-83.956815"></trkpt>
      <trkpt lat="34.624966" lon="-83.95679"></trkpt>
      <trkpt lat="34.625007" lon="-83.956772"></trkpt>
      <trkpt lat="34.625078" lon="-83.956749"></trkpt>
      <trkpt lat="34.625156" lon="-83.95672"></trkpt>
      <trkpt lat="34.625261" lon="-83.956676"></trkpt>
      <trkpt lat="34.625326" lon="-83.956636"></trkpt>
      <trkpt lat="34.625383" lon="-83.956586"></trkpt>
      <trkpt lat="34.625428" lon="-83.956536"></trkpt>
      <trkpt lat="34.625458" lon="-83.95649"></trkpt>
      <trkpt lat="34.625496" lon="-83.956428"></trkpt>
      <trkpt lat="34.625545" lon="-83.956315"></trkpt>
      <trkpt lat="34.625591" lon="-83.956171"></trkpt>
      <trkpt lat="34.625655" lon="-83.955981"></trkpt>
      <trkpt lat="34.625725" lon="-83.955806"></trkpt>
      <trkpt lat="34.625819" lon="-83.95559"></trkpt>
      <trkpt lat="34.625916" lon="-83.955394"></trkpt>
      <trkpt lat="34.626021" lon="-83.955199"></trkpt>
      <trkpt lat="34.626059" lon="-83.955138"></trkpt>
      <trkpt lat="34.626114" lon="-83.955072"></trkpt>
      <trkpt lat="34.626176" lon="-83.955009"></trkpt>
      <trkpt lat="34.626243" lon="-83.954968"></trkpt>
      <trkpt lat="34.626304" lon="-83.954943"></trkpt>
      <trkpt lat="34.62635" lon="-83.954936"></trkpt>
      <trkpt lat="34.626397" lon="-83.954928"></trkpt>
      <trkpt lat="34.626429" lon="-83.954926"></trkpt>
      <trkpt lat="34.62647" lon="-83.954926"></trkpt>
      <trkpt lat="34.626539" lon="-83.954942"></trkpt>
      <trkpt lat="34.626719" lon="-83.954959"></trkpt>
      <trkpt lat="34.62681" lon="-83.954974"></trkpt>
      <trkpt lat="34.626969" lon="-83.954996"></trkpt>
      <trkpt lat="34.627082" lon="-83.955015"></trkpt>
      <trkpt lat="34.627137" lon="-83.95502"></trkpt>
      <trkpt lat="34.627211" lon="-83.955003"></trkpt>
      <trkpt lat="34.627263" lon="-83.954977"></trkpt>
      <trkpt lat="34.627309" lon="-83.954931"></trkpt>
      <trkpt lat="34.627317" lon="-83.954902"></trkpt>
      <trkpt lat="34.6273" lon="-83.954847"></trkpt>
      <trkpt lat="34.627291" lon="-83.954736"></trkpt>
      <trkpt lat="34.627271" lon="-83.954543"></trkpt>
      <trkpt lat="34.627247" lon="-83.954331"></trkpt>
      <trkpt lat="34.627223" lon="-83.954108"></trkpt>
      <trkpt lat="34.627218" lon="-83.953943"></trkpt>
      <trkpt lat="34.62723" lon="-83.953782"></trkpt>
      <trkpt lat="34.627238" lon="-83.953699"></trkpt>
      <trkpt lat="34.62725" lon="-83.953585"></trkpt>
      <trkpt lat="34.627269" lon="-83.953478"></trkpt>
      <trkpt lat="34.627299" lon="-83.953374"></trkpt>
      <trkpt lat="34.627328" lon="-83.9533"></trkpt>
      <trkpt lat="34.627357" lon="-83.953241"></trkpt>
      <trkpt lat="34.62739" lon="-83.953182"></trkpt>
      <trkpt lat="34.627422" lon="-83.953134"></trkpt>
      <trkpt lat="34.627487" lon="-83.953057"></trkpt>
      <trkpt lat="34.62768" lon="-83.952861"></trkpt>
      <trkpt lat="34.62799" lon="-83.952554"></trkpt>
      <trkpt lat="34.628044" lon="-83.952488"></trkpt>
      <trkpt lat="34.628077" lon="-83.952435"></trkpt>
      <trkpt lat="34.628099" lon="-83.952386"></trkpt>
      <trkpt lat="34.628121" lon="-83.952331"></trkpt>
      <trkpt lat="34.628131" lon="-83.952279"></trkpt>
      <trkpt lat="34.628134" lon="-83.952226"></trkpt>
      <trkpt lat="34.628132" lon="-83.952188"></trkpt>
      <trkpt lat="34.628126" lon="-83.952148"></trkpt>
      <trkpt lat="34.628113" lon="-83.952108"></trkpt>
      <trkpt lat="34.628092" lon="-83.952068"></trkpt>
      <trkpt lat="34.628069" lon="-83.952032"></trkpt>
      <trkpt lat="34.628041" lon="-83.952001"></trkpt>
      <trkpt lat="34.628004" lon="-83.951964"></trkpt>
      <trkpt lat="34.62796" lon="-83.951938"></trkpt>
      <trkpt lat="34.627904" lon="-83.951913"></trkpt>
      <trkpt lat="34.627846" lon="-83.951895"></trkpt>
      <trkpt lat="34.627766" lon="-83.95188"></trkpt>
      <trkpt lat="34.627664" lon="-83.951859"></trkpt>
      <trkpt lat="34.627515" lon="-83.951831"></trkpt>
      <trkpt lat="34.627446" lon="-83.951812"></trkpt>
      <trkpt lat="34.627377" lon="-83.951788"></trkpt>
      <trkpt lat="34.62732" lon="-83.951761"></trkpt>
      <trkpt lat="34.627271" lon="-83.951734"></trkpt>
      <trkpt lat="34.627223" lon="-83.951699"></trkpt>
      <trkpt lat="34.627168" lon="-83.951648"></trkpt>
      <trkpt lat="34.627115" lon="-83.951587"></trkpt>
      <trkpt lat="34.627062" lon="-83.951513"></trkpt>
      <trkpt lat="34.627017" lon="-83.951434"></trkpt>
      <trkpt lat="34.626984" lon="-83.951345"></trkpt>
      <trkpt lat="34.626958" lon="-83.951246"></trkpt>
      <trkpt lat="34.626941" lon="-83.95114"></trkpt>
      <trkpt lat="34.626938" lon="-83.951024"></trkpt>
      <trkpt lat="34.626953" lon="-83.950906"></trkpt>
      <trkpt lat="34.626978" lon="-83.950804"></trkpt>
      <trkpt lat="34.627014" lon="-83.950707"></trkpt>
      <trkpt lat="34.627051" lon="-83.950626"></trkpt>
      <trkpt lat="34.627125" lon="-83.950471"></trkpt>
      <trkpt lat="34.627179" lon="-83.950354"></trkpt>
      <trkpt lat="34.627236" lon="-83.95023"></trkpt>
      <trkpt lat="34.627276" lon="-83.950141"></trkpt>
      <trkpt lat="34.627308" lon="-83.950037"></trkpt>
      <trkpt lat="34.627322" lon="-83.949956"></trkpt>
      <trkpt lat="34.627327" lon="-83.949876"></trkpt>
      <trkpt lat="34.627324" lon="-83.949815"></trkpt>
      <trkpt lat="34.627318" lon="-83.949756"></trkpt>
      <trkpt lat="34.627307" lon="-83.949705"></trkpt>
      <trkpt lat="34.627287" lon="-83.949635"></trkpt>
      <trkpt lat="34.627249" lon="-83.949535"></trkpt>
      <trkpt lat="34.627207" lon="-83.949438"></trkpt>
      <trkpt lat="34.627142" lon="-83.9493"></trkpt>
      <trkpt lat="34.627047" lon="-83.949106"></trkpt>
      <trkpt lat="34.626761" lon="-83.948546"></trkpt>
      <trkpt lat="34.626464" lon="-83.947942"></trkpt>
      <trkpt lat="34.626354" lon="-83.947708"></trkpt>
      <trkpt lat="34.626256" lon="-83.947465"></trkpt>
      <trkpt lat="34.626204" lon="-83.94732"></trkpt>
      <trkpt lat="34.626157" lon="-83.947174"></trkpt>
      <trkpt lat="34.626113" lon="-83.947022"></trkpt>
      <trkpt lat="34.626076" lon="-83.946868"></trkpt>
      <trkpt lat="34.626034" lon="-83.946666"></trkpt>
      <trkpt lat="34.625997" lon="-83.946467"></trkpt>
      <trkpt lat="34.625966" lon="-83.946288"></trkpt>
      <trkpt lat="34.625925" lon="-83.94605"></trkpt>
      <trkpt lat="34.625828" lon="-83.945483"></trkpt>
      <trkpt lat="34.625719" lon="-83.944877"></trkpt>
      <trkpt lat="34.625673" lon="-83.944616"></trkpt>
      <trkpt lat="34.62553" lon="-83.943788"></trkpt>
      <trkpt lat="34.625468" lon="-83.943446"></trkpt>
      <trkpt lat="34.625413" lon="-83.943134"></trkpt>
      <trkpt lat="34.625382" lon="-83.942945"></trkpt>
      <trkpt lat="34.625364" lon="-83.94279"></trkpt>
      <trkpt lat="34.625356" lon="-83.942635"></trkpt>
      <trkpt lat="34.625359" lon="-83.942457"></trkpt>
      <trkpt lat="34.625383" lon="-83.942316"></trkpt>
      <trkpt lat="34.625418" lon="-83.942183"></trkpt>
      <trkpt lat="34.625454" lon="-83.942075"></trkpt>
      <trkpt lat="34.625496" lon="-83.941983"></trkpt>
      <trkpt lat="34.625545" lon="-83.941893"></trkpt>
      <trkpt lat="34.625597" lon="-83.941812"></trkpt>
      <trkpt lat="34.625666" lon="-83.941719"></trkpt>
      <trkpt lat="34.625736" lon="-83.941635"></trkpt>
      <trkpt lat="34.625921" lon="-83.941435"></trkpt>
      <trkpt lat="34.626089" lon="-83.941256"></trkpt>
      <trkpt lat="34.626172" lon="-83.941165"></trkpt>
      <trkpt lat="34.626252" lon="-83.94108"></trkpt>
      <trkpt lat="34.626385" lon="-83.940937"></trkpt>
      <trkpt lat="34.626555" lon="-83.94075"></trkpt>
      <trkpt lat="34.626815" lon="-83.940468"></trkpt>
      <trkpt lat="34.627324" lon="-83.939918"></trkpt>
      <trkpt lat="34.627793" lon="-83.939407"></trkpt>
      <trkpt lat="34.628051" lon="-83.939131"></trkpt>
      <trkpt lat="34.628118" lon="-83.939058"></trkpt>
      <trkpt lat="34.628185" lon="-83.938979"></trkpt>
      <trkpt lat="34.628297" lon="-83.938837"></trkpt>
      <trkpt lat="34.628382" lon="-83.93872"></trkpt>
      <trkpt lat="34.628452" lon="-83.938603"></trkpt>
      <trkpt lat="34.628519" lon="-83.938465"></trkpt>
      <trkpt lat="34.628559" lon="-83.938353"></trkpt>
      <trkpt lat="34.628609" lon="-83.938199"></trkpt>
      <trkpt lat="34.628686" lon="-83.937787"></trkpt>
      <trkpt lat="34.628688" lon="-83.937518"></trkpt>
      <trkpt lat="34.628659" lon="-83.937115"></trkpt>
      <trkpt lat="34.628654" lon="-83.936849"></trkpt>
      <trkpt lat="34.628655" lon="-83.936746"></trkpt>
      <trkpt lat="34.628667" lon="-83.936604"></trkpt>
      <trkpt lat="34.628693" lon="-83.936498"></trkpt>
      <trkpt lat="34.628733" lon="-83.936401"></trkpt>
      <trkpt lat="34.628795" lon="-83.936279"></trkpt>
      <trkpt lat="34.628864" lon="-83.936174"></trkpt>
      <trkpt lat="34.628933" lon="-83.936091"></trkpt>
      <trkpt lat="34.62905" lon="-83.935987"></trkpt>
      <trkpt lat="34.629165" lon="-83.935912"></trkpt>
      <trkpt lat="34.629261" lon="-83.93587"></trkpt>
      <trkpt lat="34.629354" lon="-83.935839"></trkpt>
      <trkpt lat="34.62983" lon="-83.935724"></trkpt>
      <trkpt lat="34.630115" lon="-83.935669"></trkpt>
      <trkpt lat="34.630315" lon="-83.935631"></trkpt>
      <trkpt lat="34.630517" lon="-83.9356"></trkpt>
      <trkpt lat="34.630714" lon="-83.935577"></trkpt>
      <trkpt lat="34.630891" lon="-83.935563"></trkpt>
      <trkpt lat="34.631066" lon="-83.935563"></trkpt>
      <trkpt lat="34.631309" lon="-83.935558"></trkpt>
      <trkpt lat="34.631548" lon="-83.935555"></trkpt>
      <trkpt lat="34.631754" lon="-83.93554"></trkpt>
      <trkpt lat="34.63195" lon="-83.935513"></trkpt>
      <trkpt lat="34.632013" lon="-83.935498"></trkpt>
      <trkpt lat="34.632191" lon="-83.935459"></trkpt>
      <trkpt lat="34.632455" lon="-83.935383"></trkpt>
      <trkpt lat="34.63277" lon="-83.93528"></trkpt>
      <trkpt lat="34.633917" lon="-83.934911"></trkpt>
      <trkpt lat="34.634211" lon="-83.934817"></trkpt>
      <trkpt lat="34.634368" lon="-83.934758"></trkpt>
      <trkpt lat="34.634442" lon="-83.934718"></trkpt>
      <trkpt lat="34.634514" lon="-83.934675"></trkpt>
      <trkpt lat="34.634593" lon="-83.934613"></trkpt>
      <trkpt lat="34.634666" lon="-83.93455"></trkpt>
      <trkpt lat="34.634783" lon="-83.934428"></trkpt>
      <trkpt lat="34.634895" lon="-83.934273"></trkpt>
      <trkpt lat="34.63498" lon="-83.934111"></trkpt>
      <trkpt lat="34.635064" lon="-83.933908"></trkpt>
      <trkpt lat="34.635111" lon="-83.933778"></trkpt>
      <trkpt lat="34.635191" lon="-83.933551"></trkpt>
      <trkpt lat="34.635249" lon="-83.933311"></trkpt>
      <trkpt lat="34.635283" lon="-83.933089"></trkpt>
      <trkpt lat="34.63529" lon="-83.932823"></trkpt>
      <trkpt lat="34.635281" lon="-83.932601"></trkpt>
      <trkpt lat="34.635257" lon="-83.932371"></trkpt>
      <trkpt lat="34.635204" lon="-83.932094"></trkpt>
      <trkpt lat="34.635042" lon="-83.931381"></trkpt>
      <trkpt lat="34.634966" lon="-83.931059"></trkpt>
      <trkpt lat="34.634892" lon="-83.93075"></trkpt>
      <trkpt lat="34.634808" lon="-83.93045"></trkpt>
      <trkpt lat="34.634627" lon="-83.929729"></trkpt>
      <trkpt lat="34.634536" lon="-83.929404"></trkpt>
      <trkpt lat="34.634432" lon="-83.929044"></trkpt>
      <trkpt lat="34.634362" lon="-83.928803"></trkpt>
      <trkpt lat="34.634189" lon="-83.928206"></trkpt>
      <trkpt lat="34.634166" lon="-83.928126"></trkpt>
      <trkpt lat="34.634041" lon="-83.92772"></trkpt>
      <trkpt lat="34.634026" lon="-83.927668"></trkpt>
      <trkpt lat="34.633895" lon="-83.927208"></trkpt>
      <trkpt lat="34.633758" lon="-83.926678"></trkpt>
      <trkpt lat="34.633439" lon="-83.925255"></trkpt>
      <trkpt lat="34.633177" lon="-83.92408"></trkpt>
      <trkpt lat="34.633056" lon="-83.923539"></trkpt>
      <trkpt lat="34.632985" lon="-83.923219"></trkpt>
      <trkpt lat="34.632794" lon="-83.922365"></trkpt>
      <trkpt lat="34.63239" lon="-83.920577"></trkpt>
      <trkpt lat="34.632299" lon="-83.92017"></trkpt>
      <trkpt lat="34.632219" lon="-83.919814"></trkpt>
      <trkpt lat="34.632169" lon="-83.919594"></trkpt>
      <trkpt lat="34.632126" lon="-83.919384"></trkpt>
      <trkpt lat="34.6321" lon="-83.91924"></trkpt>
      <trkpt lat="34.632093" lon="-83.9192"></trkpt>
      <trkpt lat="34.632085" lon="-83.919126"></trkpt>
      <trkpt lat="34.632078" lon="-83.919025"></trkpt>
      <trkpt lat="34.632079" lon="-83.918918"></trkpt>
      <trkpt lat="34.632093" lon="-83.918795"></trkpt>
      <trkpt lat="34.632115" lon="-83.91867"></trkpt>
      <trkpt lat="34.632145" lon="-83.918548"></trkpt>
      <trkpt lat="34.632184" lon="-83.918433"></trkpt>
      <trkpt lat="34.63224" lon="-83.918309"></trkpt>
      <trkpt lat="34.632319" lon="-83.918176"></trkpt>
      <trkpt lat="34.632408" lon="-83.918055"></trkpt>
      <trkpt lat="34.632535" lon="-83.917897"></trkpt>
      <trkpt lat="34.632656" lon="-83.917754"></trkpt>
      <trkpt lat="34.632906" lon="-83.91748"></trkpt>
      <trkpt lat="34.63301" lon="-83.917389"></trkpt>
      <trkpt lat="34.633085" lon="-83.917335"></trkpt>
      <trkpt lat="34.633154" lon="-83.917293"></trkpt>
      <trkpt lat="34.633184" lon="-83.917276"></trkpt>
      <trkpt lat="34.633226" lon="-83.917254"></trkpt>
      <trkpt lat="34.633287" lon="-83.917224"></trkpt>
      <trkpt lat="34.633364" lon="-83.917192"></trkpt>
      <trkpt lat="34.633451" lon="-83.917164"></trkpt>
      <trkpt lat="34.63354" lon="-83.917142"></trkpt>
      <trkpt lat="34.633722" lon="-83.917104"></trkpt>
      <trkpt lat="34.633899" lon="-83.917072"></trkpt>
      <trkpt lat="34.634021" lon="-83.917043"></trkpt>
      <trkpt lat="34.6341" lon="-83.91702"></trkpt>
      <trkpt lat="34.63418" lon="-83.916989"></trkpt>
      <trkpt lat="34.634268" lon="-83.916947"></trkpt>
      <trkpt lat="34.634358" lon="-83.916893"></trkpt>
      <trkpt lat="34.634452" lon="-83.916818"></trkpt>
      <trkpt lat="34.634592" lon="-83.916711"></trkpt>
      <trkpt lat="34.634712" lon="-83.916605"></trkpt>
      <trkpt lat="34.634887" lon="-83.916449"></trkpt>
      <trkpt lat="34.635243" lon="-83.916132"></trkpt>
      <trkpt lat="34.63553" lon="-83.915881"></trkpt>
      <trkpt lat="34.635725" lon="-83.915714"></trkpt>
      <trkpt lat="34.635902" lon="-83.915571"></trkpt>
      <trkpt lat="34.636035" lon="-83.915471"></trkpt>
      <trkpt lat="34.636188" lon="-83.915364"></trkpt>
      <trkpt lat="34.636352" lon="-83.915257"></trkpt>
      <trkpt lat="34.636514" lon="-83.915156"></trkpt>
      <trkpt lat="34.636702" lon="-83.915041"></trkpt>
      <trkpt lat="34.63683" lon="-83.914966"></trkpt>
      <trkpt lat="34.637067" lon="-83.914836"></trkpt>
      <trkpt lat="34.6377" lon="-83.914478"></trkpt>
      <trkpt lat="34.637959" lon="-83.914337"></trkpt>
      <trkpt lat="34.638137" lon="-83.914236"></trkpt>
      <trkpt lat="34.638385" lon="-83.914095"></trkpt>
      <trkpt lat="34.638448" lon="-83.914059"></trkpt>
      <trkpt lat="34.638763" lon="-83.913894"></trkpt>
      <trkpt lat="34.639004" lon="-83.913754"></trkpt>
      <trkpt lat="34.639171" lon="-83.913665"></trkpt>
      <trkpt lat="34.639335" lon="-83.91359"></trkpt>
      <trkpt lat="34.639474" lon="-83.913533"></trkpt>
      <trkpt lat="34.639613" lon="-83.913487"></trkpt>
      <trkpt lat="34.639755" lon="-83.913447"></trkpt>
      <trkpt lat="34.639894" lon="-83.913415"></trkpt>
      <trkpt lat="34.640247" lon="-83.913342"></trkpt>
      <trkpt lat="34.640602" lon="-83.913295"></trkpt>
      <trkpt lat="34.640756" lon="-83.913286"></trkpt>
      <trkpt lat="34.641161" lon="-83.913285"></trkpt>
      <trkpt lat="34.641286" lon="-83.913294"></trkpt>
      <trkpt lat="34.641713" lon="-83.913405"></trkpt>
      <trkpt lat="34.641974" lon="-83.913435"></trkpt>
      <trkpt lat="34.642081" lon="-83.913427"></trkpt>
      <trkpt lat="34.642128" lon="-83.91342"></trkpt>
      <trkpt lat="34.642173" lon="-83.913413"></trkpt>
      <trkpt lat="34.642226" lon="-83.913394"></trkpt>
      <trkpt lat="34.64227" lon="-83.913377"></trkpt>
      <trkpt lat="34.64235" lon="-83.913343"></trkpt>
      <trkpt lat="34.642515" lon="-83.913236"></trkpt>
      <trkpt lat="34.642657" lon="-83.913088"></trkpt>
      <trkpt lat="34.642774" lon="-83.912925"></trkpt>
      <trkpt lat="34.642859" lon="-83.912762"></trkpt>
      <trkpt lat="34.642947" lon="-83.912561"></trkpt>
      <trkpt lat="34.643005" lon="-83.912399"></trkpt>
      <trkpt lat="34.643055" lon="-83.91223"></trkpt>
      <trkpt lat="34.64314" lon="-83.911885"></trkpt>
      <trkpt lat="34.643237" lon="-83.911243"></trkpt>
      <trkpt lat="34.64328" lon="-83.910953"></trkpt>
      <trkpt lat="34.643346" lon="-83.910559"></trkpt>
      <trkpt lat="34.643403" lon="-83.910373"></trkpt>
      <trkpt lat="34.643494" lon="-83.910192"></trkpt>
      <trkpt lat="34.643598" lon="-83.910052"></trkpt>
      <trkpt lat="34.643719" lon="-83.909952"></trkpt>
      <trkpt lat="34.643803" lon="-83.909908"></trkpt>
      <trkpt lat="34.643875" lon="-83.909871"></trkpt>
      <trkpt lat="34.644339" lon="-83.909765"></trkpt>
      <trkpt lat="34.644775" lon="-83.909684"></trkpt>
      <trkpt lat="34.645632" lon="-83.90953"></trkpt>
      <trkpt lat="34.645928" lon="-83.909444"></trkpt>
      <trkpt lat="34.646144" lon="-83.909362"></trkpt>
      <trkpt lat="34.646386" lon="-83.909239"></trkpt>
      <trkpt lat="34.646598" lon="-83.909097"></trkpt>
      <trkpt lat="34.646896" lon="-83.908881"></trkpt>
      <trkpt lat="34.647074" lon="-83.908736"></trkpt>
      <trkpt lat="34.647305" lon="-83.908563"></trkpt>
      <trkpt lat="34.647417" lon="-83.908479"></trkpt>
      <trkpt lat="34.647673" lon="-83.908281"></trkpt>
      <trkpt lat="34.647922" lon="-83.908084"></trkpt>
      <trkpt lat="34.648249" lon="-83.907836"></trkpt>
      <trkpt lat="34.648527" lon="-83.907634"></trkpt>
      <trkpt lat="34.6486" lon="-83.90758"></trkpt>
      <trkpt lat="34.648776" lon="-83.907448"></trkpt>
      <trkpt lat="34.648882" lon="-83.907374"></trkpt>
      <trkpt lat="34.648985" lon="-83.907308"></trkpt>
      <trkpt lat="34.649116" lon="-83.907233"></trkpt>
      <trkpt lat="34.649335" lon="-83.907122"></trkpt>
      <trkpt lat="34.649834" lon="-83.90693"></trkpt>
      <trkpt lat="34.649856" lon="-83.906924"></trkpt>
      <trkpt lat="34.650211" lon="-83.906822"></trkpt>
      <trkpt lat="34.650582" lon="-83.906705"></trkpt>
      <trkpt lat="34.651128" lon="-83.906566"></trkpt>
      <trkpt lat="34.651235" lon="-83.906544"></trkpt>
      <trkpt lat="34.651343" lon="-83.906527"></trkpt>
      <trkpt lat="34.651535" lon="-83.906504"></trkpt>
      <trkpt lat="34.651728" lon="-83.906494"></trkpt>
      <trkpt lat="34.651946" lon="-83.9065"></trkpt>
      <trkpt lat="34.65201" lon="-83.906505"></trkpt>
      <trkpt lat="34.652165" lon="-83.906517"></trkpt>
      <trkpt lat="34.652592" lon="-83.906553"></trkpt>
      <trkpt lat="34.653452" lon="-83.906625"></trkpt>
      <trkpt lat="34.653617" lon="-83.906644"></trkpt>
      <trkpt lat="34.65378" lon="-83.906669"></trkpt>
      <trkpt lat="34.653922" lon="-83.906696"></trkpt>
      <trkpt lat="34.65406" lon="-83.906728"></trkpt>
      <trkpt lat="34.654174" lon="-83.906765"></trkpt>
      <trkpt lat="34.654286" lon="-83.906807"></trkpt>
      <trkpt lat="34.654415" lon="-83.906861"></trkpt>
      <trkpt lat="34.654542" lon="-83.906927"></trkpt>
      <trkpt lat="34.654694" lon="-83.90702"></trkpt>
      <trkpt lat="34.654845" lon="-83.90713"></trkpt>
      <trkpt lat="34.654993" lon="-83.90725"></trkpt>
      <trkpt lat="34.655138" lon="-83.907375"></trkpt>
      <trkpt lat="34.65538" lon="-83.907585"></trkpt>
      <trkpt lat="34.655494" lon="-83.907688"></trkpt>
      <trkpt lat="34.655622" lon="-83.907803"></trkpt>
      <trkpt lat="34.65611" lon="-83.908219"></trkpt>
      <trkpt lat="34.65627" lon="-83.908337"></trkpt>
      <trkpt lat="34.656369" lon="-83.908394"></trkpt>
      <trkpt lat="34.656468" lon="-83.908442"></trkpt>
      <trkpt lat="34.656576" lon="-83.908481"></trkpt>
      <trkpt lat="34.656678" lon="-83.908509"></trkpt>
      <trkpt lat="34.656761" lon="-83.908522"></trkpt>
      <trkpt lat="34.656845" lon="-83.908531"></trkpt>
      <trkpt lat="34.656929" lon="-83.90853"></trkpt>
      <trkpt lat="34.657014" lon="-83.908518"></trkpt>
      <trkpt lat="34.657121" lon="-83.908495"></trkpt>
      <trkpt lat="34.657227" lon="-83.908468"></trkpt>
      <trkpt lat="34.657488" lon="-83.908394"></trkpt>
      <trkpt lat="34.657821" lon="-83.908291"></trkpt>
      <trkpt lat="34.657918" lon="-83.908258"></trkpt>
      <trkpt lat="34.658007" lon="-83.908226"></trkpt>
      <trkpt lat="34.658106" lon="-83.908189"></trkpt>
      <trkpt lat="34.658204" lon="-83.908146"></trkpt>
      <trkpt lat="34.65826" lon="-83.908108"></trkpt>
      <trkpt lat="34.658318" lon="-83.908061"></trkpt>
      <trkpt lat="34.65837" lon="-83.908013"></trkpt>
      <trkpt lat="34.658423" lon="-83.907969"></trkpt>
      <trkpt lat="34.658484" lon="-83.907895"></trkpt>
      <trkpt lat="34.658537" lon="-83.907823"></trkpt>
      <trkpt lat="34.658592" lon="-83.907735"></trkpt>
      <trkpt lat="34.658657" lon="-83.907619"></trkpt>
      <trkpt lat="34.658718" lon="-83.907499"></trkpt>
      <trkpt lat="34.65889" lon="-83.907136"></trkpt>
      <trkpt lat="34.65903" lon="-83.906811"></trkpt>
      <trkpt lat="34.659235" lon="-83.906383"></trkpt>
      <trkpt lat="34.659364" lon="-83.906115"></trkpt>
      <trkpt lat="34.659573" lon="-83.905679"></trkpt>
      <trkpt lat="34.659632" lon="-83.905563"></trkpt>
      <trkpt lat="34.659691" lon="-83.905456"></trkpt>
      <trkpt lat="34.659766" lon="-83.905342"></trkpt>
      <trkpt lat="34.659835" lon="-83.905244"></trkpt>
      <trkpt lat="34.659976" lon="-83.905059"></trkpt>
      <trkpt lat="34.660083" lon="-83.904921"></trkpt>
      <trkpt lat="34.660259" lon="-83.904696"></trkpt>
      <trkpt lat="34.660436" lon="-83.904469"></trkpt>
      <trkpt lat="34.660473" lon="-83.904421"></trkpt>
      <trkpt lat="34.661659" lon="-83.90294"></trkpt>
      <trkpt lat="34.662554" lon="-83.902095"></trkpt>
      <trkpt lat="34.662996" lon="-83.901554"></trkpt>
      <trkpt lat="34.663241" lon="-83.901248"></trkpt>
      <trkpt lat="34.66333" lon="-83.901132"></trkpt>
      <trkpt lat="34.663372" lon="-83.901082"></trkpt>
      <trkpt lat="34.663485" lon="-83.901159"></trkpt>
      <trkpt lat="34.663708" lon="-83.901303"></trkpt>
      <trkpt lat="34.663816" lon="-83.90137"></trkpt>
      <trkpt lat="34.663924" lon="-83.901431"></trkpt>
      <trkpt lat="34.664071" lon="-83.90151"></trkpt>
      <trkpt lat="34.664219" lon="-83.901588"></trkpt>
      <trkpt lat="34.664421" lon="-83.901697"></trkpt>
      <trkpt lat="34.664631" lon="-83.901793"></trkpt>
      <trkpt lat="34.664912" lon="-83.901905"></trkpt>
      <trkpt lat="34.6652" lon="-83.902"></trkpt>
      <trkpt lat="34.665372" lon="-83.902052"></trkpt>
      <trkpt lat="34.665545" lon="-83.902115"></trkpt>
      <trkpt lat="34.665676" lon="-83.902173"></trkpt>
      <trkpt lat="34.665803" lon="-83.902248"></trkpt>
      <trkpt lat="34.665976" lon="-83.902364"></trkpt>
      <trkpt lat="34.666143" lon="-83.902481"></trkpt>
      <trkpt lat="34.666244" lon="-83.902544"></trkpt>
      <trkpt lat="34.666301" lon="-83.902578"></trkpt>
      <trkpt lat="34.666355" lon="-83.902604"></trkpt>
      <trkpt lat="34.666415" lon="-83.902624"></trkpt>
      <trkpt lat="34.666475" lon="-83.902638"></trkpt>
      <trkpt lat="34.666537" lon="-83.902643"></trkpt>
      <trkpt lat="34.666602" lon="-83.90264"></trkpt>
      <trkpt lat="34.666661" lon="-83.902631"></trkpt>
      <trkpt lat="34.666723" lon="-83.902619"></trkpt>
      <trkpt lat="34.666831" lon="-83.902591"></trkpt>
      <trkpt lat="34.666939" lon="-83.902558"></trkpt>
      <trkpt lat="34.667152" lon="-83.90249"></trkpt>
      <trkpt lat="34.667238" lon="-83.902471"></trkpt>
      <trkpt lat="34.667331" lon="-83.90246"></trkpt>
      <trkpt lat="34.667403" lon="-83.902462"></trkpt>
      <trkpt lat="34.667466" lon="-83.902469"></trkpt>
      <trkpt lat="34.667535" lon="-83.902481"></trkpt>
      <trkpt lat="34.667604" lon="-83.902496"></trkpt>
      <trkpt lat="34.668012" lon="-83.902646"></trkpt>
      <trkpt lat="34.668325" lon="-83.90274"></trkpt>
      <trkpt lat="34.668585" lon="-83.902783"></trkpt>
      <trkpt lat="34.668826" lon="-83.902778"></trkpt>
      <trkpt lat="34.669121" lon="-83.902707"></trkpt>
      <trkpt lat="34.669372" lon="-83.90256"></trkpt>
      <trkpt lat="34.669603" lon="-83.902401"></trkpt>
      <trkpt lat="34.669702" lon="-83.902326"></trkpt>
      <trkpt lat="34.669852" lon="-83.902202"></trkpt>
      <trkpt lat="34.670172" lon="-83.901935"></trkpt>
      <trkpt lat="34.670254" lon="-83.901877"></trkpt>
      <trkpt lat="34.670296" lon="-83.901851"></trkpt>
      <trkpt lat="34.670399" lon="-83.901787"></trkpt>
      <trkpt lat="34.67051" lon="-83.901744"></trkpt>
      <trkpt lat="34.670637" lon="-83.901722"></trkpt>
      <trkpt lat="34.670867" lon="-83.901773"></trkpt>
      <trkpt lat="34.671139" lon="-83.901861"></trkpt>
      <trkpt lat="34.671845" lon="-83.902197"></trkpt>
      <trkpt lat="34.67249" lon="-83.902588"></trkpt>
      <trkpt lat="34.673401" lon="-83.902991"></trkpt>
      <trkpt lat="34.673703" lon="-83.90317"></trkpt>
      <trkpt lat="34.673776" lon="-83.903224"></trkpt>
      <trkpt lat="34.673862" lon="-83.903248"></trkpt>
      <trkpt lat="34.67402" lon="-83.903275"></trkpt>
      <trkpt lat="34.674124" lon="-83.903265"></trkpt>
      <trkpt lat="34.674288" lon="-83.903195"></trkpt>
      <trkpt lat="34.674411" lon="-83.903104"></trkpt>
      <trkpt lat="34.67455" lon="-83.902968"></trkpt>
      <trkpt lat="34.675025" lon="-83.902492"></trkpt>
      <trkpt lat="34.675465" lon="-83.902051"></trkpt>
      <trkpt lat="34.675633" lon="-83.901885"></trkpt>
      <trkpt lat="34.675751" lon="-83.90181"></trkpt>
      <trkpt lat="34.675852" lon="-83.901757"></trkpt>
      <trkpt lat="34.676099" lon="-83.901627"></trkpt>
      <trkpt lat="34.676224" lon="-83.901563"></trkpt>
      <trkpt lat="34.676401" lon="-83.901481"></trkpt>
      <trkpt lat="34.676759" lon="-83.90129"></trkpt>
      <trkpt lat="34.676917" lon="-83.901194"></trkpt>
      <trkpt lat="34.677087" lon="-83.90108"></trkpt>
      <trkpt lat="34.677155" lon="-83.901019"></trkpt>
      <trkpt lat="34.677275" lon="-83.9009"></trkpt>
      <trkpt lat="34.677405" lon="-83.900746"></trkpt>
      <trkpt lat="34.677566" lon="-83.900507"></trkpt>
      <trkpt lat="34.677722" lon="-83.900172"></trkpt>
      <trkpt lat="34.677954" lon="-83.899513"></trkpt>
      <trkpt lat="34.678055" lon="-83.899197"></trkpt>
      <trkpt lat="34.678096" lon="-83.89902"></trkpt>
      <trkpt lat="34.678109" lon="-83.898865"></trkpt>
      <trkpt lat="34.678102" lon="-83.898629"></trkpt>
      <trkpt lat="34.678098" lon="-83.898465"></trkpt>
      <trkpt lat="34.678095" lon="-83.898352"></trkpt>
      <trkpt lat="34.678083" lon="-83.898199"></trkpt>
      <trkpt lat="34.678063" lon="-83.897638"></trkpt>
      <trkpt lat="34.678088" lon="-83.897282"></trkpt>
      <trkpt lat="34.678149" lon="-83.897007"></trkpt>
      <trkpt lat="34.678211" lon="-83.896814"></trkpt>
      <trkpt lat="34.678307" lon="-83.896578"></trkpt>
      <trkpt lat="34.678415" lon="-83.896411"></trkpt>
      <trkpt lat="34.678643" lon="-83.896089"></trkpt>
      <trkpt lat="34.679123" lon="-83.895633"></trkpt>
      <trkpt lat="34.679309" lon="-83.895457"></trkpt>
      <trkpt lat="34.679871" lon="-83.894986"></trkpt>
      <trkpt lat="34.680103" lon="-83.8948"></trkpt>
      <trkpt lat="34.680248" lon="-83.89474"></trkpt>
      <trkpt lat="34.680372" lon="-83.894721"></trkpt>
      <trkpt lat="34.680541" lon="-83.894715"></trkpt>
      <trkpt lat="34.68071" lon="-83.894722"></trkpt>
      <trkpt lat="34.68088" lon="-83.894784"></trkpt>
      <trkpt lat="34.681515" lon="-83.89504"></trkpt>
      <trkpt lat="34.682135" lon="-83.895326"></trkpt>
      <trkpt lat="34.682887" lon="-83.895652"></trkpt>
      <trkpt lat="34.683022" lon="-83.895696"></trkpt>
      <trkpt lat="34.683096" lon="-83.895712"></trkpt>
      <trkpt lat="34.683173" lon="-83.895707"></trkpt>
      <trkpt lat="34.683245" lon="-83.89568"></trkpt>
      <trkpt lat="34.683329" lon="-83.895635"></trkpt>
      <trkpt lat="34.683376" lon="-83.895596"></trkpt>
      <trkpt lat="34.683429" lon="-83.895525"></trkpt>
      <trkpt lat="34.683602" lon="-83.895253"></trkpt>
      <trkpt lat="34.683663" lon="-83.895164"></trkpt>
      <trkpt lat="34.683712" lon="-83.895119"></trkpt>
      <trkpt lat="34.683772" lon="-83.895091"></trkpt>
      <trkpt lat="34.683862" lon="-83.895062"></trkpt>
      <trkpt lat="34.683949" lon="-83.895066"></trkpt>
      <trkpt lat="34.68403" lon="-83.895099"></trkpt>
      <trkpt lat="34.684174" lon="-83.89519"></trkpt>
      <trkpt lat="34.68437" lon="-83.895343"></trkpt>
      <trkpt lat="34.684452" lon="-83.895436"></trkpt>
      <trkpt lat="34.68452" lon="-83.895532"></trkpt>
      <trkpt lat="34.684584" lon="-83.895637"></trkpt>
      <trkpt lat="34.684633" lon="-83.895756"></trkpt>
      <trkpt lat="34.684667" lon="-83.895882"></trkpt>
      <trkpt lat="34.684685" lon="-83.896009"></trkpt>
      <trkpt lat="34.684725" lon="-83.896637"></trkpt>
      <trkpt lat="34.684755" lon="-83.896734"></trkpt>
      <trkpt lat="34.684791" lon="-83.896814"></trkpt>
      <trkpt lat="34.684907" lon="-83.896932"></trkpt>
      <trkpt lat="34.684987" lon="-83.896984"></trkpt>
      <trkpt lat="34.6851" lon="-83.897007"></trkpt>
      <trkpt lat="34.685514" lon="-83.897039"></trkpt>
      <trkpt lat="34.685628" lon="-83.897051"></trkpt>
      <trkpt lat="34.685716" lon="-83.897069"></trkpt>
      <trkpt lat="34.685808" lon="-83.897125"></trkpt>
      <trkpt lat="34.685882" lon="-83.897188"></trkpt>
      <trkpt lat="34.686008" lon="-83.89729"></trkpt>
      <trkpt lat="34.68614" lon="-83.897507"></trkpt>
      <trkpt lat="34.686171" lon="-83.8976"></trkpt>
      <trkpt lat="34.686183" lon="-83.89769"></trkpt>
      <trkpt lat="34.68619" lon="-83.897802"></trkpt>
      <trkpt lat="34.68619" lon="-83.897951"></trkpt>
      <trkpt lat="34.68615" lon="-83.898625"></trkpt>
      <trkpt lat="34.68607" lon="-83.899417"></trkpt>
      <trkpt lat="34.686072" lon="-83.900408"></trkpt>
      <trkpt lat="34.686051" lon="-83.900777"></trkpt>
      <trkpt lat="34.686" lon="-83.901222"></trkpt>
      <trkpt lat="34.685926" lon="-83.901619"></trkpt>
      <trkpt lat="34.685838" lon="-83.901967"></trkpt>
      <trkpt lat="34.685764" lon="-83.902166"></trkpt>
      <trkpt lat="34.685653" lon="-83.902344"></trkpt>
      <trkpt lat="34.685488" lon="-83.902507"></trkpt>
      <trkpt lat="34.685162" lon="-83.902804"></trkpt>
      <trkpt lat="34.685092" lon="-83.902938"></trkpt>
      <trkpt lat="34.685052" lon="-83.903094"></trkpt>
      <trkpt lat="34.685058" lon="-83.903207"></trkpt>
      <trkpt lat="34.685094" lon="-83.903323"></trkpt>
      <trkpt lat="34.685176" lon="-83.903438"></trkpt>
      <trkpt lat="34.685297" lon="-83.903523"></trkpt>
      <trkpt lat="34.685922" lon="-83.903771"></trkpt>
      <trkpt lat="34.686046" lon="-83.903853"></trkpt>
      <trkpt lat="34.686149" lon="-83.90395"></trkpt>
      <trkpt lat="34.686196" lon="-83.904083"></trkpt>
      <trkpt lat="34.686204" lon="-83.904252"></trkpt>
      <trkpt lat="34.686187" lon="-83.904434"></trkpt>
      <trkpt lat="34.686004" lon="-83.905371"></trkpt>
      <trkpt lat="34.685993" lon="-83.905557"></trkpt>
      <trkpt lat="34.686018" lon="-83.905722"></trkpt>
      <trkpt lat="34.686056" lon="-83.905871"></trkpt>
      <trkpt lat="34.686134" lon="-83.90603"></trkpt>
      <trkpt lat="34.686576" lon="-83.906586"></trkpt>
      <trkpt lat="34.686843" lon="-83.906898"></trkpt>
      <trkpt lat="34.687254" lon="-83.907279"></trkpt>
      <trkpt lat="34.687745" lon="-83.907639"></trkpt>
      <trkpt lat="34.68852" lon="-83.908114"></trkpt>
      <trkpt lat="34.689261" lon="-83.908559"></trkpt>
      <trkpt lat="34.689599" lon="-83.908774"></trkpt>
      <trkpt lat="34.690111" lon="-83.909122"></trkpt>
      <trkpt lat="34.690321" lon="-83.909285"></trkpt>
      <trkpt lat="34.69048" lon="-83.90947"></trkpt>
      <trkpt lat="34.690598" lon="-83.909711"></trkpt>
      <trkpt lat="34.690706" lon="-83.91004"></trkpt>
      <trkpt lat="34.690859" lon="-83.910497"></trkpt>
      <trkpt lat="34.690995" lon="-83.910756"></trkpt>
      <trkpt lat="34.691143" lon="-83.910963"></trkpt>
      <trkpt lat="34.691478" lon="-83.911379"></trkpt>
      <trkpt lat="34.691825" lon="-83.911766"></trkpt>
      <trkpt lat="34.692247" lon="-83.91228"></trkpt>
      <trkpt lat="34.69239" lon="-83.912438"></trkpt>
      <trkpt lat="34.69247" lon="-83.91252"></trkpt>
      <trkpt lat="34.692525" lon="-83.91256"></trkpt>
      <trkpt lat="34.69264" lon="-83.912629"></trkpt>
      <trkpt lat="34.692871" lon="-83.912681"></trkpt>
      <trkpt lat="34.693015" lon="-83.912696"></trkpt>
      <trkpt lat="34.693225" lon="-83.912647"></trkpt>
      <trkpt lat="34.693594" lon="-83.91251"></trkpt>
      <trkpt lat="34.693842" lon="-83.912478"></trkpt>
      <trkpt lat="34.694025" lon="-83.912511"></trkpt>
      <trkpt lat="34.694532" lon="-83.912716"></trkpt>
      <trkpt lat="34.694874" lon="-83.912866"></trkpt>
      <trkpt lat="34.69504" lon="-83.912912"></trkpt>
      <trkpt lat="34.695281" lon="-83.912934"></trkpt>
      <trkpt lat="34.695929" lon="-83.912921"></trkpt>
      <trkpt lat="34.69605" lon="-83.91293"></trkpt>
      <trkpt lat="34.696151" lon="-83.912953"></trkpt>
      <trkpt lat="34.696253" lon="-83.913007"></trkpt>
      <trkpt lat="34.696337" lon="-83.913064"></trkpt>
      <trkpt lat="34.696454" lon="-83.913182"></trkpt>
      <trkpt lat="34.696808" lon="-83.91352"></trkpt>
      <trkpt lat="34.697039" lon="-83.913687"></trkpt>
      <trkpt lat="34.697189" lon="-83.913747"></trkpt>
      <trkpt lat="34.69756" lon="-83.913865"></trkpt>
      <trkpt lat="34.698188" lon="-83.914047"></trkpt>
      <trkpt lat="34.698403" lon="-83.914132"></trkpt>
      <trkpt lat="34.698666" lon="-83.914254"></trkpt>
      <trkpt lat="34.698974" lon="-83.914449"></trkpt>
      <trkpt lat="34.699464" lon="-83.914769"></trkpt>
      <trkpt lat="34.700469" lon="-83.915478"></trkpt>
      <trkpt lat="34.700685" lon="-83.915611"></trkpt>
      <trkpt lat="34.700876" lon="-83.915703"></trkpt>
      <trkpt lat="34.701059" lon="-83.915758"></trkpt>
      <trkpt lat="34.7012" lon="-83.915783"></trkpt>
      <trkpt lat="34.701402" lon="-83.915787"></trkpt>
      <trkpt lat="34.701634" lon="-83.915769"></trkpt>
      <trkpt lat="34.703043" lon="-83.915617"></trkpt>
      <trkpt lat="34.703353" lon="-83.915573"></trkpt>
      <trkpt lat="34.703816" lon="-83.91548"></trkpt>
      <trkpt lat="34.704362" lon="-83.915293"></trkpt>
      <trkpt lat="34.705543" lon="-83.914892"></trkpt>
      <trkpt lat="34.706368" lon="-83.914609"></trkpt>
      <trkpt lat="34.706667" lon="-83.914492"></trkpt>
      <trkpt lat="34.70714" lon="-83.914143"></trkpt>
      <trkpt lat="34.707408" lon="-83.913927"></trkpt>
      <trkpt lat="34.707564" lon="-83.913781"></trkpt>
      <trkpt lat="34.707644" lon="-83.913652"></trkpt>
      <trkpt lat="34.70775" lon="-83.913384"></trkpt>
      <trkpt lat="34.708132" lon="-83.912141"></trkpt>
      <trkpt lat="34.708198" lon="-83.911988"></trkpt>
      <trkpt lat="34.708298" lon="-83.911903"></trkpt>
      <trkpt lat="34.708407" lon="-83.911868"></trkpt>
      <trkpt lat="34.708488" lon="-83.911859"></trkpt>
      <trkpt lat="34.708541" lon="-83.911853"></trkpt>
      <trkpt lat="34.708678" lon="-83.911909"></trkpt>
      <trkpt lat="34.708844" lon="-83.912118"></trkpt>
      <trkpt lat="34.708993" lon="-83.912317"></trkpt>
      <trkpt lat="34.709097" lon="-83.912415"></trkpt>
      <trkpt lat="34.709225" lon="-83.912472"></trkpt>
      <trkpt lat="34.709386" lon="-83.912497"></trkpt>
      <trkpt lat="34.709538" lon="-83.912481"></trkpt>
      <trkpt lat="34.709773" lon="-83.912441"></trkpt>
      <trkpt lat="34.71" lon="-83.912392"></trkpt>
      <trkpt lat="34.710113" lon="-83.912342"></trkpt>
      <trkpt lat="34.71022" lon="-83.912246"></trkpt>
      <trkpt lat="34.710309" lon="-83.912099"></trkpt>
      <trkpt lat="34.710435" lon="-83.911705"></trkpt>
      <trkpt lat="34.710533" lon="-83.911589"></trkpt>
      <trkpt lat="34.710607" lon="-83.911515"></trkpt>
      <trkpt lat="34.71075" lon="-83.911469"></trkpt>
      <trkpt lat="34.710886" lon="-83.911494"></trkpt>
      <trkpt lat="34.71098" lon="-83.911562"></trkpt>
      <trkpt lat="34.711102" lon="-83.911701"></trkpt>
      <trkpt lat="34.711258" lon="-83.911849"></trkpt>
      <trkpt lat="34.711378" lon="-83.911926"></trkpt>
      <trkpt lat="34.711472" lon="-83.911953"></trkpt>
      <trkpt lat="34.711799" lon="-83.911967"></trkpt>
      <trkpt lat="34.711945" lon="-83.911948"></trkpt>
      <trkpt lat="34.712066" lon="-83.911912"></trkpt>
      <trkpt lat="34.712176" lon="-83.911853"></trkpt>
      <trkpt lat="34.712283" lon="-83.911759"></trkpt>
      <trkpt lat="34.71241" lon="-83.911612"></trkpt>
      <trkpt lat="34.712547" lon="-83.911435"></trkpt>
      <trkpt lat="34.712642" lon="-83.911336"></trkpt>
      <trkpt lat="34.712751" lon="-83.911246"></trkpt>
      <trkpt lat="34.71287" lon="-83.911201"></trkpt>
      <trkpt lat="34.71294" lon="-83.911183"></trkpt>
      <trkpt lat="34.71319" lon="-83.911165"></trkpt>
      <trkpt lat="34.713712" lon="-83.911105"></trkpt>
      <trkpt lat="34.714042" lon="-83.91111"></trkpt>
      <trkpt lat="34.714402" lon="-83.911136"></trkpt>
      <trkpt lat="34.714565" lon="-83.911137"></trkpt>
      <trkpt lat="34.714699" lon="-83.911102"></trkpt>
      <trkpt lat="34.714808" lon="-83.911046"></trkpt>
      <trkpt lat="34.71494" lon="-83.910929"></trkpt>
      <trkpt lat="34.715113" lon="-83.910738"></trkpt>
      <trkpt lat="34.715333" lon="-83.910454"></trkpt>
      <trkpt lat="34.71578" lon="-83.90985"></trkpt>
      <trkpt lat="34.715924" lon="-83.909598"></trkpt>
      <trkpt lat="34.715996" lon="-83.909411"></trkpt>
      <trkpt lat="34.716044" lon="-83.909265"></trkpt>
      <trkpt lat="34.716115" lon="-83.909066"></trkpt>
      <trkpt lat="34.716187" lon="-83.908943"></trkpt>
      <trkpt lat="34.716353" lon="-83.908825"></trkpt>
      <trkpt lat="34.716661" lon="-83.908649"></trkpt>
      <trkpt lat="34.716903" lon="-83.908538"></trkpt>
      <trkpt lat="34.717077" lon="-83.908409"></trkpt>
      <trkpt lat="34.717175" lon="-83.908272"></trkpt>
      <trkpt lat="34.717238" lon="-83.908086"></trkpt>
      <trkpt lat="34.717335" lon="-83.907918"></trkpt>
      <trkpt lat="34.717443" lon="-83.907843"></trkpt>
      <trkpt lat="34.71761" lon="-83.907765"></trkpt>
      <trkpt lat="34.717803" lon="-83.907717"></trkpt>
      <trkpt lat="34.717887" lon="-83.907683"></trkpt>
      <trkpt lat="34.717963" lon="-83.907641"></trkpt>
      <trkpt lat="34.718032" lon="-83.90756"></trkpt>
      <trkpt lat="34.718116" lon="-83.907423"></trkpt>
      <trkpt lat="34.718215" lon="-83.907143"></trkpt>
      <trkpt lat="34.718278" lon="-83.906936"></trkpt>
      <trkpt lat="34.718365" lon="-83.906752"></trkpt>
      <trkpt lat="34.71846" lon="-83.906607"></trkpt>
      <trkpt lat="34.71857" lon="-83.906463"></trkpt>
      <trkpt lat="34.718672" lon="-83.906402"></trkpt>
      <trkpt lat="34.718781" lon="-83.906358"></trkpt>
      <trkpt lat="34.718853" lon="-83.906345"></trkpt>
      <trkpt lat="34.718902" lon="-83.906355"></trkpt>
      <trkpt lat="34.718939" lon="-83.906364"></trkpt>
      <trkpt lat="34.718964" lon="-83.906381"></trkpt>
      <trkpt lat="34.718985" lon="-83.906401"></trkpt>
      <trkpt lat="34.71904" lon="-83.906477"></trkpt>
      <trkpt lat="34.719065" lon="-83.906548"></trkpt>
      <trkpt lat="34.719069" lon="-83.906678"></trkpt>
      <trkpt lat="34.719052" lon="-83.906841"></trkpt>
      <trkpt lat="34.719022" lon="-83.906977"></trkpt>
      <trkpt lat="34.719015" lon="-83.90706"></trkpt>
      <trkpt lat="34.719018" lon="-83.907141"></trkpt>
      <trkpt lat="34.719071" lon="-83.907364"></trkpt>
      <trkpt lat="34.719121" lon="-83.907576"></trkpt>
      <trkpt lat="34.719139" lon="-83.907776"></trkpt>
      <trkpt lat="34.719146" lon="-83.907912"></trkpt>
      <trkpt lat="34.719153" lon="-83.908038"></trkpt>
      <trkpt lat="34.719191" lon="-83.908182"></trkpt>
      <trkpt lat="34.719235" lon="-83.908278"></trkpt>
      <trkpt lat="34.719353" lon="-83.908437"></trkpt>
      <trkpt lat="34.719396" lon="-83.908524"></trkpt>
      <trkpt lat="34.71945" lon="-83.908668"></trkpt>
      <trkpt lat="34.71947" lon="-83.908732"></trkpt>
      <trkpt lat="34.719474" lon="-83.908833"></trkpt>
      <trkpt lat="34.71945" lon="-83.908962"></trkpt>
      <trkpt lat="34.719417" lon="-83.909058"></trkpt>
      <trkpt lat="34.719381" lon="-83.909135"></trkpt>
      <trkpt lat="34.719362" lon="-83.909204"></trkpt>
      <trkpt lat="34.719347" lon="-83.909317"></trkpt>
      <trkpt lat="34.719348" lon="-83.909417"></trkpt>
      <trkpt lat="34.719369" lon="-83.909522"></trkpt>
      <trkpt lat="34.719386" lon="-83.909618"></trkpt>
      <trkpt lat="34.719417" lon="-83.909783"></trkpt>
      <trkpt lat="34.719391" lon="-83.909947"></trkpt>
      <trkpt lat="34.71937" lon="-83.909996"></trkpt>
      <trkpt lat="34.719335" lon="-83.91006"></trkpt>
      <trkpt lat="34.719206" lon="-83.910241"></trkpt>
      <trkpt lat="34.71915" lon="-83.910335"></trkpt>
      <trkpt lat="34.719103" lon="-83.91043"></trkpt>
      <trkpt lat="34.719085" lon="-83.910507"></trkpt>
      <trkpt lat="34.719088" lon="-83.910596"></trkpt>
      <trkpt lat="34.719117" lon="-83.910697"></trkpt>
      <trkpt lat="34.719152" lon="-83.910762"></trkpt>
      <trkpt lat="34.719321" lon="-83.910977"></trkpt>
      <trkpt lat="34.719439" lon="-83.911134"></trkpt>
      <trkpt lat="34.719542" lon="-83.911306"></trkpt>
      <trkpt lat="34.719732" lon="-83.911599"></trkpt>
      <trkpt lat="34.719865" lon="-83.911758"></trkpt>
      <trkpt lat="34.720032" lon="-83.911911"></trkpt>
      <trkpt lat="34.720227" lon="-83.912079"></trkpt>
      <trkpt lat="34.72036" lon="-83.912139"></trkpt>
      <trkpt lat="34.720587" lon="-83.912195"></trkpt>
      <trkpt lat="34.72075" lon="-83.912236"></trkpt>
      <trkpt lat="34.720988" lon="-83.912315"></trkpt>
      <trkpt lat="34.721163" lon="-83.912384"></trkpt>
      <trkpt lat="34.721322" lon="-83.912444"></trkpt>
      <trkpt lat="34.721428" lon="-83.912483"></trkpt>
      <trkpt lat="34.721541" lon="-83.912542"></trkpt>
      <trkpt lat="34.72166" lon="-83.912657"></trkpt>
      <trkpt lat="34.72173" lon="-83.912763"></trkpt>
      <trkpt lat="34.721819" lon="-83.912914"></trkpt>
      <trkpt lat="34.721866" lon="-83.912983"></trkpt>
      <trkpt lat="34.721957" lon="-83.913074"></trkpt>
      <trkpt lat="34.722054" lon="-83.913138"></trkpt>
      <trkpt lat="34.722192" lon="-83.913192"></trkpt>
      <trkpt lat="34.722717" lon="-83.913324"></trkpt>
      <trkpt lat="34.723037" lon="-83.913393"></trkpt>
      <trkpt lat="34.723279" lon="-83.9134"></trkpt>
      <trkpt lat="34.723445" lon="-83.91337"></trkpt>
      <trkpt lat="34.723564" lon="-83.913342"></trkpt>
      <trkpt lat="34.723681" lon="-83.913305"></trkpt>
      <trkpt lat="34.723904" lon="-83.913229"></trkpt>
      <trkpt lat="34.724084" lon="-83.913177"></trkpt>
      <trkpt lat="34.724332" lon="-83.913153"></trkpt>
      <trkpt lat="34.72464" lon="-83.913192"></trkpt>
      <trkpt lat="34.724838" lon="-83.913206"></trkpt>
      <trkpt lat="34.725027" lon="-83.913163"></trkpt>
      <trkpt lat="34.725853" lon="-83.912957"></trkpt>
      <trkpt lat="34.726014" lon="-83.912935"></trkpt>
      <trkpt lat="34.72614" lon="-83.912937"></trkpt>
      <trkpt lat="34.726217" lon="-83.912971"></trkpt>
      <trkpt lat="34.726277" lon="-83.912999"></trkpt>
      <trkpt lat="34.726348" lon="-83.913074"></trkpt>
      <trkpt lat="34.726403" lon="-83.913158"></trkpt>
      <trkpt lat="34.726482" lon="-83.913242"></trkpt>
      <trkpt lat="34.726601" lon="-83.913321"></trkpt>
      <trkpt lat="34.726687" lon="-83.913347"></trkpt>
      <trkpt lat="34.726848" lon="-83.913341"></trkpt>
      <trkpt lat="34.726987" lon="-83.913362"></trkpt>
      <trkpt lat="34.727072" lon="-83.913406"></trkpt>
      <trkpt lat="34.72752" lon="-83.913848"></trkpt>
      <trkpt lat="34.727762" lon="-83.914064"></trkpt>
      <trkpt lat="34.72802" lon="-83.914308"></trkpt>
      <trkpt lat="34.728169" lon="-83.914448"></trkpt>
      <trkpt lat="34.728333" lon="-83.91457"></trkpt>
      <trkpt lat="34.728436" lon="-83.91462"></trkpt>
      <trkpt lat="34.728593" lon="-83.914662"></trkpt>
      <trkpt lat="34.728812" lon="-83.914675"></trkpt>
      <trkpt lat="34.72911" lon="-83.91467"></trkpt>
      <trkpt lat="34.72923" lon="-83.914651"></trkpt>
      <trkpt lat="34.729387" lon="-83.914611"></trkpt>
      <trkpt lat="34.72984" lon="-83.91441"></trkpt>
      <trkpt lat="34.730021" lon="-83.91436"></trkpt>
      <trkpt lat="34.730134" lon="-83.914367"></trkpt>
      <trkpt lat="34.730236" lon="-83.914414"></trkpt>
      <trkpt lat="34.730355" lon="-83.914536"></trkpt>
      <trkpt lat="34.730521" lon="-83.914755"></trkpt>
      <trkpt lat="34.730814" lon="-83.915117"></trkpt>
      <trkpt lat="34.730931" lon="-83.915258"></trkpt>
      <trkpt lat="34.731045" lon="-83.915329"></trkpt>
      <trkpt lat="34.731193" lon="-83.915365"></trkpt>
      <trkpt lat="34.731377" lon="-83.91533"></trkpt>
      <trkpt lat="34.731542" lon="-83.915299"></trkpt>
      <trkpt lat="34.731673" lon="-83.915292"></trkpt>
      <trkpt lat="34.731772" lon="-83.915307"></trkpt>
      <trkpt lat="34.731845" lon="-83.915346"></trkpt>
      <trkpt lat="34.731933" lon="-83.915439"></trkpt>
      <trkpt lat="34.732022" lon="-83.91562"></trkpt>
      <trkpt lat="34.73215" lon="-83.915984"></trkpt>
      <trkpt lat="34.732257" lon="-83.916216"></trkpt>
      <trkpt lat="34.732423" lon="-83.916424"></trkpt>
      <trkpt lat="34.732531" lon="-83.916548"></trkpt>
      <trkpt lat="34.732965" lon="-83.917003"></trkpt>
      <trkpt lat="34.733095" lon="-83.917131"></trkpt>
      <trkpt lat="34.733166" lon="-83.917241"></trkpt>
      <trkpt lat="34.73324" lon="-83.917484"></trkpt>
      <trkpt lat="34.733251" lon="-83.917617"></trkpt>
      <trkpt lat="34.733217" lon="-83.917804"></trkpt>
      <trkpt lat="34.733085" lon="-83.918053"></trkpt>
      <trkpt lat="34.732775" lon="-83.91863"></trkpt>
      <trkpt lat="34.732582" lon="-83.918963"></trkpt>
      <trkpt lat="34.732565" lon="-83.91906"></trkpt>
      <trkpt lat="34.732569" lon="-83.919183"></trkpt>
      <trkpt lat="34.732604" lon="-83.919307"></trkpt>
      <trkpt lat="34.732657" lon="-83.919462"></trkpt>
      <trkpt lat="34.732728" lon="-83.919652"></trkpt>
      <trkpt lat="34.732764" lon="-83.919733"></trkpt>
      <trkpt lat="34.732784" lon="-83.919882"></trkpt>
      <trkpt lat="34.732758" lon="-83.920015"></trkpt>
      <trkpt lat="34.732692" lon="-83.920107"></trkpt>
      <trkpt lat="34.732512" lon="-83.92022"></trkpt>
      <trkpt lat="34.732134" lon="-83.920374"></trkpt>
      <trkpt lat="34.731237" lon="-83.920636"></trkpt>
      <trkpt lat="34.731123" lon="-83.92068"></trkpt>
      <trkpt lat="34.731016" lon="-83.920745"></trkpt>
      <trkpt lat="34.730899" lon="-83.920898"></trkpt>
      <trkpt lat="34.730844" lon="-83.921052"></trkpt>
      <trkpt lat="34.730836" lon="-83.921175"></trkpt>
      <trkpt lat="34.730856" lon="-83.921293"></trkpt>
      <trkpt lat="34.730972" lon="-83.921609"></trkpt>
      <trkpt lat="34.731029" lon="-83.921778"></trkpt>
      <trkpt lat="34.73107" lon="-83.92197"></trkpt>
      <trkpt lat="34.731071" lon="-83.922124"></trkpt>
      <trkpt lat="34.731034" lon="-83.92231"></trkpt>
      <trkpt lat="34.730972" lon="-83.922537"></trkpt>
      <trkpt lat="34.730943" lon="-83.922713"></trkpt>
      <trkpt lat="34.73095" lon="-83.92281"></trkpt>
      <trkpt lat="34.730953" lon="-83.922855"></trkpt>
      <trkpt lat="34.731031" lon="-83.922997"></trkpt>
      <trkpt lat="34.731122" lon="-83.923053"></trkpt>
      <trkpt lat="34.731234" lon="-83.923072"></trkpt>
      <trkpt lat="34.731318" lon="-83.923053"></trkpt>
      <trkpt lat="34.731408" lon="-83.922977"></trkpt>
      <trkpt lat="34.731462" lon="-83.922857"></trkpt>
      <trkpt lat="34.731492" lon="-83.922713"></trkpt>
      <trkpt lat="34.731487" lon="-83.922529"></trkpt>
      <trkpt lat="34.731443" lon="-83.921906"></trkpt>
      <trkpt lat="34.731434" lon="-83.921742"></trkpt>
      <trkpt lat="34.731458" lon="-83.921542"></trkpt>
      <trkpt lat="34.731489" lon="-83.921414"></trkpt>
      <trkpt lat="34.731564" lon="-83.921292"></trkpt>
      <trkpt lat="34.731736" lon="-83.921173"></trkpt>
      <trkpt lat="34.732001" lon="-83.921071"></trkpt>
      <trkpt lat="34.732201" lon="-83.921021"></trkpt>
      <trkpt lat="34.73241" lon="-83.921007"></trkpt>
      <trkpt lat="34.73252" lon="-83.921026"></trkpt>
      <trkpt lat="34.732677" lon="-83.921093"></trkpt>
      <trkpt lat="34.732903" lon="-83.921217"></trkpt>
      <trkpt lat="34.733105" lon="-83.92133"></trkpt>
      <trkpt lat="34.733259" lon="-83.921404"></trkpt>
      <trkpt lat="34.733415" lon="-83.921462"></trkpt>
      <trkpt lat="34.733564" lon="-83.921501"></trkpt>
      <trkpt lat="34.734307" lon="-83.921577"></trkpt>
      <trkpt lat="34.734457" lon="-83.921574"></trkpt>
      <trkpt lat="34.734598" lon="-83.921539"></trkpt>
      <trkpt lat="34.734676" lon="-83.921505"></trkpt>
      <trkpt lat="34.734778" lon="-83.921404"></trkpt>
      <trkpt lat="34.734831" lon="-83.921324"></trkpt>
      <trkpt lat="34.734868" lon="-83.921219"></trkpt>
      <trkpt lat="34.734881" lon="-83.921123"></trkpt>
      <trkpt lat="34.734872" lon="-83.921015"></trkpt>
      <trkpt lat="34.734844" lon="-83.920902"></trkpt>
      <trkpt lat="34.734571" lon="-83.920051"></trkpt>
      <trkpt lat="34.734494" lon="-83.919708"></trkpt>
      <trkpt lat="34.734468" lon="-83.919421"></trkpt>
      <trkpt lat="34.734471" lon="-83.919202"></trkpt>
      <trkpt lat="34.734499" lon="-83.919025"></trkpt>
      <trkpt lat="34.734537" lon="-83.918891"></trkpt>
      <trkpt lat="34.734624" lon="-83.918678"></trkpt>
      <trkpt lat="34.734721" lon="-83.918514"></trkpt>
      <trkpt lat="34.734804" lon="-83.918414"></trkpt>
      <trkpt lat="34.734954" lon="-83.918297"></trkpt>
      <trkpt lat="34.735117" lon="-83.918226"></trkpt>
      <trkpt lat="34.73519" lon="-83.918205"></trkpt>
      <trkpt lat="34.735303" lon="-83.91819"></trkpt>
      <trkpt lat="34.73544" lon="-83.918191"></trkpt>
      <trkpt lat="34.735486" lon="-83.918192"></trkpt>
      <trkpt lat="34.735529" lon="-83.918195"></trkpt>
      <trkpt lat="34.735562" lon="-83.918204"></trkpt>
      <trkpt lat="34.735707" lon="-83.918242"></trkpt>
      <trkpt lat="34.736119" lon="-83.918363"></trkpt>
      <trkpt lat="34.736338" lon="-83.918447"></trkpt>
      <trkpt lat="34.736565" lon="-83.918557"></trkpt>
      <trkpt lat="34.736736" lon="-83.918633"></trkpt>
      <trkpt lat="34.737118" lon="-83.918851"></trkpt>
      <trkpt lat="34.737477" lon="-83.91904"></trkpt>
      <trkpt lat="34.737631" lon="-83.919097"></trkpt>
      <trkpt lat="34.73779" lon="-83.919131"></trkpt>
      <trkpt lat="34.738008" lon="-83.919153"></trkpt>
      <trkpt lat="34.738207" lon="-83.919139"></trkpt>
      <trkpt lat="34.738594" lon="-83.919098"></trkpt>
      <trkpt lat="34.738813" lon="-83.919084"></trkpt>
      <trkpt lat="34.739048" lon="-83.919095"></trkpt>
      <trkpt lat="34.739251" lon="-83.919176"></trkpt>
      <trkpt lat="34.73939" lon="-83.919259"></trkpt>
      <trkpt lat="34.739564" lon="-83.91942"></trkpt>
      <trkpt lat="34.739738" lon="-83.919611"></trkpt>
      <trkpt lat="34.739881" lon="-83.919765"></trkpt>
      <trkpt lat="34.74008" lon="-83.919942"></trkpt>
      <trkpt lat="34.740342" lon="-83.920129"></trkpt>
      <trkpt lat="34.741044" lon="-83.920523"></trkpt>
      <trkpt lat="34.74145" lon="-83.920757"></trkpt>
      <trkpt lat="34.74184" lon="-83.920901"></trkpt>
      <trkpt lat="34.742052" lon="-83.920946"></trkpt>
      <trkpt lat="34.742256" lon="-83.92097"></trkpt>
      <trkpt lat="34.74247" lon="-83.920975"></trkpt>
      <trkpt lat="34.74268" lon="-83.920959"></trkpt>
      <trkpt lat="34.742931" lon="-83.920921"></trkpt>
      <trkpt lat="34.743299" lon="-83.920849"></trkpt>
      <trkpt lat="34.743604" lon="-83.920812"></trkpt>
      <trkpt lat="34.74396" lon="-83.920803"></trkpt>
      <trkpt lat="34.744181" lon="-83.92075"></trkpt>
      <trkpt lat="34.744353" lon="-83.920637"></trkpt>
      <trkpt lat="34.744541" lon="-83.92051"></trkpt>
      <trkpt lat="34.744758" lon="-83.920389"></trkpt>
      <trkpt lat="34.744918" lon="-83.920263"></trkpt>
      <trkpt lat="34.745034" lon="-83.920103"></trkpt>
      <trkpt lat="34.745133" lon="-83.919915"></trkpt>
      <trkpt lat="34.745216" lon="-83.919751"></trkpt>
      <trkpt lat="34.745318" lon="-83.919566"></trkpt>
      <trkpt lat="34.745525" lon="-83.919345"></trkpt>
      <trkpt lat="34.745687" lon="-83.919277"></trkpt>
      <trkpt lat="34.745849" lon="-83.91927"></trkpt>
      <trkpt lat="34.745991" lon="-83.919317"></trkpt>
      <trkpt lat="34.746197" lon="-83.919442"></trkpt>
      <trkpt lat="34.746515" lon="-83.919656"></trkpt>
      <trkpt lat="34.746695" lon="-83.919772"></trkpt>
      <trkpt lat="34.746815" lon="-83.919819"></trkpt>
      <trkpt lat="34.746948" lon="-83.919845"></trkpt>
      <trkpt lat="34.747165" lon="-83.919831"></trkpt>
      <trkpt lat="34.747486" lon="-83.919734"></trkpt>
      <trkpt lat="34.747619" lon="-83.919657"></trkpt>
      <trkpt lat="34.747709" lon="-83.919582"></trkpt>
      <trkpt lat="34.747897" lon="-83.919389"></trkpt>
      <trkpt lat="34.748099" lon="-83.919184"></trkpt>
      <trkpt lat="34.748225" lon="-83.919072"></trkpt>
      <trkpt lat="34.748362" lon="-83.919016"></trkpt>
      <trkpt lat="34.748528" lon="-83.919026"></trkpt>
      <trkpt lat="34.748634" lon="-83.919076"></trkpt>
      <trkpt lat="34.748737" lon="-83.919158"></trkpt>
      <trkpt lat="34.748816" lon="-83.919234"></trkpt>
      <trkpt lat="34.74894" lon="-83.919387"></trkpt>
      <trkpt lat="34.749043" lon="-83.91957"></trkpt>
      <trkpt lat="34.749092" lon="-83.919716"></trkpt>
      <trkpt lat="34.749142" lon="-83.919892"></trkpt>
      <trkpt lat="34.749477" lon="-83.922188"></trkpt>
      <trkpt lat="34.749491" lon="-83.922416"></trkpt>
      <trkpt lat="34.749475" lon="-83.922649"></trkpt>
      <trkpt lat="34.749446" lon="-83.922814"></trkpt>
      <trkpt lat="34.749411" lon="-83.922991"></trkpt>
      <trkpt lat="34.749416" lon="-83.923152"></trkpt>
      <trkpt lat="34.749443" lon="-83.923271"></trkpt>
      <trkpt lat="34.749498" lon="-83.92338"></trkpt>
      <trkpt lat="34.749559" lon="-83.923448"></trkpt>
      <trkpt lat="34.74962" lon="-83.923486"></trkpt>
      <trkpt lat="34.749679" lon="-83.923515"></trkpt>
      <trkpt lat="34.749808" lon="-83.923544"></trkpt>
      <trkpt lat="34.750725" lon="-83.923504"></trkpt>
      <trkpt lat="34.750928" lon="-83.92347"></trkpt>
      <trkpt lat="34.751236" lon="-83.923387"></trkpt>
      <trkpt lat="34.752142" lon="-83.923016"></trkpt>
      <trkpt lat="34.752309" lon="-83.922965"></trkpt>
      <trkpt lat="34.752524" lon="-83.922965"></trkpt>
      <trkpt lat="34.752727" lon="-83.923062"></trkpt>
      <trkpt lat="34.752912" lon="-83.923201"></trkpt>
      <trkpt lat="34.753068" lon="-83.923409"></trkpt>
      <trkpt lat="34.75331" lon="-83.923739"></trkpt>
      <trkpt lat="34.75346" lon="-83.923951"></trkpt>
      <trkpt lat="34.753623" lon="-83.924197"></trkpt>
      <trkpt lat="34.753884" lon="-83.924569"></trkpt>
      <trkpt lat="34.754104" lon="-83.924879"></trkpt>
      <trkpt lat="34.75434" lon="-83.925149"></trkpt>
      <trkpt lat="34.754473" lon="-83.925224"></trkpt>
      <trkpt lat="34.754614" lon="-83.925267"></trkpt>
      <trkpt lat="34.754768" lon="-83.925267"></trkpt>
      <trkpt lat="34.754931" lon="-83.925234"></trkpt>
      <trkpt lat="34.75509" lon="-83.925143"></trkpt>
      <trkpt lat="34.755284" lon="-83.924955"></trkpt>
      <trkpt lat="34.755569" lon="-83.924584"></trkpt>
      <trkpt lat="34.755831" lon="-83.924402"></trkpt>
      <trkpt lat="34.755955" lon="-83.924356"></trkpt>
      <trkpt lat="34.756296" lon="-83.92427"></trkpt>
      <trkpt lat="34.756627" lon="-83.924219"></trkpt>
      <trkpt lat="34.757636" lon="-83.924085"></trkpt>
      <trkpt lat="34.758172" lon="-83.924018"></trkpt>
      <trkpt lat="34.758538" lon="-83.92401"></trkpt>
      <trkpt lat="34.758716" lon="-83.924033"></trkpt>
      <trkpt lat="34.758945" lon="-83.9241"></trkpt>
      <trkpt lat="34.759214" lon="-83.924185"></trkpt>
      <trkpt lat="34.759423" lon="-83.924214"></trkpt>
      <trkpt lat="34.759679" lon="-83.924204"></trkpt>
      <trkpt lat="34.759911" lon="-83.924175"></trkpt>
      <trkpt lat="34.760353" lon="-83.924056"></trkpt>
      <trkpt lat="34.76099" lon="-83.923841"></trkpt>
      <trkpt lat="34.761194" lon="-83.923738"></trkpt>
      <trkpt lat="34.761291" lon="-83.923684"></trkpt>
      <trkpt lat="34.761401" lon="-83.923574"></trkpt>
      <trkpt lat="34.761467" lon="-83.92347"></trkpt>
      <trkpt lat="34.761587" lon="-83.923247"></trkpt>
      <trkpt lat="34.761666" lon="-83.923047"></trkpt>
      <trkpt lat="34.761775" lon="-83.922857"></trkpt>
      <trkpt lat="34.76191" lon="-83.922699"></trkpt>
      <trkpt lat="34.761953" lon="-83.922662"></trkpt>
      <trkpt lat="34.762148" lon="-83.922538"></trkpt>
      <trkpt lat="34.762522" lon="-83.922482"></trkpt>
      <trkpt lat="34.762945" lon="-83.92243"></trkpt>
      <trkpt lat="34.763182" lon="-83.922391"></trkpt>
      <trkpt lat="34.763377" lon="-83.922312"></trkpt>
      <trkpt lat="34.763761" lon="-83.922065"></trkpt>
      <trkpt lat="34.764576" lon="-83.921582"></trkpt>
      <trkpt lat="34.765435" lon="-83.921023"></trkpt>
      <trkpt lat="34.765712" lon="-83.920848"></trkpt>
      <trkpt lat="34.765988" lon="-83.920601"></trkpt>
      <trkpt lat="34.766349" lon="-83.920158"></trkpt>
      <trkpt lat="34.766543" lon="-83.919852"></trkpt>
      <trkpt lat="34.766628" lon="-83.919588"></trkpt>
      <trkpt lat="34.766686" lon="-83.919306"></trkpt>
      <trkpt lat="34.766746" lon="-83.918994"></trkpt>
      <trkpt lat="34.766824" lon="-83.918702"></trkpt>
      <trkpt lat="34.766923" lon="-83.918424"></trkpt>
      <trkpt lat="34.767068" lon="-83.918159"></trkpt>
      <trkpt lat="34.767313" lon="-83.917861"></trkpt>
      <trkpt lat="34.767765" lon="-83.917509"></trkpt>
      <trkpt lat="34.767815" lon="-83.917652"></trkpt>
      <trkpt lat="34.767815" lon="-83.917706"></trkpt>
      <trkpt lat="34.767791" lon="-83.917759"></trkpt>
      <trkpt lat="34.767743" lon="-83.917803"></trkpt>
      <trkpt lat="34.767658" lon="-83.917864"></trkpt>
      <trkpt lat="34.767611" lon="-83.917912"></trkpt>
      <trkpt lat="34.767579" lon="-83.91798"></trkpt>
      <trkpt lat="34.767566" lon="-83.918047"></trkpt>
      <trkpt lat="34.767562" lon="-83.918132"></trkpt>
      <trkpt lat="34.767633" lon="-83.918429"></trkpt>
      <trkpt lat="34.76764" lon="-83.918528"></trkpt>
      <trkpt lat="34.767627" lon="-83.91865"></trkpt>
      <trkpt lat="34.767558" lon="-83.918794"></trkpt>
      <trkpt lat="34.767508" lon="-83.918913"></trkpt>
      <trkpt lat="34.767445" lon="-83.919078"></trkpt>
      <trkpt lat="34.767428" lon="-83.919128"></trkpt>
      <trkpt lat="34.767398" lon="-83.919287"></trkpt>
      <trkpt lat="34.767375" lon="-83.919483"></trkpt>
      <trkpt lat="34.767371" lon="-83.919674"></trkpt>
      <trkpt lat="34.767381" lon="-83.919815"></trkpt>
      <trkpt lat="34.767357" lon="-83.919935"></trkpt>
      <trkpt lat="34.767297" lon="-83.920067"></trkpt>
      <trkpt lat="34.767144" lon="-83.920319"></trkpt>
      <trkpt lat="34.766878" lon="-83.920659"></trkpt>
      <trkpt lat="34.766449" lon="-83.921297"></trkpt>
      <trkpt lat="34.766138" lon="-83.922002"></trkpt>
      <trkpt lat="34.765903" lon="-83.922417"></trkpt>
      <trkpt lat="34.765762" lon="-83.922618"></trkpt>
      <trkpt lat="34.765605" lon="-83.922861"></trkpt>
      <trkpt lat="34.765569" lon="-83.923011"></trkpt>
      <trkpt lat="34.765569" lon="-83.923182"></trkpt>
      <trkpt lat="34.765611" lon="-83.923318"></trkpt>
      <trkpt lat="34.765689" lon="-83.923465"></trkpt>
      <trkpt lat="34.765747" lon="-83.923565"></trkpt>
      <trkpt lat="34.765708" lon="-83.923773"></trkpt>
      <trkpt lat="34.765718" lon="-83.923789"></trkpt>
      <trkpt lat="34.765842" lon="-83.923994"></trkpt>
      <trkpt lat="34.76589" lon="-83.924073"></trkpt>
      <trkpt lat="34.765907" lon="-83.924082"></trkpt>
      <trkpt lat="34.766032" lon="-83.924147"></trkpt>
      <trkpt lat="34.76589" lon="-83.92435"></trkpt>
      <trkpt lat="34.765562" lon="-83.924681"></trkpt>
      <trkpt lat="34.765472" lon="-83.924781"></trkpt>
      <trkpt lat="34.765526" lon="-83.924829"></trkpt>
      <trkpt lat="34.765587" lon="-83.924848"></trkpt>
      <trkpt lat="34.765763" lon="-83.924858"></trkpt>
      <trkpt lat="34.765816" lon="-83.924878"></trkpt>
      <trkpt lat="34.765739" lon="-83.924988"></trkpt>
      <trkpt lat="34.765678" lon="-83.925062"></trkpt>
    </trkseg>
    <trkseg>
      <trkpt lat="34.765678" lon="-83.925062"></trkpt>
      <trkpt lat="34.765739" lon="-83.924988"></trkpt>
      <trkpt lat="34.765816" lon="-83.924878"></trkpt>
      <trkpt lat="34.765763" lon="-83.924858"></trkpt>
      <trkpt lat="34.765587" lon="-83.924848"></trkpt>
      <trkpt lat="34.765526" lon="-83.924829"></trkpt>
      <trkpt lat="34.765472" lon="-83.924781"></trkpt>
      <trkpt lat="34.765562" lon="-83.924681"></trkpt>
      <trkpt lat="34.76589" lon="-83.92435"></trkpt>
      <trkpt lat="34.766032" lon="-83.924147"></trkpt>
      <trkpt lat="34.765907" lon="-83.924082"></trkpt>
      <trkpt lat="34.76589" lon="-83.924073"></trkpt>
      <trkpt lat="34.765842" lon="-83.923994"></trkpt>
      <trkpt lat="34.765718" lon="-83.923789"></trkpt>
      <trkpt lat="34.765708" lon="-83.923773"></trkpt>
      <trkpt lat="34.765747" lon="-83.923565"></trkpt>
      <trkpt lat="34.765689" lon="-83.923465"></trkpt>
      <trkpt lat="34.765611" lon="-83.923318"></trkpt>
      <trkpt lat="34.765569" lon="-83.923182"></trkpt>
      <trkpt lat="34.765569" lon="-83.923011"></trkpt>
      <trkpt lat="34.765605" lon="-83.922861"></trkpt>
      <trkpt lat="34.765762" lon="-83.922618"></trkpt>
      <trkpt lat="34.765903" lon="-83.922417"></trkpt>
      <trkpt lat="34.766138" lon="-83.922002"></trkpt>
      <trkpt lat="34.766449" lon="-83.921297"></trkpt>
      <trkpt lat="34.766878" lon="-83.920659"></trkpt>
      <trkpt lat="34.767144" lon="-83.920319"></trkpt>
      <trkpt lat="34.767297" lon="-83.920067"></trkpt>
      <trkpt lat="34.767357" lon="-83.919935"></trkpt>
      <trkpt lat="34.767381" lon="-83.919815"></trkpt>
      <trkpt lat="34.767371" lon="-83.919674"></trkpt>
      <trkpt lat="34.767375" lon="-83.919483"></trkpt>
      <trkpt lat="34.767398" lon="-83.919287"></trkpt>
      <trkpt lat="34.767398" lon="-83.919194"></trkpt>
      <trkpt lat="34.767384" lon="-83.919118"></trkpt>
      <trkpt lat="34.767345" lon="-83.919025"></trkpt>
      <trkpt lat="34.767322" lon="-83.918964"></trkpt>
      <trkpt lat="34.767315" lon="-83.918862"></trkpt>
      <trkpt lat="34.767325" lon="-83.918807"></trkpt>
      <trkpt lat="34.767354" lon="-83.91876"></trkpt>
      <trkpt lat="34.767484" lon="-83.918706"></trkpt>
      <trkpt lat="34.767552" lon="-83.91867"></trkpt>
      <trkpt lat="34.767591" lon="-83.918624"></trkpt>
      <trkpt lat="34.76764" lon="-83.918528"></trkpt>
      <trkpt lat="34.767633" lon="-83.918429"></trkpt>
      <trkpt lat="34.767562" lon="-83.918132"></trkpt>
      <trkpt lat="34.767566" lon="-83.918047"></trkpt>
      <trkpt lat="34.767579" lon="-83.91798"></trkpt>
      <trkpt lat="34.767611" lon="-83.917912"></trkpt>
      <trkpt lat="34.767658" lon="-83.917864"></trkpt>
      <trkpt lat="34.767743" lon="-83.917803"></trkpt>
      <trkpt lat="34.767791" lon="-83.917759"></trkpt>
      <trkpt lat="34.767815" lon="-83.917706"></trkpt>
      <trkpt lat="34.767815" lon="-83.917652"></trkpt>
      <trkpt lat="34.767765" lon="-83.917509"></trkpt>
      <trkpt lat="34.768145" lon="-83.917312"></trkpt>
      <trkpt lat="34.768414" lon="-83.91711"></trkpt>
      <trkpt lat="34.768559" lon="-83.916892"></trkpt>
      <trkpt lat="34.768712" lon="-83.916492"></trkpt>
      <trkpt lat="34.768801" lon="-83.916318"></trkpt>
      <trkpt lat="34.768869" lon="-83.916223"></trkpt>
      <trkpt lat="34.768964" lon="-83.916124"></trkpt>
      <trkpt lat="34.769074" lon="-83.916055"></trkpt>
      <trkpt lat="34.769321" lon="-83.915939"></trkpt>
      <trkpt lat="34.769528" lon="-83.9159"></trkpt>
      <trkpt lat="34.770193" lon="-83.915786"></trkpt>
      <trkpt lat="34.770406" lon="-83.915732"></trkpt>
      <trkpt lat="34.770627" lon="-83.91565"></trkpt>
      <trkpt lat="34.77088" lon="-83.915469"></trkpt>
      <trkpt lat="34.77123" lon="-83.915096"></trkpt>
      <trkpt lat="34.771341" lon="-83.914971"></trkpt>
      <trkpt lat="34.77146" lon="-83.914828"></trkpt>
      <trkpt lat="34.77186" lon="-83.914225"></trkpt>
      <trkpt lat="34.772019" lon="-83.913959"></trkpt>
      <trkpt lat="34.772081" lon="-83.913883"></trkpt>
      <trkpt lat="34.772145" lon="-83.913819"></trkpt>
      <trkpt lat="34.772319" lon="-83.913727"></trkpt>
      <trkpt lat="34.772555" lon="-83.913675"></trkpt>
      <trkpt lat="34.77276" lon="-83.913619"></trkpt>
      <trkpt lat="34.772905" lon="-83.913585"></trkpt>
      <trkpt lat="34.773099" lon="-83.913486"></trkpt>
      <trkpt lat="34.773201" lon="-83.913405"></trkpt>
      <trkpt lat="34.773265" lon="-83.913301"></trkpt>
      <trkpt lat="34.773356" lon="-83.913117"></trkpt>
      <trkpt lat="34.773406" lon="-83.912958"></trkpt>
      <trkpt lat="34.773459" lon="-83.912644"></trkpt>
      <trkpt lat="34.773457" lon="-83.912287"></trkpt>
      <trkpt lat="34.773471" lon="-83.911926"></trkpt>
      <trkpt lat="34.773482" lon="-83.911669"></trkpt>
      <trkpt lat="34.773499" lon="-83.911516"></trkpt>
      <trkpt lat="34.773513" lon="-83.911421"></trkpt>
      <trkpt lat="34.77353" lon="-83.911349"></trkpt>
      <trkpt lat="34.773564" lon="-83.911267"></trkpt>
      <trkpt lat="34.773617" lon="-83.911173"></trkpt>
      <trkpt lat="34.773683" lon="-83.911094"></trkpt>
      <trkpt lat="34.773749" lon="-83.91103"></trkpt>
      <trkpt lat="34.774151" lon="-83.910739"></trkpt>
      <trkpt lat="34.774314" lon="-83.910616"></trkpt>
      <trkpt lat="34.774577" lon="-83.910407"></trkpt>
      <trkpt lat="34.774737" lon="-83.910289"></trkpt>
      <trkpt lat="34.774926" lon="-83.910173"></trkpt>
      <trkpt lat="34.775068" lon="-83.910097"></trkpt>
      <trkpt lat="34.775188" lon="-83.910031"></trkpt>
      <trkpt lat="34.775372" lon="-83.909967"></trkpt>
      <trkpt lat="34.77563" lon="-83.909911"></trkpt>
      <trkpt lat="34.775757" lon="-83.909864"></trkpt>
      <trkpt lat="34.775979" lon="-83.909769"></trkpt>
      <trkpt lat="34.776159" lon="-83.909666"></trkpt>
      <trkpt lat="34.776487" lon="-83.909425"></trkpt>
      <trkpt lat="34.77672" lon="-83.909219"></trkpt>
      <trkpt lat="34.776914" lon="-83.909086"></trkpt>
      <trkpt lat="34.777126" lon="-83.90897"></trkpt>
      <trkpt lat="34.77731" lon="-83.908905"></trkpt>
      <trkpt lat="34.777656" lon="-83.908862"></trkpt>
      <trkpt lat="34.778011" lon="-83.908854"></trkpt>
      <trkpt lat="34.778377" lon="-83.908833"></trkpt>
      <trkpt lat="34.778745" lon="-83.908843"></trkpt>
      <trkpt lat="34.779146" lon="-83.908883"></trkpt>
      <trkpt lat="34.779432" lon="-83.908944"></trkpt>
      <trkpt lat="34.780166" lon="-83.909254"></trkpt>
      <trkpt lat="34.780861" lon="-83.909543"></trkpt>
      <trkpt lat="34.781242" lon="-83.909678"></trkpt>
      <trkpt lat="34.781326" lon="-83.909691"></trkpt>
      <trkpt lat="34.78141" lon="-83.909696"></trkpt>
      <trkpt lat="34.781499" lon="-83.909684"></trkpt>
      <trkpt lat="34.781587" lon="-83.909665"></trkpt>
      <trkpt lat="34.78182" lon="-83.909579"></trkpt>
      <trkpt lat="34.782266" lon="-83.909227"></trkpt>
      <trkpt lat="34.782466" lon="-83.909026"></trkpt>
      <trkpt lat="34.782535" lon="-83.908883"></trkpt>
      <trkpt lat="34.782589" lon="-83.90873"></trkpt>
      <trkpt lat="34.782611" lon="-83.908515"></trkpt>
      <trkpt lat="34.782605" lon="-83.908029"></trkpt>
      <trkpt lat="34.782654" lon="-83.907608"></trkpt>
      <trkpt lat="34.78276" lon="-83.907297"></trkpt>
      <trkpt lat="34.782914" lon="-83.90698"></trkpt>
      <trkpt lat="34.783209" lon="-83.906747"></trkpt>
      <trkpt lat="34.783465" lon="-83.906636"></trkpt>
      <trkpt lat="34.783688" lon="-83.906621"></trkpt>
      <trkpt lat="34.783886" lon="-83.906662"></trkpt>
      <trkpt lat="34.784192" lon="-83.906824"></trkpt>
      <trkpt lat="34.784355" lon="-83.906929"></trkpt>
      <trkpt lat="34.784653" lon="-83.907004"></trkpt>
      <trkpt lat="34.784817" lon="-83.906946"></trkpt>
      <trkpt lat="34.785236" lon="-83.906865"></trkpt>
      <trkpt lat="34.785905" lon="-83.906683"></trkpt>
      <trkpt lat="34.78617" lon="-83.906629"></trkpt>
      <trkpt lat="34.786551" lon="-83.906441"></trkpt>
      <trkpt lat="34.786848" lon="-83.906269"></trkpt>
      <trkpt lat="34.78716" lon="-83.906105"></trkpt>
      <trkpt lat="34.78745" lon="-83.906086"></trkpt>
      <trkpt lat="34.787659" lon="-83.906144"></trkpt>
      <trkpt lat="34.78792" lon="-83.906133"></trkpt>
      <trkpt lat="34.788199" lon="-83.905993"></trkpt>
      <trkpt lat="34.788461" lon="-83.905794"></trkpt>
      <trkpt lat="34.78891" lon="-83.905558"></trkpt>
      <trkpt lat="34.789267" lon="-83.905488"></trkpt>
      <trkpt lat="34.789811" lon="-83.905389"></trkpt>
      <trkpt lat="34.790118" lon="-83.905178"></trkpt>
      <trkpt lat="34.790556" lon="-83.904755"></trkpt>
      <trkpt lat="34.790986" lon="-83.904252"></trkpt>
      <trkpt lat="34.791155" lon="-83.903964"></trkpt>
      <trkpt lat="34.791261" lon="-83.903696"></trkpt>
      <trkpt lat="34.791372" lon="-83.903367"></trkpt>
      <trkpt lat="34.79152" lon="-83.90279"></trkpt>
      <trkpt lat="34.791729" lon="-83.901852"></trkpt>
      <trkpt lat="34.791758" lon="-83.901637"></trkpt>
      <trkpt lat="34.791778" lon="-83.901377"></trkpt>
      <trkpt lat="34.791787" lon="-83.90125"></trkpt>
      <trkpt lat="34.791785" lon="-83.900448"></trkpt>
      <trkpt lat="34.791782" lon="-83.899705"></trkpt>
      <trkpt lat="34.791774" lon="-83.896886"></trkpt>
      <trkpt lat="34.791782" lon="-83.89662"></trkpt>
      <trkpt lat="34.791795" lon="-83.896478"></trkpt>
      <trkpt lat="34.791813" lon="-83.896336"></trkpt>
      <trkpt lat="34.79184" lon="-83.896178"></trkpt>
      <trkpt lat="34.791873" lon="-83.896023"></trkpt>
      <trkpt lat="34.791906" lon="-83.895891"></trkpt>
      <trkpt lat="34.791957" lon="-83.895738"></trkpt>
      <trkpt lat="34.792006" lon="-83.895612"></trkpt>
      <trkpt lat="34.792044" lon="-83.89552"></trkpt>
      <trkpt lat="34.792146" lon="-83.895309"></trkpt>
      <trkpt lat="34.792361" lon="-83.894966"></trkpt>
      <trkpt lat="34.79264" lon="-83.894642"></trkpt>
      <trkpt lat="34.792987" lon="-83.894364"></trkpt>
      <trkpt lat="34.793351" lon="-83.894186"></trkpt>
      <trkpt lat="34.793827" lon="-83.893993"></trkpt>
      <trkpt lat="34.794664" lon="-83.893727"></trkpt>
      <trkpt lat="34.794871" lon="-83.893699"></trkpt>
      <trkpt lat="34.795003" lon="-83.893693"></trkpt>
      <trkpt lat="34.795232" lon="-83.893683"></trkpt>
      <trkpt lat="34.795494" lon="-83.893711"></trkpt>
      <trkpt lat="34.795904" lon="-83.893779"></trkpt>
      <trkpt lat="34.796463" lon="-83.893985"></trkpt>
      <trkpt lat="34.797891" lon="-83.894585"></trkpt>
      <trkpt lat="34.79849" lon="-83.894857"></trkpt>
      <trkpt lat="34.799179" lon="-83.895148"></trkpt>
      <trkpt lat="34.799914" lon="-83.895583"></trkpt>
      <trkpt lat="34.80044" lon="-83.895933"></trkpt>
      <trkpt lat="34.800745" lon="-83.896164"></trkpt>
      <trkpt lat="34.801325" lon="-83.896642"></trkpt>
      <trkpt lat="34.801784" lon="-83.897079"></trkpt>
      <trkpt lat="34.802227" lon="-83.897484"></trkpt>
      <trkpt lat="34.802501" lon="-83.897743"></trkpt>
      <trkpt lat="34.802861" lon="-83.898072"></trkpt>
      <trkpt lat="34.80343" lon="-83.898603"></trkpt>
      <trkpt lat="34.803732" lon="-83.898875"></trkpt>
      <trkpt lat="34.804156" lon="-83.899279"></trkpt>
      <trkpt lat="34.80507" lon="-83.900022"></trkpt>
      <trkpt lat="34.805394" lon="-83.900187"></trkpt>
      <trkpt lat="34.805651" lon="-83.900271"></trkpt>
      <trkpt lat="34.805957" lon="-83.900339"></trkpt>
      <trkpt lat="34.806303" lon="-83.900398"></trkpt>
      <trkpt lat="34.806652" lon="-83.900455"></trkpt>
      <trkpt lat="34.807123" lon="-83.900534"></trkpt>
      <trkpt lat="34.807642" lon="-83.900616"></trkpt>
      <trkpt lat="34.808204" lon="-83.900695"></trkpt>
      <trkpt lat="34.808383" lon="-83.900724"></trkpt>
      <trkpt lat="34.808726" lon="-83.900734"></trkpt>
      <trkpt lat="34.809167" lon="-83.900783"></trkpt>
      <trkpt lat="34.809766" lon="-83.90084"></trkpt>
      <trkpt lat="34.810493" lon="-83.900931"></trkpt>
      <trkpt lat="34.811113" lon="-83.901006"></trkpt>
      <trkpt lat="34.81188" lon="-83.901103"></trkpt>
      <trkpt lat="34.813584" lon="-83.90133"></trkpt>
      <trkpt lat="34.814138" lon="-83.901403"></trkpt>
      <trkpt lat="34.814957" lon="-83.901517"></trkpt>
      <trkpt lat="34.815574" lon="-83.901589"></trkpt>
      <trkpt lat="34.81604" lon="-83.901625"></trkpt>
      <trkpt lat="34.816322" lon="-83.901686"></trkpt>
      <trkpt lat="34.816385" lon="-83.9017"></trkpt>
      <trkpt lat="34.816645" lon="-83.901765"></trkpt>
      <trkpt lat="34.816794" lon="-83.901802"></trkpt>
      <trkpt lat="34.816951" lon="-83.901862"></trkpt>
      <trkpt lat="34.817214" lon="-83.901966"></trkpt>
      <trkpt lat="34.817259" lon="-83.901985"></trkpt>
      <trkpt lat="34.817471" lon="-83.902076"></trkpt>
      <trkpt lat="34.817637" lon="-83.902142"></trkpt>
      <trkpt lat="34.817858" lon="-83.902256"></trkpt>
      <trkpt lat="34.818685" lon="-83.902683"></trkpt>
      <trkpt lat="34.819155" lon="-83.902937"></trkpt>
      <trkpt lat="34.81944" lon="-83.903071"></trkpt>
      <trkpt lat="34.820338" lon="-83.903572"></trkpt>
      <trkpt lat="34.82099" lon="-83.903896"></trkpt>
      <trkpt lat="34.821306" lon="-83.904048"></trkpt>
      <trkpt lat="34.821823" lon="-83.904328"></trkpt>
      <trkpt lat="34.822142" lon="-83.9045"></trkpt>
      <trkpt lat="34.822317" lon="-83.90465"></trkpt>
      <trkpt lat="34.822509" lon="-83.904813"></trkpt>
      <trkpt lat="34.822904" lon="-83.905276"></trkpt>
      <trkpt lat="34.823178" lon="-83.905623"></trkpt>
      <trkpt lat="34.823393" lon="-83.90602"></trkpt>
      <trkpt lat="34.823956" lon="-83.907091"></trkpt>
      <trkpt lat="34.824616" lon="-83.908086"></trkpt>
      <trkpt lat="34.824715" lon="-83.908212"></trkpt>
      <trkpt lat="34.825335" lon="-83.909007"></trkpt>
      <trkpt lat="34.825598" lon="-83.909344"></trkpt>
      <trkpt lat="34.825762" lon="-83.909553"></trkpt>
      <trkpt lat="34.825984" lon="-83.909907"></trkpt>
      <trkpt lat="34.826325" lon="-83.910342"></trkpt>
      <trkpt lat="34.826455" lon="-83.910508"></trkpt>
      <trkpt lat="34.826616" lon="-83.910834"></trkpt>
      <trkpt lat="34.826735" lon="-83.911232"></trkpt>
      <trkpt lat="34.82675" lon="-83.911735"></trkpt>
      <trkpt lat="34.826636" lon="-83.912222"></trkpt>
      <trkpt lat="34.826548" lon="-83.912402"></trkpt>
      <trkpt lat="34.826421" lon="-83.912698"></trkpt>
      <trkpt lat="34.826256" lon="-83.912989"></trkpt>
      <trkpt lat="34.825966" lon="-83.913508"></trkpt>
      <trkpt lat="34.825644" lon="-83.914025"></trkpt>
      <trkpt lat="34.82564" lon="-83.914032"></trkpt>
      <trkpt lat="34.825008" lon="-83.915072"></trkpt>
      <trkpt lat="34.824418" lon="-83.91618"></trkpt>
      <trkpt lat="34.824261" lon="-83.916608"></trkpt>
      <trkpt lat="34.824178" lon="-83.91692"></trkpt>
      <trkpt lat="34.824119" lon="-83.917181"></trkpt>
      <trkpt lat="34.824076" lon="-83.917389"></trkpt>
      <trkpt lat="34.824034" lon="-83.917698"></trkpt>
      <trkpt lat="34.823997" lon="-83.918362"></trkpt>
      <trkpt lat="34.824005" lon="-83.918618"></trkpt>
      <trkpt lat="34.824026" lon="-83.918926"></trkpt>
      <trkpt lat="34.824076" lon="-83.919305"></trkpt>
      <trkpt lat="34.82413" lon="-83.919586"></trkpt>
      <trkpt lat="34.824265" lon="-83.920131"></trkpt>
      <trkpt lat="34.82437" lon="-83.920398"></trkpt>
      <trkpt lat="34.824493" lon="-83.920678"></trkpt>
      <trkpt lat="34.824678" lon="-83.921053"></trkpt>
      <trkpt lat="34.824955" lon="-83.921573"></trkpt>
      <trkpt lat="34.825316" lon="-83.922245"></trkpt>
      <trkpt lat="34.825518" lon="-83.922609"></trkpt>
      <trkpt lat="34.825746" lon="-83.922955"></trkpt>
      <trkpt lat="34.825801" lon="-83.923037"></trkpt>
      <trkpt lat="34.825806" lon="-83.923179"></trkpt>
      <trkpt lat="34.825908" lon="-83.923398"></trkpt>
      <trkpt lat="34.826097" lon="-83.923824"></trkpt>
      <trkpt lat="34.826258" lon="-83.92413"></trkpt>
      <trkpt lat="34.826365" lon="-83.924282"></trkpt>
      <trkpt lat="34.826317" lon="-83.924331"></trkpt>
      <trkpt lat="34.826267" lon="-83.924424"></trkpt>
      <trkpt lat="34.826229" lon="-83.924486"></trkpt>
      <trkpt lat="34.826169" lon="-83.924706"></trkpt>
      <trkpt lat="34.826155" lon="-83.924828"></trkpt>
      <trkpt lat="34.826139" lon="-83.925109"></trkpt>
      <trkpt lat="34.826089" lon="-83.92523"></trkpt>
      <trkpt lat="34.825894" lon="-83.925331"></trkpt>
      <trkpt lat="34.825469" lon="-83.925442"></trkpt>
      <trkpt lat="34.82525" lon="-83.92552"></trkpt>
      <trkpt lat="34.824972" lon="-83.925738"></trkpt>
      <trkpt lat="34.82473" lon="-83.926022"></trkpt>
      <trkpt lat="34.824661" lon="-83.926128"></trkpt>
      <trkpt lat="34.824497" lon="-83.926183"></trkpt>
      <trkpt lat="34.824358" lon="-83.926152"></trkpt>
      <trkpt lat="34.824165" lon="-83.926086"></trkpt>
      <trkpt lat="34.823977" lon="-83.925998"></trkpt>
      <trkpt lat="34.823634" lon="-83.925901"></trkpt>
      <trkpt lat="34.823477" lon="-83.925895"></trkpt>
      <trkpt lat="34.823323" lon="-83.925895"></trkpt>
      <trkpt lat="34.82317" lon="-83.925922"></trkpt>
      <trkpt lat="34.822943" lon="-83.926016"></trkpt>
      <trkpt lat="34.822883" lon="-83.92607"></trkpt>
      <trkpt lat="34.822715" lon="-83.926219"></trkpt>
      <trkpt lat="34.822639" lon="-83.926253"></trkpt>
      <trkpt lat="34.822555" lon="-83.926287"></trkpt>
      <trkpt lat="34.822467" lon="-83.926316"></trkpt>
      <trkpt lat="34.822316" lon="-83.926306"></trkpt>
      <trkpt lat="34.82217" lon="-83.926287"></trkpt>
      <trkpt lat="34.822031" lon="-83.926252"></trkpt>
      <trkpt lat="34.821778" lon="-83.92604"></trkpt>
      <trkpt lat="34.821706" lon="-83.926002"></trkpt>
      <trkpt lat="34.821588" lon="-83.925919"></trkpt>
      <trkpt lat="34.821428" lon="-83.925848"></trkpt>
      <trkpt lat="34.821311" lon="-83.92583"></trkpt>
      <trkpt lat="34.821093" lon="-83.925829"></trkpt>
      <trkpt lat="34.820758" lon="-83.925849"></trkpt>
      <trkpt lat="34.81986" lon="-83.925847"></trkpt>
      <trkpt lat="34.81966" lon="-83.925849"></trkpt>
      <trkpt lat="34.81964" lon="-83.925977"></trkpt>
      <trkpt lat="34.819611" lon="-83.926194"></trkpt>
      <trkpt lat="34.81958" lon="-83.926779"></trkpt>
      <trkpt lat="34.819581" lon="-83.927091"></trkpt>
      <trkpt lat="34.819593" lon="-83.927692"></trkpt>
      <trkpt lat="34.819605" lon="-83.928197"></trkpt>
      <trkpt lat="34.819599" lon="-83.928558"></trkpt>
      <trkpt lat="34.819559" lon="-83.928726"></trkpt>
      <trkpt lat="34.819526" lon="-83.928849"></trkpt>
      <trkpt lat="34.819407" lon="-83.929232"></trkpt>
      <trkpt lat="34.819316" lon="-83.92942"></trkpt>
      <trkpt lat="34.819265" lon="-83.92951"></trkpt>
      <trkpt lat="34.819226" lon="-83.929569"></trkpt>
      <trkpt lat="34.819153" lon="-83.929681"></trkpt>
      <trkpt lat="34.819098" lon="-83.929777"></trkpt>
      <trkpt lat="34.819032" lon="-83.92989"></trkpt>
      <trkpt lat="34.818966" lon="-83.930008"></trkpt>
      <trkpt lat="34.818195" lon="-83.931269"></trkpt>
      <trkpt lat="34.817632" lon="-83.932226"></trkpt>
      <trkpt lat="34.817498" lon="-83.93242"></trkpt>
      <trkpt lat="34.817445" lon="-83.932505"></trkpt>
      <trkpt lat="34.817344" lon="-83.932686"></trkpt>
      <trkpt lat="34.817254" lon="-83.932875"></trkpt>
      <trkpt lat="34.817173" lon="-83.933071"></trkpt>
      <trkpt lat="34.817104" lon="-83.933272"></trkpt>
      <trkpt lat="34.817045" lon="-83.933479"></trkpt>
      <trkpt lat="34.816998" lon="-83.93369"></trkpt>
      <trkpt lat="34.816858" lon="-83.934473"></trkpt>
      <trkpt lat="34.816849" lon="-83.934664"></trkpt>
      <trkpt lat="34.816835" lon="-83.934772"></trkpt>
      <trkpt lat="34.816813" lon="-83.934878"></trkpt>
      <trkpt lat="34.816784" lon="-83.934981"></trkpt>
      <trkpt lat="34.816653" lon="-83.935267"></trkpt>
      <trkpt lat="34.81631" lon="-83.935763"></trkpt>
      <trkpt lat="34.816254" lon="-83.93584"></trkpt>
      <trkpt lat="34.816121" lon="-83.936091"></trkpt>
      <trkpt lat="34.815328" lon="-83.937384"></trkpt>
      <trkpt lat="34.814778" lon="-83.938241"></trkpt>
      <trkpt lat="34.814054" lon="-83.939406"></trkpt>
      <trkpt lat="34.813877" lon="-83.93967"></trkpt>
      <trkpt lat="34.813704" lon="-83.939885"></trkpt>
      <trkpt lat="34.813533" lon="-83.940073"></trkpt>
      <trkpt lat="34.813359" lon="-83.940253"></trkpt>
      <trkpt lat="34.813147" lon="-83.94045"></trkpt>
      <trkpt lat="34.813074" lon="-83.940523"></trkpt>
      <trkpt lat="34.812999" lon="-83.940595"></trkpt>
      <trkpt lat="34.812937" lon="-83.940661"></trkpt>
      <trkpt lat="34.81286" lon="-83.940752"></trkpt>
      <trkpt lat="34.812796" lon="-83.940843"></trkpt>
      <trkpt lat="34.812739" lon="-83.940935"></trkpt>
      <trkpt lat="34.812701" lon="-83.94102"></trkpt>
      <trkpt lat="34.812662" lon="-83.941133"></trkpt>
      <trkpt lat="34.812641" lon="-83.941258"></trkpt>
      <trkpt lat="34.812629" lon="-83.941358"></trkpt>
      <trkpt lat="34.81263" lon="-83.941461"></trkpt>
      <trkpt lat="34.812644" lon="-83.94157"></trkpt>
      <trkpt lat="34.812661" lon="-83.941678"></trkpt>
      <trkpt lat="34.812699" lon="-83.941872"></trkpt>
      <trkpt lat="34.812754" lon="-83.942102"></trkpt>
      <trkpt lat="34.812841" lon="-83.942482"></trkpt>
      <trkpt lat="34.812919" lon="-83.94278"></trkpt>
      <trkpt lat="34.812975" lon="-83.942997"></trkpt>
      <trkpt lat="34.813025" lon="-83.943199"></trkpt>
      <trkpt lat="34.813054" lon="-83.943411"></trkpt>
      <trkpt lat="34.813068" lon="-83.943619"></trkpt>
      <trkpt lat="34.813068" lon="-83.943728"></trkpt>
      <trkpt lat="34.813057" lon="-83.943927"></trkpt>
      <trkpt lat="34.813047" lon="-83.943993"></trkpt>
      <trkpt lat="34.813031" lon="-83.9441"></trkpt>
      <trkpt lat="34.812987" lon="-83.94427"></trkpt>
      <trkpt lat="34.812931" lon="-83.944477"></trkpt>
      <trkpt lat="34.812842" lon="-83.94468"></trkpt>
      <trkpt lat="34.812746" lon="-83.944883"></trkpt>
      <trkpt lat="34.81274" lon="-83.944894"></trkpt>
      <trkpt lat="34.812703" lon="-83.944961"></trkpt>
      <trkpt lat="34.812556" lon="-83.945265"></trkpt>
      <trkpt lat="34.812507" lon="-83.945349"></trkpt>
      <trkpt lat="34.812474" lon="-83.945438"></trkpt>
      <trkpt lat="34.812436" lon="-83.945541"></trkpt>
      <trkpt lat="34.81241" lon="-83.945656"></trkpt>
      <trkpt lat="34.81238" lon="-83.945771"></trkpt>
      <trkpt lat="34.812371" lon="-83.945928"></trkpt>
      <trkpt lat="34.812383" lon="-83.94605"></trkpt>
      <trkpt lat="34.812405" lon="-83.946185"></trkpt>
      <trkpt lat="34.812442" lon="-83.946382"></trkpt>
      <trkpt lat="34.812475" lon="-83.946504"></trkpt>
      <trkpt lat="34.812505" lon="-83.946601"></trkpt>
      <trkpt lat="34.812524" lon="-83.946705"></trkpt>
      <trkpt lat="34.812561" lon="-83.946822"></trkpt>
      <trkpt lat="34.812602" lon="-83.947057"></trkpt>
      <trkpt lat="34.812622" lon="-83.947177"></trkpt>
      <trkpt lat="34.812649" lon="-83.947383"></trkpt>
      <trkpt lat="34.812654" lon="-83.947486"></trkpt>
      <trkpt lat="34.812646" lon="-83.947594"></trkpt>
      <trkpt lat="34.812641" lon="-83.947678"></trkpt>
      <trkpt lat="34.812609" lon="-83.94782"></trkpt>
      <trkpt lat="34.812569" lon="-83.947919"></trkpt>
      <trkpt lat="34.812531" lon="-83.94802"></trkpt>
      <trkpt lat="34.812471" lon="-83.948106"></trkpt>
      <trkpt lat="34.812424" lon="-83.948188"></trkpt>
      <trkpt lat="34.81236" lon="-83.948258"></trkpt>
      <trkpt lat="34.812283" lon="-83.948311"></trkpt>
      <trkpt lat="34.812025" lon="-83.948505"></trkpt>
      <trkpt lat="34.811937" lon="-83.948577"></trkpt>
      <trkpt lat="34.811844" lon="-83.948663"></trkpt>
      <trkpt lat="34.811768" lon="-83.94872"></trkpt>
      <trkpt lat="34.811697" lon="-83.948789"></trkpt>
      <trkpt lat="34.811635" lon="-83.948867"></trkpt>
      <trkpt lat="34.81158" lon="-83.948954"></trkpt>
      <trkpt lat="34.811535" lon="-83.949048"></trkpt>
      <trkpt lat="34.811489" lon="-83.949141"></trkpt>
      <trkpt lat="34.81146" lon="-83.949238"></trkpt>
      <trkpt lat="34.811437" lon="-83.949349"></trkpt>
      <trkpt lat="34.811434" lon="-83.949446"></trkpt>
      <trkpt lat="34.811433" lon="-83.94952"></trkpt>
    </trkseg>
    <trkseg>
      <trkpt lat="34.811433" lon="-83.94952"></trkpt>
      <trkpt lat="34.811434" lon="-83.949446"></trkpt>
      <trkpt lat="34.811437" lon="-83.949349"></trkpt>
      <trkpt lat="34.81146" lon="-83.949238"></trkpt>
      <trkpt lat="34.811489" lon="-83.949141"></trkpt>
      <trkpt lat="34.811535" lon="-83.949048"></trkpt>
      <trkpt lat="34.81158" lon="-83.948954"></trkpt>
      <trkpt lat="34.811635" lon="-83.948867"></trkpt>
      <trkpt lat="34.811697" lon="-83.948789"></trkpt>
      <trkpt lat="34.811768" lon="-83.94872"></trkpt>
      <trkpt lat="34.811844" lon="-83.948663"></trkpt>
      <trkpt lat="34.811937" lon="-83.948577"></trkpt>
      <trkpt lat="34.812025" lon="-83.948505"></trkpt>
      <trkpt lat="34.812283" lon="-83.948311"></trkpt>
      <trkpt lat="34.81236" lon="-83.948258"></trkpt>
      <trkpt lat="34.812424" lon="-83.948188"></trkpt>
      <trkpt lat="34.812471" lon="-83.948106"></trkpt>
      <trkpt lat="34.812531" lon="-83.94802"></trkpt>
      <trkpt lat="34.812569" lon="-83.947919"></trkpt>
      <trkpt lat="34.812609" lon="-83.94782"></trkpt>
      <trkpt lat="34.812641" lon="-83.947678"></trkpt>
      <trkpt lat="34.812646" lon="-83.947594"></trkpt>
      <trkpt lat="34.812654" lon="-83.947486"></trkpt>
      <trkpt lat="34.812649" lon="-83.947383"></trkpt>
      <trkpt lat="34.812622" lon="-83.947177"></trkpt>
      <trkpt lat="34.812602" lon="-83.947057"></trkpt>
      <trkpt lat="34.812561" lon="-83.946822"></trkpt>
      <trkpt lat="34.812524" lon="-83.946705"></trkpt>
      <trkpt lat="34.812505" lon="-83.946601"></trkpt>
      <trkpt lat="34.812475" lon="-83.946504"></trkpt>
      <trkpt lat="34.812442" lon="-83.946382"></trkpt>
      <trkpt lat="34.812405" lon="-83.946185"></trkpt>
      <trkpt lat="34.812383" lon="-83.94605"></trkpt>
      <trkpt lat="34.812371" lon="-83.945928"></trkpt>
      <trkpt lat="34.81238" lon="-83.945771"></trkpt>
      <trkpt lat="34.81241" lon="-83.945656"></trkpt>
      <trkpt lat="34.812436" lon="-83.945541"></trkpt>
      <trkpt lat="34.812474" lon="-83.945438"></trkpt>
      <trkpt lat="34.812507" lon="-83.945349"></trkpt>
      <trkpt lat="34.812556" lon="-83.945265"></trkpt>
      <trkpt lat="34.812703" lon="-83.944961"></trkpt>
      <trkpt lat="34.81274" lon="-83.944894"></trkpt>
      <trkpt lat="34.812746" lon="-83.944883"></trkpt>
      <trkpt lat="34.812842" lon="-83.94468"></trkpt>
      <trkpt lat="34.812931" lon="-83.944477"></trkpt>
      <trkpt lat="34.812987" lon="-83.94427"></trkpt>
      <trkpt lat="34.813031" lon="-83.9441"></trkpt>
      <trkpt lat="34.813047" lon="-83.943993"></trkpt>
      <trkpt lat="34.813057" lon="-83.943927"></trkpt>
      <trkpt lat="34.813068" lon="-83.943728"></trkpt>
      <trkpt lat="34.813068" lon="-83.943619"></trkpt>
      <trkpt lat="34.813054" lon="-83.943411"></trkpt>
      <trkpt lat="34.813025" lon="-83.943199"></trkpt>
      <trkpt lat="34.812975" lon="-83.942997"></trkpt>
      <trkpt lat="34.812919" lon="-83.94278"></trkpt>
      <trkpt lat="34.812841" lon="-83.942482"></trkpt>
      <trkpt lat="34.812754" lon="-83.942102"></trkpt>
      <trkpt lat="34.812699" lon="-83.941872"></trkpt>
      <trkpt lat="34.812661" lon="-83.941678"></trkpt>
      <trkpt lat="34.812644" lon="-83.94157"></trkpt>
      <trkpt lat="34.81263" lon="-83.941461"></trkpt>
      <trkpt lat="34.812629" lon="-83.941358"></trkpt>
      <trkpt lat="34.812641" lon="-83.941258"></trkpt>
      <trkpt lat="34.812662" lon="-83.941133"></trkpt>
      <trkpt lat="34.812701" lon="-83.94102"></trkpt>
      <trkpt lat="34.812739" lon="-83.940935"></trkpt>
      <trkpt lat="34.812796" lon="-83.940843"></trkpt>
      <trkpt lat="34.81286" lon="-83.940752"></trkpt>
      <trkpt lat="34.812937" lon="-83.940661"></trkpt>
      <trkpt lat="34.812999" lon="-83.940595"></trkpt>
      <trkpt lat="34.813074" lon="-83.940523"></trkpt>
      <trkpt lat="34.813147" lon="-83.94045"></trkpt>
      <trkpt lat="34.813359" lon="-83.940253"></trkpt>
      <trkpt lat="34.813533" lon="-83.940073"></trkpt>
      <trkpt lat="34.813704" lon="-83.939885"></trkpt>
      <trkpt lat="34.813877" lon="-83.93967"></trkpt>
      <trkpt lat="34.814054" lon="-83.939406"></trkpt>
      <trkpt lat="34.814778" lon="-83.938241"></trkpt>
      <trkpt lat="34.815328" lon="-83.937384"></trkpt>
      <trkpt lat="34.816121" lon="-83.936091"></trkpt>
      <trkpt lat="34.816254" lon="-83.93584"></trkpt>
      <trkpt lat="34.81631" lon="-83.935763"></trkpt>
      <trkpt lat="34.816653" lon="-83.935267"></trkpt>
      <trkpt lat="34.816784" lon="-83.934981"></trkpt>
      <trkpt lat="34.816813" lon="-83.934878"></trkpt>
      <trkpt lat="34.816835" lon="-83.934772"></trkpt>
      <trkpt lat="34.816849" lon="-83.934664"></trkpt>
      <trkpt lat="34.816858" lon="-83.934473"></trkpt>
      <trkpt lat="34.816998" lon="-83.93369"></trkpt>
      <trkpt lat="34.817045" lon="-83.933479"></trkpt>
      <trkpt lat="34.817104" lon="-83.933272"></trkpt>
      <trkpt lat="34.817173" lon="-83.933071"></trkpt>
      <trkpt lat="34.817254" lon="-83.932875"></trkpt>
      <trkpt lat="34.817344" lon="-83.932686"></trkpt>
      <trkpt lat="34.817445" lon="-83.932505"></trkpt>
      <trkpt lat="34.817498" lon="-83.93242"></trkpt>
      <trkpt lat="34.817632" lon="-83.932226"></trkpt>
      <trkpt lat="34.818195" lon="-83.931269"></trkpt>
      <trkpt lat="34.818966" lon="-83.930008"></trkpt>
      <trkpt lat="34.819032" lon="-83.92989"></trkpt>
      <trkpt lat="34.819098" lon="-83.929777"></trkpt>
      <trkpt lat="34.819153" lon="-83.929681"></trkpt>
      <trkpt lat="34.819226" lon="-83.929569"></trkpt>
      <trkpt lat="34.819265" lon="-83.92951"></trkpt>
      <trkpt lat="34.819316" lon="-83.92942"></trkpt>
      <trkpt lat="34.819407" lon="-83.929232"></trkpt>
      <trkpt lat="34.819526" lon="-83.928849"></trkpt>
      <trkpt lat="34.819559" lon="-83.928726"></trkpt>
      <trkpt lat="34.819599" lon="-83.928558"></trkpt>
      <trkpt lat="34.819605" lon="-83.928197"></trkpt>
      <trkpt lat="34.819593" lon="-83.927692"></trkpt>
      <trkpt lat="34.819581" lon="-83.927091"></trkpt>
      <trkpt lat="34.81958" lon="-83.926779"></trkpt>
      <trkpt lat="34.819611" lon="-83.926194"></trkpt>
      <trkpt lat="34.81964" lon="-83.925977"></trkpt>
      <trkpt lat="34.81966" lon="-83.925849"></trkpt>
      <trkpt lat="34.81986" lon="-83.925847"></trkpt>
      <trkpt lat="34.820758" lon="-83.925849"></trkpt>
      <trkpt lat="34.821093" lon="-83.925829"></trkpt>
      <trkpt lat="34.821311" lon="-83.92583"></trkpt>
      <trkpt lat="34.821428" lon="-83.925848"></trkpt>
      <trkpt lat="34.821588" lon="-83.925919"></trkpt>
      <trkpt lat="34.821706" lon="-83.926002"></trkpt>
      <trkpt lat="34.821778" lon="-83.92604"></trkpt>
      <trkpt lat="34.822031" lon="-83.926252"></trkpt>
      <trkpt lat="34.82217" lon="-83.926287"></trkpt>
      <trkpt lat="34.822316" lon="-83.926306"></trkpt>
      <trkpt lat="34.822467" lon="-83.926316"></trkpt>
      <trkpt lat="34.822555" lon="-83.926287"></trkpt>
      <trkpt lat="34.822639" lon="-83.926253"></trkpt>
      <trkpt lat="34.822715" lon="-83.926219"></trkpt>
      <trkpt lat="34.822883" lon="-83.92607"></trkpt>
      <trkpt lat="34.822943" lon="-83.926016"></trkpt>
      <trkpt lat="34.82317" lon="-83.925922"></trkpt>
      <trkpt lat="34.823323" lon="-83.925895"></trkpt>
      <trkpt lat="34.823477" lon="-83.925895"></trkpt>
      <trkpt lat="34.823634" lon="-83.925901"></trkpt>
      <trkpt lat="34.823977" lon="-83.925998"></trkpt>
      <trkpt lat="34.824165" lon="-83.926086"></trkpt>
      <trkpt lat="34.824358" lon="-83.926152"></trkpt>
      <trkpt lat="34.824497" lon="-83.926183"></trkpt>
      <trkpt lat="34.824661" lon="-83.926128"></trkpt>
      <trkpt lat="34.82473" lon="-83.926022"></trkpt>
      <trkpt lat="34.824972" lon="-83.925738"></trkpt>
      <trkpt lat="34.82525" lon="-83.92552"></trkpt>
      <trkpt lat="34.825469" lon="-83.925442"></trkpt>
      <trkpt lat="34.825894" lon="-83.925331"></trkpt>
      <trkpt lat="34.826089" lon="-83.92523"></trkpt>
      <trkpt lat="34.826139" lon="-83.925109"></trkpt>
      <trkpt lat="34.826155" lon="-83.924828"></trkpt>
      <trkpt lat="34.826169" lon="-83.924706"></trkpt>
      <trkpt lat="34.826229" lon="-83.924486"></trkpt>
      <trkpt lat="34.826267" lon="-83.924424"></trkpt>
      <trkpt lat="34.826317" lon="-83.924331"></trkpt>
      <trkpt lat="34.826365" lon="-83.924282"></trkpt>
      <trkpt lat="34.826258" lon="-83.92413"></trkpt>
      <trkpt lat="34.826097" lon="-83.923824"></trkpt>
      <trkpt lat="34.825908" lon="-83.923398"></trkpt>
      <trkpt lat="34.825806" lon="-83.923179"></trkpt>
      <trkpt lat="34.825801" lon="-83.923037"></trkpt>
      <trkpt lat="34.825746" lon="-83.922955"></trkpt>
      <trkpt lat="34.825518" lon="-83.922609"></trkpt>
      <trkpt lat="34.825316" lon="-83.922245"></trkpt>
      <trkpt lat="34.824955" lon="-83.921573"></trkpt>
      <trkpt lat="34.824678" lon="-83.921053"></trkpt>
      <trkpt lat="34.824493" lon="-83.920678"></trkpt>
      <trkpt lat="34.82437" lon="-83.920398"></trkpt>
      <trkpt lat="34.824265" lon="-83.920131"></trkpt>
      <trkpt lat="34.82413" lon="-83.919586"></trkpt>
      <trkpt lat="34.824076" lon="-83.919305"></trkpt>
      <trkpt lat="34.824026" lon="-83.918926"></trkpt>
      <trkpt lat="34.824005" lon="-83.918618"></trkpt>
      <trkpt lat="34.823997" lon="-83.918362"></trkpt>
      <trkpt lat="34.824034" lon="-83.917698"></trkpt>
      <trkpt lat="34.824076" lon="-83.917389"></trkpt>
      <trkpt lat="34.824119" lon="-83.917181"></trkpt>
      <trkpt lat="34.824178" lon="-83.91692"></trkpt>
      <trkpt lat="34.824261" lon="-83.916608"></trkpt>
      <trkpt lat="34.824418" lon="-83.91618"></trkpt>
      <trkpt lat="34.825008" lon="-83.915072"></trkpt>
      <trkpt lat="34.82564" lon="-83.914032"></trkpt>
      <trkpt lat="34.825644" lon="-83.914025"></trkpt>
      <trkpt lat="34.825966" lon="-83.913508"></trkpt>
      <trkpt lat="34.826256" lon="-83.912989"></trkpt>
      <trkpt lat="34.826421" lon="-83.912698"></trkpt>
      <trkpt lat="34.826548" lon="-83.912402"></trkpt>
      <trkpt lat="34.826636" lon="-83.912222"></trkpt>
      <trkpt lat="34.82675" lon="-83.911735"></trkpt>
      <trkpt lat="34.826735" lon="-83.911232"></trkpt>
      <trkpt lat="34.826616" lon="-83.910834"></trkpt>
      <trkpt lat="34.826455" lon="-83.910508"></trkpt>
      <trkpt lat="34.826325" lon="-83.910342"></trkpt>
      <trkpt lat="34.825984" lon="-83.909907"></trkpt>
      <trkpt lat="34.825762" lon="-83.909553"></trkpt>
      <trkpt lat="34.825598" lon="-83.909344"></trkpt>
      <trkpt lat="34.825335" lon="-83.909007"></trkpt>
      <trkpt lat="34.824715" lon="-83.908212"></trkpt>
      <trkpt lat="34.824616" lon="-83.908086"></trkpt>
      <trkpt lat="34.823956" lon="-83.907091"></trkpt>
      <trkpt lat="34.823393" lon="-83.90602"></trkpt>
      <trkpt lat="34.823178" lon="-83.905623"></trkpt>
      <trkpt lat="34.822904" lon="-83.905276"></trkpt>
      <trkpt lat="34.822509" lon="-83.904813"></trkpt>
      <trkpt lat="34.822317" lon="-83.90465"></trkpt>
      <trkpt lat="34.822142" lon="-83.9045"></trkpt>
      <trkpt lat="34.821823" lon="-83.904328"></trkpt>
      <trkpt lat="34.821306" lon="-83.904048"></trkpt>
      <trkpt lat="34.82099" lon="-83.903896"></trkpt>
      <trkpt lat="34.820338" lon="-83.903572"></trkpt>
      <trkpt lat="34.81944" lon="-83.903071"></trkpt>
      <trkpt lat="34.819155" lon="-83.902937"></trkpt>
      <trkpt lat="34.818685" lon="-83.902683"></trkpt>
      <trkpt lat="34.817858" lon="-83.902256"></trkpt>
      <trkpt lat="34.817637" lon="-83.902142"></trkpt>
      <trkpt lat="34.817471" lon="-83.902076"></trkpt>
      <trkpt lat="34.817259" lon="-83.901985"></trkpt>
      <trkpt lat="34.817214" lon="-83.901966"></trkpt>
      <trkpt lat="34.816951" lon="-83.901862"></trkpt>
      <trkpt lat="34.816794" lon="-83.901802"></trkpt>
      <trkpt lat="34.816645" lon="-83.901765"></trkpt>
      <trkpt lat="34.816385" lon="-83.9017"></trkpt>
      <trkpt lat="34.816322" lon="-83.901686"></trkpt>
      <trkpt lat="34.81604" lon="-83.901625"></trkpt>
      <trkpt lat="34.815574" lon="-83.901589"></trkpt>
      <trkpt lat="34.814957" lon="-83.901517"></trkpt>
      <trkpt lat="34.814138" lon="-83.901403"></trkpt>
      <trkpt lat="34.813584" lon="-83.90133"></trkpt>
      <trkpt lat="34.81188" lon="-83.901103"></trkpt>
      <trkpt lat="34.811113" lon="-83.901006"></trkpt>
      <trkpt lat="34.810493" lon="-83.900931"></trkpt>
      <trkpt lat="34.809766" lon="-83.90084"></trkpt>
      <trkpt lat="34.809167" lon="-83.900783"></trkpt>
      <trkpt lat="34.808726" lon="-83.900734"></trkpt>
      <trkpt lat="34.808383" lon="-83.900724"></trkpt>
      <trkpt lat="34.808204" lon="-83.900695"></trkpt>
      <trkpt lat="34.807642" lon="-83.900616"></trkpt>
      <trkpt lat="34.807123" lon="-83.900534"></trkpt>
      <trkpt lat="34.806652" lon="-83.900455"></trkpt>
      <trkpt lat="34.806303" lon="-83.900398"></trkpt>
      <trkpt lat="34.805957" lon="-83.900339"></trkpt>
      <trkpt lat="34.805651" lon="-83.900271"></trkpt>
      <trkpt lat="34.805394" lon="-83.900187"></trkpt>
      <trkpt lat="34.80507" lon="-83.900022"></trkpt>
      <trkpt lat="34.804156" lon="-83.899279"></trkpt>
      <trkpt lat="34.803732" lon="-83.898875"></trkpt>
      <trkpt lat="34.80343" lon="-83.898603"></trkpt>
      <trkpt lat="34.802861" lon="-83.898072"></trkpt>
      <trkpt lat="34.802501" lon="-83.897743"></trkpt>
      <trkpt lat="34.802227" lon="-83.897484"></trkpt>
      <trkpt lat="34.801784" lon="-83.897079"></trkpt>
      <trkpt lat="34.801325" lon="-83.896642"></trkpt>
      <trkpt lat="34.800745" lon="-83.896164"></trkpt>
      <trkpt lat="34.80044" lon="-83.895933"></trkpt>
      <trkpt lat="34.799914" lon="-83.895583"></trkpt>
      <trkpt lat="34.799179" lon="-83.895148"></trkpt>
      <trkpt lat="34.79849" lon="-83.894857"></trkpt>
      <trkpt lat="34.797891" lon="-83.894585"></trkpt>
      <trkpt lat="34.796463" lon="-83.893985"></trkpt>
      <trkpt lat="34.795904" lon="-83.893779"></trkpt>
      <trkpt lat="34.795494" lon="-83.893711"></trkpt>
      <trkpt lat="34.795232" lon="-83.893683"></trkpt>
      <trkpt lat="34.795003" lon="-83.893693"></trkpt>
      <trkpt lat="34.794871" lon="-83.893699"></trkpt>
      <trkpt lat="34.794664" lon="-83.893727"></trkpt>
      <trkpt lat="34.793827" lon="-83.893993"></trkpt>
      <trkpt lat="34.793351" lon="-83.894186"></trkpt>
      <trkpt lat="34.792987" lon="-83.894364"></trkpt>
      <trkpt lat="34.79264" lon="-83.894642"></trkpt>
      <trkpt lat="34.792361" lon="-83.894966"></trkpt>
      <trkpt lat="34.792146" lon="-83.895309"></trkpt>
      <trkpt lat="34.792044" lon="-83.89552"></trkpt>
      <trkpt lat="34.792006" lon="-83.895612"></trkpt>
      <trkpt lat="34.791957" lon="-83.895738"></trkpt>
      <trkpt lat="34.791906" lon="-83.895891"></trkpt>
      <trkpt lat="34.791873" lon="-83.896023"></trkpt>
      <trkpt lat="34.79184" lon="-83.896178"></trkpt>
      <trkpt lat="34.791813" lon="-83.896336"></trkpt>
      <trkpt lat="34.791795" lon="-83.896478"></trkpt>
      <trkpt lat="34.791782" lon="-83.89662"></trkpt>
      <trkpt lat="34.791774" lon="-83.896886"></trkpt>
      <trkpt lat="34.791782" lon="-83.899705"></trkpt>
      <trkpt lat="34.791785" lon="-83.900448"></trkpt>
      <trkpt lat="34.791787" lon="-83.90125"></trkpt>
      <trkpt lat="34.791778" lon="-83.901377"></trkpt>
      <trkpt lat="34.791758" lon="-83.901637"></trkpt>
      <trkpt lat="34.791729" lon="-83.901852"></trkpt>
      <trkpt lat="34.79152" lon="-83.90279"></trkpt>
      <trkpt lat="34.791372" lon="-83.903367"></trkpt>
      <trkpt lat="34.791261" lon="-83.903696"></trkpt>
      <trkpt lat="34.791155" lon="-83.903964"></trkpt>
      <trkpt lat="34.790986" lon="-83.904252"></trkpt>
      <trkpt lat="34.790556" lon="-83.904755"></trkpt>
      <trkpt lat="34.790118" lon="-83.905178"></trkpt>
      <trkpt lat="34.789811" lon="-83.905389"></trkpt>
      <trkpt lat="34.789267" lon="-83.905488"></trkpt>
      <trkpt lat="34.78891" lon="-83.905558"></trkpt>
      <trkpt lat="34.788461" lon="-83.905794"></trkpt>
      <trkpt lat="34.788199" lon="-83.905993"></trkpt>
      <trkpt lat="34.78792" lon="-83.906133"></trkpt>
      <trkpt lat="34.787659" lon="-83.906144"></trkpt>
      <trkpt lat="34.78745" lon="-83.906086"></trkpt>
      <trkpt lat="34.78716" lon="-83.906105"></trkpt>
      <trkpt lat="34.786848" lon="-83.906269"></trkpt>
      <trkpt lat="34.786551" lon="-83.906441"></trkpt>
      <trkpt lat="34.78617" lon="-83.906629"></trkpt>
      <trkpt lat="34.785905" lon="-83.906683"></trkpt>
      <trkpt lat="34.785236" lon="-83.906865"></trkpt>
      <trkpt lat="34.784817" lon="-83.906946"></trkpt>
      <trkpt lat="34.784653" lon="-83.907004"></trkpt>
      <trkpt lat="34.784355" lon="-83.906929"></trkpt>
      <trkpt lat="34.784192" lon="-83.906824"></trkpt>
      <trkpt lat="34.783886" lon="-83.906662"></trkpt>
      <trkpt lat="34.783688" lon="-83.906621"></trkpt>
      <trkpt lat="34.783465" lon="-83.906636"></trkpt>
      <trkpt lat="34.783209" lon="-83.906747"></trkpt>
      <trkpt lat="34.782914" lon="-83.90698"></trkpt>
      <trkpt lat="34.78276" lon="-83.907297"></trkpt>
      <trkpt lat="34.782654" lon="-83.907608"></trkpt>
      <trkpt lat="34.782605" lon="-83.908029"></trkpt>
      <trkpt lat="34.782611" lon="-83.908515"></trkpt>
      <trkpt lat="34.782589" lon="-83.90873"></trkpt>
      <trkpt lat="34.782535" lon="-83.908883"></trkpt>
      <trkpt lat="34.782466" lon="-83.909026"></trkpt>
      <trkpt lat="34.782266" lon="-83.909227"></trkpt>
      <trkpt lat="34.78182" lon="-83.909579"></trkpt>
      <trkpt lat="34.781587" lon="-83.909665"></trkpt>
      <trkpt lat="34.781499" lon="-83.909684"></trkpt>
      <trkpt lat="34.78141" lon="-83.909696"></trkpt>
      <trkpt lat="34.781326" lon="-83.909691"></trkpt>
      <trkpt lat="34.781242" lon="-83.909678"></trkpt>
      <trkpt lat="34.780861" lon="-83.909543"></trkpt>
      <trkpt lat="34.780166" lon="-83.909254"></trkpt>
      <trkpt lat="34.779432" lon="-83.908944"></trkpt>
      <trkpt lat="34.779146" lon="-83.908883"></trkpt>
      <trkpt lat="34.778745" lon="-83.908843"></trkpt>
      <trkpt lat="34.778377" lon="-83.908833"></trkpt>
      <trkpt lat="34.778011" lon="-83.908854"></trkpt>
      <trkpt lat="34.777656" lon="-83.908862"></trkpt>
      <trkpt lat="34.77731" lon="-83.908905"></trkpt>
      <trkpt lat="34.777126" lon="-83.90897"></trkpt>
      <trkpt lat="34.776914" lon="-83.909086"></trkpt>
      <trkpt lat="34.77672" lon="-83.909219"></trkpt>
      <trkpt lat="34.776487" lon="-83.909425"></trkpt>
      <trkpt lat="34.776159" lon="-83.909666"></trkpt>
      <trkpt lat="34.775979" lon="-83.909769"></trkpt>
      <trkpt lat="34.775757" lon="-83.909864"></trkpt>
      <trkpt lat="34.77563" lon="-83.909911"></trkpt>
      <trkpt lat="34.775372" lon="-83.909967"></trkpt>
      <trkpt lat="34.775188" lon="-83.910031"></trkpt>
      <trkpt lat="34.775068" lon="-83.910097"></trkpt>
      <trkpt lat="34.774926" lon="-83.910173"></trkpt>
      <trkpt lat="34.774737" lon="-83.910289"></trkpt>
      <trkpt lat="34.774577" lon="-83.910407"></trkpt>
      <trkpt lat="34.774314" lon="-83.910616"></trkpt>
      <trkpt lat="34.774151" lon="-83.910739"></trkpt>
      <trkpt lat="34.773749" lon="-83.91103"></trkpt>
      <trkpt lat="34.773683" lon="-83.911094"></trkpt>
      <trkpt lat="34.773617" lon="-83.911173"></trkpt>
      <trkpt lat="34.773564" lon="-83.911267"></trkpt>
      <trkpt lat="34.77353" lon="-83.911349"></trkpt>
      <trkpt lat="34.773513" lon="-83.911421"></trkpt>
      <trkpt lat="34.773499" lon="-83.911516"></trkpt>
      <trkpt lat="34.773482" lon="-83.911669"></trkpt>
      <trkpt lat="34.773471" lon="-83.911926"></trkpt>
      <trkpt lat="34.773457" lon="-83.912287"></trkpt>
      <trkpt lat="34.773459" lon="-83.912644"></trkpt>
      <trkpt lat="34.773406" lon="-83.912958"></trkpt>
      <trkpt lat="34.773356" lon="-83.913117"></trkpt>
      <trkpt lat="34.773265" lon="-83.913301"></trkpt>
      <trkpt lat="34.773201" lon="-83.913405"></trkpt>
      <trkpt lat="34.773099" lon="-83.913486"></trkpt>
      <trkpt lat="34.772905" lon="-83.913585"></trkpt>
      <trkpt lat="34.77276" lon="-83.913619"></trkpt>
      <trkpt lat="34.772555" lon="-83.913675"></trkpt>
      <trkpt lat="34.772319" lon="-83.913727"></trkpt>
      <trkpt lat="34.772145" lon="-83.913819"></trkpt>
      <trkpt lat="34.772081" lon="-83.913883"></trkpt>
      <trkpt lat="34.772019" lon="-83.913959"></trkpt>
      <trkpt lat="34.77186" lon="-83.914225"></trkpt>
      <trkpt lat="34.77146" lon="-83.914828"></trkpt>
      <trkpt lat="34.771341" lon="-83.914971"></trkpt>
      <trkpt lat="34.77123" lon="-83.915096"></trkpt>
      <trkpt lat="34.77088" lon="-83.915469"></trkpt>
      <trkpt lat="34.770627" lon="-83.91565"></trkpt>
      <trkpt lat="34.770406" lon="-83.915732"></trkpt>
      <trkpt lat="34.770193" lon="-83.915786"></trkpt>
      <trkpt lat="34.769528" lon="-83.9159"></trkpt>
      <trkpt lat="34.769321" lon="-83.915939"></trkpt>
      <trkpt lat="34.769074" lon="-83.916055"></trkpt>
      <trkpt lat="34.768964" lon="-83.916124"></trkpt>
      <trkpt lat="34.768869" lon="-83.916223"></trkpt>
      <trkpt lat="34.768801" lon="-83.916318"></trkpt>
      <trkpt lat="34.768712" lon="-83.916492"></trkpt>
      <trkpt lat="34.768559" lon="-83.916892"></trkpt>
      <trkpt lat="34.768414" lon="-83.91711"></trkpt>
      <trkpt lat="34.768145" lon="-83.917312"></trkpt>
      <trkpt lat="34.767765" lon="-83.917509"></trkpt>
      <trkpt lat="34.767815" lon="-83.917652"></trkpt>
      <trkpt lat="34.767815" lon="-83.917706"></trkpt>
      <trkpt lat="34.767791" lon="-83.917759"></trkpt>
      <trkpt lat="34.767743" lon="-83.917803"></trkpt>
      <trkpt lat="34.767658" lon="-83.917864"></trkpt>
      <trkpt lat="34.767611" lon="-83.917912"></trkpt>
      <trkpt lat="34.767579" lon="-83.91798"></trkpt>
      <trkpt lat="34.767566" lon="-83.918047"></trkpt>
      <trkpt lat="34.767562" lon="-83.918132"></trkpt>
      <trkpt lat="34.767633" lon="-83.918429"></trkpt>
      <trkpt lat="34.76764" lon="-83.918528"></trkpt>
      <trkpt lat="34.767627" lon="-83.91865"></trkpt>
      <trkpt lat="34.767558" lon="-83.918794"></trkpt>
      <trkpt lat="34.767508" lon="-83.918913"></trkpt>
      <trkpt lat="34.767445" lon="-83.919078"></trkpt>
      <trkpt lat="34.767428" lon="-83.919128"></trkpt>
      <trkpt lat="34.767398" lon="-83.919287"></trkpt>
      <trkpt lat="34.767375" lon="-83.919483"></trkpt>
      <trkpt lat="34.767371" lon="-83.919674"></trkpt>
      <trkpt lat="34.767381" lon="-83.919815"></trkpt>
      <trkpt lat="34.767357" lon="-83.919935"></trkpt>
      <trkpt lat="34.767297" lon="-83.920067"></trkpt>
      <trkpt lat="34.767144" lon="-83.920319"></trkpt>
      <trkpt lat="34.766878" lon="-83.920659"></trkpt>
      <trkpt lat="34.766449" lon="-83.921297"></trkpt>
      <trkpt lat="34.766138" lon="-83.922002"></trkpt>
      <trkpt lat="34.765903" lon="-83.922417"></trkpt>
      <trkpt lat="34.765762" lon="-83.922618"></trkpt>
      <trkpt lat="34.765605" lon="-83.922861"></trkpt>
      <trkpt lat="34.765569" lon="-83.923011"></trkpt>
      <trkpt lat="34.765569" lon="-83.923182"></trkpt>
      <trkpt lat="34.765611" lon="-83.923318"></trkpt>
      <trkpt lat="34.765689" lon="-83.923465"></trkpt>
      <trkpt lat="34.765747" lon="-83.923565"></trkpt>
      <trkpt lat="34.765708" lon="-83.923773"></trkpt>
      <trkpt lat="34.765718" lon="-83.923789"></trkpt>
      <trkpt lat="34.765842" lon="-83.923994"></trkpt>
      <trkpt lat="34.76589" lon="-83.924073"></trkpt>
      <trkpt lat="34.765907" lon="-83.924082"></trkpt>
      <trkpt lat="34.766032" lon="-83.924147"></trkpt>
      <trkpt lat="34.76589" lon="-83.92435"></trkpt>
      <trkpt lat="34.765562" lon="-83.924681"></trkpt>
      <trkpt lat="34.765472" lon="-83.924781"></trkpt>
      <trkpt lat="34.765526" lon="-83.924829"></trkpt>
      <trkpt lat="34.765587" lon="-83.924848"></trkpt>
      <trkpt lat="34.765763" lon="-83.924858"></trkpt>
      <trkpt lat="34.765816" lon="-83.924878"></trkpt>
      <trkpt lat="34.765739" lon="-83.924988"></trkpt>
      <trkpt lat="34.765678" lon="-83.925062"></trkpt>
    </trkseg>
  </trk>
  <trk><name>Day 3</name><desc>2026-10-17 — Truck to WOLF-X, pan, hike over Calf Stomp Gap, camp at Calf Stump Branch</desc>
    <trkseg>
      <trkpt lat="34.765678" lon="-83.925062"></trkpt>
      <trkpt lat="34.765739" lon="-83.924988"></trkpt>
      <trkpt lat="34.765816" lon="-83.924878"></trkpt>
      <trkpt lat="34.765763" lon="-83.924858"></trkpt>
      <trkpt lat="34.765587" lon="-83.924848"></trkpt>
      <trkpt lat="34.765526" lon="-83.924829"></trkpt>
      <trkpt lat="34.765472" lon="-83.924781"></trkpt>
      <trkpt lat="34.765562" lon="-83.924681"></trkpt>
      <trkpt lat="34.76589" lon="-83.92435"></trkpt>
      <trkpt lat="34.766032" lon="-83.924147"></trkpt>
      <trkpt lat="34.765907" lon="-83.924082"></trkpt>
      <trkpt lat="34.76589" lon="-83.924073"></trkpt>
      <trkpt lat="34.765842" lon="-83.923994"></trkpt>
      <trkpt lat="34.765718" lon="-83.923789"></trkpt>
      <trkpt lat="34.765708" lon="-83.923773"></trkpt>
      <trkpt lat="34.765747" lon="-83.923565"></trkpt>
      <trkpt lat="34.765689" lon="-83.923465"></trkpt>
      <trkpt lat="34.765611" lon="-83.923318"></trkpt>
      <trkpt lat="34.765569" lon="-83.923182"></trkpt>
      <trkpt lat="34.765569" lon="-83.923011"></trkpt>
      <trkpt lat="34.765605" lon="-83.922861"></trkpt>
      <trkpt lat="34.765762" lon="-83.922618"></trkpt>
      <trkpt lat="34.765903" lon="-83.922417"></trkpt>
      <trkpt lat="34.766138" lon="-83.922002"></trkpt>
      <trkpt lat="34.766449" lon="-83.921297"></trkpt>
      <trkpt lat="34.766878" lon="-83.920659"></trkpt>
      <trkpt lat="34.767144" lon="-83.920319"></trkpt>
      <trkpt lat="34.767297" lon="-83.920067"></trkpt>
      <trkpt lat="34.767357" lon="-83.919935"></trkpt>
      <trkpt lat="34.767381" lon="-83.919815"></trkpt>
      <trkpt lat="34.767371" lon="-83.919674"></trkpt>
      <trkpt lat="34.767375" lon="-83.919483"></trkpt>
      <trkpt lat="34.767398" lon="-83.919287"></trkpt>
      <trkpt lat="34.767398" lon="-83.919194"></trkpt>
      <trkpt lat="34.767384" lon="-83.919118"></trkpt>
      <trkpt lat="34.767345" lon="-83.919025"></trkpt>
      <trkpt lat="34.767322" lon="-83.918964"></trkpt>
      <trkpt lat="34.767315" lon="-83.918862"></trkpt>
      <trkpt lat="34.767325" lon="-83.918807"></trkpt>
      <trkpt lat="34.767354" lon="-83.91876"></trkpt>
      <trkpt lat="34.767484" lon="-83.918706"></trkpt>
      <trkpt lat="34.767552" lon="-83.91867"></trkpt>
      <trkpt lat="34.767591" lon="-83.918624"></trkpt>
      <trkpt lat="34.76764" lon="-83.918528"></trkpt>
      <trkpt lat="34.767633" lon="-83.918429"></trkpt>
      <trkpt lat="34.767562" lon="-83.918132"></trkpt>
      <trkpt lat="34.767566" lon="-83.918047"></trkpt>
      <trkpt lat="34.767579" lon="-83.91798"></trkpt>
      <trkpt lat="34.767611" lon="-83.917912"></trkpt>
      <trkpt lat="34.767658" lon="-83.917864"></trkpt>
      <trkpt lat="34.767743" lon="-83.917803"></trkpt>
      <trkpt lat="34.767791" lon="-83.917759"></trkpt>
      <trkpt lat="34.767815" lon="-83.917706"></trkpt>
      <trkpt lat="34.767815" lon="-83.917652"></trkpt>
      <trkpt lat="34.767765" lon="-83.917509"></trkpt>
      <trkpt lat="34.768145" lon="-83.917312"></trkpt>
      <trkpt lat="34.768414" lon="-83.91711"></trkpt>
      <trkpt lat="34.768559" lon="-83.916892"></trkpt>
      <trkpt lat="34.768712" lon="-83.916492"></trkpt>
      <trkpt lat="34.768801" lon="-83.916318"></trkpt>
      <trkpt lat="34.768869" lon="-83.916223"></trkpt>
      <trkpt lat="34.768964" lon="-83.916124"></trkpt>
      <trkpt lat="34.769074" lon="-83.916055"></trkpt>
      <trkpt lat="34.769321" lon="-83.915939"></trkpt>
      <trkpt lat="34.769528" lon="-83.9159"></trkpt>
      <trkpt lat="34.770193" lon="-83.915786"></trkpt>
      <trkpt lat="34.770406" lon="-83.915732"></trkpt>
      <trkpt lat="34.770627" lon="-83.91565"></trkpt>
      <trkpt lat="34.77088" lon="-83.915469"></trkpt>
      <trkpt lat="34.77123" lon="-83.915096"></trkpt>
      <trkpt lat="34.771341" lon="-83.914971"></trkpt>
      <trkpt lat="34.77146" lon="-83.914828"></trkpt>
      <trkpt lat="34.77186" lon="-83.914225"></trkpt>
      <trkpt lat="34.772019" lon="-83.913959"></trkpt>
      <trkpt lat="34.772081" lon="-83.913883"></trkpt>
      <trkpt lat="34.772145" lon="-83.913819"></trkpt>
      <trkpt lat="34.772319" lon="-83.913727"></trkpt>
      <trkpt lat="34.772555" lon="-83.913675"></trkpt>
      <trkpt lat="34.77276" lon="-83.913619"></trkpt>
      <trkpt lat="34.772905" lon="-83.913585"></trkpt>
      <trkpt lat="34.773099" lon="-83.913486"></trkpt>
      <trkpt lat="34.773201" lon="-83.913405"></trkpt>
      <trkpt lat="34.773265" lon="-83.913301"></trkpt>
      <trkpt lat="34.773356" lon="-83.913117"></trkpt>
      <trkpt lat="34.773406" lon="-83.912958"></trkpt>
      <trkpt lat="34.773459" lon="-83.912644"></trkpt>
      <trkpt lat="34.773457" lon="-83.912287"></trkpt>
      <trkpt lat="34.773471" lon="-83.911926"></trkpt>
      <trkpt lat="34.773482" lon="-83.911669"></trkpt>
      <trkpt lat="34.773499" lon="-83.911516"></trkpt>
      <trkpt lat="34.773513" lon="-83.911421"></trkpt>
      <trkpt lat="34.77353" lon="-83.911349"></trkpt>
      <trkpt lat="34.773564" lon="-83.911267"></trkpt>
      <trkpt lat="34.773617" lon="-83.911173"></trkpt>
      <trkpt lat="34.773683" lon="-83.911094"></trkpt>
      <trkpt lat="34.773749" lon="-83.91103"></trkpt>
      <trkpt lat="34.774151" lon="-83.910739"></trkpt>
      <trkpt lat="34.774314" lon="-83.910616"></trkpt>
      <trkpt lat="34.774577" lon="-83.910407"></trkpt>
      <trkpt lat="34.774737" lon="-83.910289"></trkpt>
      <trkpt lat="34.774926" lon="-83.910173"></trkpt>
      <trkpt lat="34.775068" lon="-83.910097"></trkpt>
      <trkpt lat="34.775188" lon="-83.910031"></trkpt>
      <trkpt lat="34.775372" lon="-83.909967"></trkpt>
      <trkpt lat="34.77563" lon="-83.909911"></trkpt>
      <trkpt lat="34.775757" lon="-83.909864"></trkpt>
      <trkpt lat="34.775979" lon="-83.909769"></trkpt>
      <trkpt lat="34.776159" lon="-83.909666"></trkpt>
      <trkpt lat="34.776487" lon="-83.909425"></trkpt>
      <trkpt lat="34.77672" lon="-83.909219"></trkpt>
      <trkpt lat="34.776914" lon="-83.909086"></trkpt>
      <trkpt lat="34.777126" lon="-83.90897"></trkpt>
      <trkpt lat="34.77731" lon="-83.908905"></trkpt>
      <trkpt lat="34.777656" lon="-83.908862"></trkpt>
      <trkpt lat="34.778011" lon="-83.908854"></trkpt>
      <trkpt lat="34.778377" lon="-83.908833"></trkpt>
      <trkpt lat="34.778745" lon="-83.908843"></trkpt>
      <trkpt lat="34.779146" lon="-83.908883"></trkpt>
      <trkpt lat="34.779432" lon="-83.908944"></trkpt>
      <trkpt lat="34.780166" lon="-83.909254"></trkpt>
      <trkpt lat="34.780861" lon="-83.909543"></trkpt>
      <trkpt lat="34.781242" lon="-83.909678"></trkpt>
      <trkpt lat="34.781326" lon="-83.909691"></trkpt>
      <trkpt lat="34.78141" lon="-83.909696"></trkpt>
      <trkpt lat="34.781499" lon="-83.909684"></trkpt>
      <trkpt lat="34.781587" lon="-83.909665"></trkpt>
      <trkpt lat="34.78182" lon="-83.909579"></trkpt>
      <trkpt lat="34.782266" lon="-83.909227"></trkpt>
      <trkpt lat="34.782466" lon="-83.909026"></trkpt>
      <trkpt lat="34.782535" lon="-83.908883"></trkpt>
      <trkpt lat="34.782589" lon="-83.90873"></trkpt>
      <trkpt lat="34.782611" lon="-83.908515"></trkpt>
      <trkpt lat="34.782605" lon="-83.908029"></trkpt>
      <trkpt lat="34.782654" lon="-83.907608"></trkpt>
      <trkpt lat="34.78276" lon="-83.907297"></trkpt>
      <trkpt lat="34.782914" lon="-83.90698"></trkpt>
      <trkpt lat="34.783209" lon="-83.906747"></trkpt>
      <trkpt lat="34.783465" lon="-83.906636"></trkpt>
      <trkpt lat="34.783688" lon="-83.906621"></trkpt>
      <trkpt lat="34.783886" lon="-83.906662"></trkpt>
      <trkpt lat="34.784192" lon="-83.906824"></trkpt>
      <trkpt lat="34.784355" lon="-83.906929"></trkpt>
      <trkpt lat="34.784653" lon="-83.907004"></trkpt>
      <trkpt lat="34.784817" lon="-83.906946"></trkpt>
      <trkpt lat="34.785236" lon="-83.906865"></trkpt>
      <trkpt lat="34.785905" lon="-83.906683"></trkpt>
      <trkpt lat="34.78617" lon="-83.906629"></trkpt>
      <trkpt lat="34.786551" lon="-83.906441"></trkpt>
      <trkpt lat="34.786848" lon="-83.906269"></trkpt>
      <trkpt lat="34.78716" lon="-83.906105"></trkpt>
      <trkpt lat="34.78745" lon="-83.906086"></trkpt>
      <trkpt lat="34.787659" lon="-83.906144"></trkpt>
      <trkpt lat="34.78792" lon="-83.906133"></trkpt>
      <trkpt lat="34.788199" lon="-83.905993"></trkpt>
      <trkpt lat="34.788461" lon="-83.905794"></trkpt>
      <trkpt lat="34.78891" lon="-83.905558"></trkpt>
      <trkpt lat="34.789267" lon="-83.905488"></trkpt>
      <trkpt lat="34.789811" lon="-83.905389"></trkpt>
      <trkpt lat="34.790118" lon="-83.905178"></trkpt>
      <trkpt lat="34.790556" lon="-83.904755"></trkpt>
      <trkpt lat="34.790986" lon="-83.904252"></trkpt>
      <trkpt lat="34.791155" lon="-83.903964"></trkpt>
      <trkpt lat="34.791261" lon="-83.903696"></trkpt>
      <trkpt lat="34.791372" lon="-83.903367"></trkpt>
      <trkpt lat="34.79152" lon="-83.90279"></trkpt>
      <trkpt lat="34.791729" lon="-83.901852"></trkpt>
      <trkpt lat="34.791708" lon="-83.90226"></trkpt>
      <trkpt lat="34.791634" lon="-83.902758"></trkpt>
      <trkpt lat="34.791543" lon="-83.903993"></trkpt>
      <trkpt lat="34.791535" lon="-83.904223"></trkpt>
      <trkpt lat="34.791535" lon="-83.90444"></trkpt>
      <trkpt lat="34.791577" lon="-83.904524"></trkpt>
      <trkpt lat="34.791649" lon="-83.904664"></trkpt>
      <trkpt lat="34.791741" lon="-83.904802"></trkpt>
      <trkpt lat="34.791837" lon="-83.904972"></trkpt>
      <trkpt lat="34.791929" lon="-83.905243"></trkpt>
      <trkpt lat="34.792051" lon="-83.905681"></trkpt>
      <trkpt lat="34.792191" lon="-83.906196"></trkpt>
      <trkpt lat="34.792221" lon="-83.906562"></trkpt>
      <trkpt lat="34.792263" lon="-83.906817"></trkpt>
      <trkpt lat="34.792309" lon="-83.906986"></trkpt>
      <trkpt lat="34.79237" lon="-83.907171"></trkpt>
      <trkpt lat="34.79241" lon="-83.907357"></trkpt>
      <trkpt lat="34.792417" lon="-83.907605"></trkpt>
      <trkpt lat="34.792395" lon="-83.907879"></trkpt>
      <trkpt lat="34.792355" lon="-83.908213"></trkpt>
      <trkpt lat="34.792349" lon="-83.908546"></trkpt>
      <trkpt lat="34.792369" lon="-83.908776"></trkpt>
      <trkpt lat="34.792396" lon="-83.908997"></trkpt>
      <trkpt lat="34.792458" lon="-83.909233"></trkpt>
      <trkpt lat="34.792604" lon="-83.909706"></trkpt>
      <trkpt lat="34.792681" lon="-83.909976"></trkpt>
      <trkpt lat="34.792736" lon="-83.910213"></trkpt>
      <trkpt lat="34.792778" lon="-83.910476"></trkpt>
      <trkpt lat="34.792848" lon="-83.91073"></trkpt>
      <trkpt lat="34.793055" lon="-83.911176"></trkpt>
      <trkpt lat="34.793101" lon="-83.911283"></trkpt>
      <trkpt lat="34.79319" lon="-83.911451"></trkpt>
      <trkpt lat="34.793243" lon="-83.911587"></trkpt>
      <trkpt lat="34.793301" lon="-83.911716"></trkpt>
      <trkpt lat="34.793495" lon="-83.912125"></trkpt>
      <trkpt lat="34.793669" lon="-83.912496"></trkpt>
      <trkpt lat="34.793647" lon="-83.913027"></trkpt>
      <trkpt lat="34.793637" lon="-83.913558"></trkpt>
      <trkpt lat="34.793606" lon="-83.913819"></trkpt>
      <trkpt lat="34.793448" lon="-83.914106"></trkpt>
      <trkpt lat="34.793253" lon="-83.914343"></trkpt>
      <trkpt lat="34.793044" lon="-83.914535"></trkpt>
      <trkpt lat="34.792955" lon="-83.91469"></trkpt>
      <trkpt lat="34.792842" lon="-83.914947"></trkpt>
      <trkpt lat="34.792742" lon="-83.915271"></trkpt>
      <trkpt lat="34.792494" lon="-83.915553"></trkpt>
      <trkpt lat="34.792211" lon="-83.915843"></trkpt>
      <trkpt lat="34.791944" lon="-83.916155"></trkpt>
      <trkpt lat="34.791762" lon="-83.916417"></trkpt>
      <trkpt lat="34.7917" lon="-83.91661"></trkpt>
      <trkpt lat="34.791666" lon="-83.9168"></trkpt>
      <trkpt lat="34.791653" lon="-83.917055"></trkpt>
      <trkpt lat="34.791753" lon="-83.917447"></trkpt>
      <trkpt lat="34.791823" lon="-83.917721"></trkpt>
      <trkpt lat="34.791806" lon="-83.917888"></trkpt>
      <trkpt lat="34.791758" lon="-83.918046"></trkpt>
      <trkpt lat="34.791647" lon="-83.918219"></trkpt>
      <trkpt lat="34.791356" lon="-83.918484"></trkpt>
      <trkpt lat="34.790845" lon="-83.919078"></trkpt>
      <trkpt lat="34.790576" lon="-83.919427"></trkpt>
      <trkpt lat="34.790369" lon="-83.919813"></trkpt>
      <trkpt lat="34.790195" lon="-83.920201"></trkpt>
      <trkpt lat="34.79009" lon="-83.92043"></trkpt>
      <trkpt lat="34.789972" lon="-83.920551"></trkpt>
      <trkpt lat="34.789717" lon="-83.920691"></trkpt>
      <trkpt lat="34.789403" lon="-83.920844"></trkpt>
      <trkpt lat="34.789029" lon="-83.921035"></trkpt>
      <trkpt lat="34.78881" lon="-83.92117"></trkpt>
      <trkpt lat="34.788677" lon="-83.921271"></trkpt>
      <trkpt lat="34.78841" lon="-83.921478"></trkpt>
      <trkpt lat="34.78816" lon="-83.921751"></trkpt>
      <trkpt lat="34.78791" lon="-83.922084"></trkpt>
      <trkpt lat="34.787785" lon="-83.922337"></trkpt>
      <trkpt lat="34.787665" lon="-83.922626"></trkpt>
      <trkpt lat="34.787584" lon="-83.922955"></trkpt>
      <trkpt lat="34.787474" lon="-83.923196"></trkpt>
      <trkpt lat="34.787302" lon="-83.923355"></trkpt>
      <trkpt lat="34.787058" lon="-83.923523"></trkpt>
      <trkpt lat="34.786682" lon="-83.923772"></trkpt>
      <trkpt lat="34.786535" lon="-83.923973"></trkpt>
      <trkpt lat="34.786458" lon="-83.924327"></trkpt>
      <trkpt lat="34.786422" lon="-83.924668"></trkpt>
      <trkpt lat="34.78641" lon="-83.924856"></trkpt>
    </trkseg>
    <trkseg>
      <trkpt lat="34.786322" lon="-83.924848"></trkpt>
      <trkpt lat="34.78641" lon="-83.924856"></trkpt>
      <trkpt lat="34.786507" lon="-83.924921"></trkpt>
      <trkpt lat="34.786548" lon="-83.924969"></trkpt>
      <trkpt lat="34.786544" lon="-83.925039"></trkpt>
      <trkpt lat="34.78658" lon="-83.925125"></trkpt>
      <trkpt lat="34.786595" lon="-83.925184"></trkpt>
      <trkpt lat="34.786586" lon="-83.925259"></trkpt>
      <trkpt lat="34.786574" lon="-83.925356"></trkpt>
      <trkpt lat="34.786589" lon="-83.925405"></trkpt>
      <trkpt lat="34.786644" lon="-83.925449"></trkpt>
      <trkpt lat="34.786651" lon="-83.925516"></trkpt>
      <trkpt lat="34.786873" lon="-83.925815"></trkpt>
      <trkpt lat="34.786981" lon="-83.925814"></trkpt>
      <trkpt lat="34.787101" lon="-83.92584"></trkpt>
      <trkpt lat="34.787149" lon="-83.92588"></trkpt>
      <trkpt lat="34.787249" lon="-83.926026"></trkpt>
      <trkpt lat="34.787365" lon="-83.926096"></trkpt>
      <trkpt lat="34.787546" lon="-83.926148"></trkpt>
      <trkpt lat="34.787698" lon="-83.926146"></trkpt>
      <trkpt lat="34.787846" lon="-83.926162"></trkpt>
      <trkpt lat="34.787916" lon="-83.926209"></trkpt>
      <trkpt lat="34.787979" lon="-83.926225"></trkpt>
      <trkpt lat="34.788042" lon="-83.926225"></trkpt>
      <trkpt lat="34.788087" lon="-83.926268"></trkpt>
      <trkpt lat="34.7881" lon="-83.926324"></trkpt>
      <trkpt lat="34.788171" lon="-83.926413"></trkpt>
      <trkpt lat="34.788134" lon="-83.926442"></trkpt>
      <trkpt lat="34.788095" lon="-83.926491"></trkpt>
      <trkpt lat="34.788101" lon="-83.926592"></trkpt>
      <trkpt lat="34.788143" lon="-83.926729"></trkpt>
      <trkpt lat="34.788202" lon="-83.926826"></trkpt>
      <trkpt lat="34.788297" lon="-83.926912"></trkpt>
      <trkpt lat="34.788407" lon="-83.92712"></trkpt>
      <trkpt lat="34.7885" lon="-83.927259"></trkpt>
      <trkpt lat="34.78859" lon="-83.927371"></trkpt>
      <trkpt lat="34.788606" lon="-83.927451"></trkpt>
      <trkpt lat="34.7886" lon="-83.92752"></trkpt>
      <trkpt lat="34.788562" lon="-83.927626"></trkpt>
      <trkpt lat="34.788587" lon="-83.92774"></trkpt>
      <trkpt lat="34.7886" lon="-83.927814"></trkpt>
      <trkpt lat="34.78865" lon="-83.927823"></trkpt>
      <trkpt lat="34.788727" lon="-83.927781"></trkpt>
      <trkpt lat="34.788969" lon="-83.927829"></trkpt>
      <trkpt lat="34.789154" lon="-83.927935"></trkpt>
      <trkpt lat="34.789289" lon="-83.927956"></trkpt>
      <trkpt lat="34.789491" lon="-83.928077"></trkpt>
      <trkpt lat="34.789548" lon="-83.928156"></trkpt>
      <trkpt lat="34.789737" lon="-83.928214"></trkpt>
      <trkpt lat="34.78982" lon="-83.928207"></trkpt>
      <trkpt lat="34.789868" lon="-83.92823"></trkpt>
      <trkpt lat="34.789883" lon="-83.928286"></trkpt>
      <trkpt lat="34.789851" lon="-83.928303"></trkpt>
      <trkpt lat="34.789791" lon="-83.928342"></trkpt>
      <trkpt lat="34.789648" lon="-83.928335"></trkpt>
      <trkpt lat="34.78954" lon="-83.928388"></trkpt>
      <trkpt lat="34.789439" lon="-83.92845"></trkpt>
      <trkpt lat="34.789339" lon="-83.928479"></trkpt>
      <trkpt lat="34.789266" lon="-83.92846"></trkpt>
      <trkpt lat="34.789195" lon="-83.928412"></trkpt>
      <trkpt lat="34.789137" lon="-83.928412"></trkpt>
      <trkpt lat="34.789114" lon="-83.928487"></trkpt>
      <trkpt lat="34.789173" lon="-83.92863"></trkpt>
      <trkpt lat="34.78929" lon="-83.928809"></trkpt>
      <trkpt lat="34.789308" lon="-83.928963"></trkpt>
      <trkpt lat="34.789298" lon="-83.929107"></trkpt>
      <trkpt lat="34.789269" lon="-83.929183"></trkpt>
      <trkpt lat="34.789289" lon="-83.929244"></trkpt>
      <trkpt lat="34.789371" lon="-83.929385"></trkpt>
      <trkpt lat="34.789419" lon="-83.929436"></trkpt>
      <trkpt lat="34.789534" lon="-83.929599"></trkpt>
      <trkpt lat="34.789642" lon="-83.929686"></trkpt>
      <trkpt lat="34.789682" lon="-83.929768"></trkpt>
      <trkpt lat="34.789673" lon="-83.929801"></trkpt>
      <trkpt lat="34.789591" lon="-83.929864"></trkpt>
      <trkpt lat="34.789542" lon="-83.929934"></trkpt>
      <trkpt lat="34.789437" lon="-83.930096"></trkpt>
      <trkpt lat="34.789365" lon="-83.930304"></trkpt>
      <trkpt lat="34.789324" lon="-83.930435"></trkpt>
      <trkpt lat="34.789276" lon="-83.930633"></trkpt>
      <trkpt lat="34.789306" lon="-83.930698"></trkpt>
      <trkpt lat="34.789379" lon="-83.930752"></trkpt>
      <trkpt lat="34.789432" lon="-83.930828"></trkpt>
      <trkpt lat="34.789439" lon="-83.930902"></trkpt>
      <trkpt lat="34.789419" lon="-83.931116"></trkpt>
      <trkpt lat="34.789384" lon="-83.931206"></trkpt>
      <trkpt lat="34.789397" lon="-83.931319"></trkpt>
      <trkpt lat="34.789434" lon="-83.931424"></trkpt>
      <trkpt lat="34.789482" lon="-83.931448"></trkpt>
      <trkpt lat="34.789564" lon="-83.93157"></trkpt>
      <trkpt lat="34.789685" lon="-83.931649"></trkpt>
      <trkpt lat="34.789764" lon="-83.931738"></trkpt>
      <trkpt lat="34.789867" lon="-83.931782"></trkpt>
      <trkpt lat="34.789956" lon="-83.931796"></trkpt>
      <trkpt lat="34.790022" lon="-83.931859"></trkpt>
      <trkpt lat="34.790098" lon="-83.931911"></trkpt>
      <trkpt lat="34.790113" lon="-83.932003"></trkpt>
      <trkpt lat="34.790077" lon="-83.932311"></trkpt>
      <trkpt lat="34.790107" lon="-83.93242"></trkpt>
      <trkpt lat="34.790224" lon="-83.932529"></trkpt>
      <trkpt lat="34.790354" lon="-83.932692"></trkpt>
      <trkpt lat="34.790486" lon="-83.932803"></trkpt>
      <trkpt lat="34.79066" lon="-83.932891"></trkpt>
      <trkpt lat="34.790735" lon="-83.932924"></trkpt>
      <trkpt lat="34.790786" lon="-83.932931"></trkpt>
      <trkpt lat="34.790799" lon="-83.932977"></trkpt>
      <trkpt lat="34.79083" lon="-83.932978"></trkpt>
      <trkpt lat="34.79092" lon="-83.932934"></trkpt>
      <trkpt lat="34.790974" lon="-83.932925"></trkpt>
      <trkpt lat="34.791034" lon="-83.933051"></trkpt>
      <trkpt lat="34.791056" lon="-83.933166"></trkpt>
      <trkpt lat="34.79105" lon="-83.933406"></trkpt>
      <trkpt lat="34.791076" lon="-83.933475"></trkpt>
      <trkpt lat="34.791165" lon="-83.933561"></trkpt>
      <trkpt lat="34.791234" lon="-83.933593"></trkpt>
      <trkpt lat="34.791296" lon="-83.933561"></trkpt>
      <trkpt lat="34.791326" lon="-83.933557"></trkpt>
      <trkpt lat="34.79135" lon="-83.93358"></trkpt>
      <trkpt lat="34.791374" lon="-83.933704"></trkpt>
      <trkpt lat="34.791348" lon="-83.933756"></trkpt>
      <trkpt lat="34.791334" lon="-83.933857"></trkpt>
      <trkpt lat="34.791315" lon="-83.93397"></trkpt>
      <trkpt lat="34.791289" lon="-83.934084"></trkpt>
      <trkpt lat="34.791258" lon="-83.934146"></trkpt>
      <trkpt lat="34.791242" lon="-83.934222"></trkpt>
      <trkpt lat="34.791284" lon="-83.9343"></trkpt>
      <trkpt lat="34.791286" lon="-83.934375"></trkpt>
      <trkpt lat="34.791267" lon="-83.934535"></trkpt>
      <trkpt lat="34.791331" lon="-83.934656"></trkpt>
      <trkpt lat="34.791339" lon="-83.934716"></trkpt>
      <trkpt lat="34.791362" lon="-83.934746"></trkpt>
      <trkpt lat="34.791413" lon="-83.934773"></trkpt>
      <trkpt lat="34.791586" lon="-83.934777"></trkpt>
      <trkpt lat="34.791643" lon="-83.934806"></trkpt>
      <trkpt lat="34.791765" lon="-83.934788"></trkpt>
      <trkpt lat="34.79184" lon="-83.934776"></trkpt>
      <trkpt lat="34.791887" lon="-83.934737"></trkpt>
      <trkpt lat="34.791947" lon="-83.934761"></trkpt>
      <trkpt lat="34.791948" lon="-83.934786"></trkpt>
      <trkpt lat="34.791963" lon="-83.934788"></trkpt>
      <trkpt lat="34.79201" lon="-83.934759"></trkpt>
      <trkpt lat="34.792037" lon="-83.934754"></trkpt>
      <trkpt lat="34.79205" lon="-83.934772"></trkpt>
      <trkpt lat="34.792049" lon="-83.934903"></trkpt>
      <trkpt lat="34.792038" lon="-83.934955"></trkpt>
      <trkpt lat="34.792016" lon="-83.935005"></trkpt>
      <trkpt lat="34.792042" lon="-83.935158"></trkpt>
      <trkpt lat="34.792084" lon="-83.935203"></trkpt>
      <trkpt lat="34.792093" lon="-83.935275"></trkpt>
      <trkpt lat="34.792077" lon="-83.935314"></trkpt>
      <trkpt lat="34.792074" lon="-83.935361"></trkpt>
      <trkpt lat="34.79209" lon="-83.935503"></trkpt>
      <trkpt lat="34.792107" lon="-83.935527"></trkpt>
      <trkpt lat="34.792107" lon="-83.93569"></trkpt>
      <trkpt lat="34.792146" lon="-83.935851"></trkpt>
      <trkpt lat="34.792187" lon="-83.935893"></trkpt>
      <trkpt lat="34.792272" lon="-83.935924"></trkpt>
      <trkpt lat="34.792272" lon="-83.935971"></trkpt>
      <trkpt lat="34.792288" lon="-83.936007"></trkpt>
      <trkpt lat="34.792324" lon="-83.936084"></trkpt>
      <trkpt lat="34.792409" lon="-83.936172"></trkpt>
      <trkpt lat="34.792499" lon="-83.936192"></trkpt>
      <trkpt lat="34.792571" lon="-83.93625"></trkpt>
      <trkpt lat="34.792645" lon="-83.936334"></trkpt>
      <trkpt lat="34.792722" lon="-83.936368"></trkpt>
      <trkpt lat="34.792797" lon="-83.936458"></trkpt>
      <trkpt lat="34.792956" lon="-83.936587"></trkpt>
      <trkpt lat="34.793039" lon="-83.936781"></trkpt>
      <trkpt lat="34.793119" lon="-83.936963"></trkpt>
      <trkpt lat="34.793196" lon="-83.937065"></trkpt>
      <trkpt lat="34.793391" lon="-83.937257"></trkpt>
      <trkpt lat="34.793461" lon="-83.937323"></trkpt>
      <trkpt lat="34.793516" lon="-83.937364"></trkpt>
      <trkpt lat="34.793609" lon="-83.937382"></trkpt>
      <trkpt lat="34.793681" lon="-83.937393"></trkpt>
      <trkpt lat="34.793698" lon="-83.937421"></trkpt>
      <trkpt lat="34.793697" lon="-83.937467"></trkpt>
      <trkpt lat="34.793725" lon="-83.937499"></trkpt>
      <trkpt lat="34.793758" lon="-83.937514"></trkpt>
      <trkpt lat="34.793712" lon="-83.937566"></trkpt>
      <trkpt lat="34.793716" lon="-83.937612"></trkpt>
      <trkpt lat="34.793707" lon="-83.937662"></trkpt>
      <trkpt lat="34.793635" lon="-83.937716"></trkpt>
      <trkpt lat="34.793509" lon="-83.937955"></trkpt>
      <trkpt lat="34.793444" lon="-83.93802"></trkpt>
      <trkpt lat="34.793329" lon="-83.938173"></trkpt>
      <trkpt lat="34.793265" lon="-83.938281"></trkpt>
      <trkpt lat="34.793153" lon="-83.938391"></trkpt>
      <trkpt lat="34.79304" lon="-83.938497"></trkpt>
      <trkpt lat="34.793025" lon="-83.938614"></trkpt>
      <trkpt lat="34.792994" lon="-83.938683"></trkpt>
      <trkpt lat="34.792984" lon="-83.93873"></trkpt>
      <trkpt lat="34.793018" lon="-83.938836"></trkpt>
      <trkpt lat="34.793019" lon="-83.938892"></trkpt>
      <trkpt lat="34.79307" lon="-83.938993"></trkpt>
      <trkpt lat="34.793078" lon="-83.939044"></trkpt>
      <trkpt lat="34.793022" lon="-83.939133"></trkpt>
      <trkpt lat="34.792999" lon="-83.939323"></trkpt>
      <trkpt lat="34.793015" lon="-83.939435"></trkpt>
      <trkpt lat="34.793008" lon="-83.939499"></trkpt>
      <trkpt lat="34.792912" lon="-83.939612"></trkpt>
      <trkpt lat="34.792893" lon="-83.939691"></trkpt>
      <trkpt lat="34.79282" lon="-83.93976"></trkpt>
      <trkpt lat="34.792726" lon="-83.939832"></trkpt>
      <trkpt lat="34.792668" lon="-83.939923"></trkpt>
      <trkpt lat="34.792631" lon="-83.939935"></trkpt>
      <trkpt lat="34.792598" lon="-83.939966"></trkpt>
      <trkpt lat="34.792591" lon="-83.94002"></trkpt>
      <trkpt lat="34.792599" lon="-83.940091"></trkpt>
      <trkpt lat="34.792592" lon="-83.94013"></trkpt>
      <trkpt lat="34.792553" lon="-83.940201"></trkpt>
      <trkpt lat="34.792521" lon="-83.940284"></trkpt>
      <trkpt lat="34.792528" lon="-83.940367"></trkpt>
      <trkpt lat="34.792564" lon="-83.940431"></trkpt>
      <trkpt lat="34.792561" lon="-83.940487"></trkpt>
      <trkpt lat="34.792529" lon="-83.940518"></trkpt>
      <trkpt lat="34.792463" lon="-83.940714"></trkpt>
      <trkpt lat="34.792419" lon="-83.940799"></trkpt>
      <trkpt lat="34.792367" lon="-83.940813"></trkpt>
      <trkpt lat="34.792302" lon="-83.94086"></trkpt>
      <trkpt lat="34.792196" lon="-83.94107"></trkpt>
      <trkpt lat="34.792158" lon="-83.941116"></trkpt>
      <trkpt lat="34.792116" lon="-83.941216"></trkpt>
      <trkpt lat="34.792099" lon="-83.941323"></trkpt>
      <trkpt lat="34.792044" lon="-83.941429"></trkpt>
      <trkpt lat="34.792054" lon="-83.941515"></trkpt>
      <trkpt lat="34.79199" lon="-83.941651"></trkpt>
      <trkpt lat="34.791937" lon="-83.94182"></trkpt>
      <trkpt lat="34.791916" lon="-83.941976"></trkpt>
      <trkpt lat="34.791871" lon="-83.942031"></trkpt>
      <trkpt lat="34.791842" lon="-83.94211"></trkpt>
      <trkpt lat="34.791783" lon="-83.942174"></trkpt>
      <trkpt lat="34.79178" lon="-83.942223"></trkpt>
      <trkpt lat="34.791715" lon="-83.942318"></trkpt>
      <trkpt lat="34.791667" lon="-83.942327"></trkpt>
      <trkpt lat="34.791602" lon="-83.942316"></trkpt>
      <trkpt lat="34.791543" lon="-83.942351"></trkpt>
      <trkpt lat="34.791498" lon="-83.94241"></trkpt>
      <trkpt lat="34.791482" lon="-83.942478"></trkpt>
      <trkpt lat="34.791489" lon="-83.942528"></trkpt>
      <trkpt lat="34.791473" lon="-83.942566"></trkpt>
      <trkpt lat="34.791473" lon="-83.942633"></trkpt>
      <trkpt lat="34.79149" lon="-83.942666"></trkpt>
      <trkpt lat="34.791511" lon="-83.942713"></trkpt>
      <trkpt lat="34.791466" lon="-83.942864"></trkpt>
      <trkpt lat="34.791527" lon="-83.943152"></trkpt>
      <trkpt lat="34.791474" lon="-83.943371"></trkpt>
      <trkpt lat="34.791405" lon="-83.943461"></trkpt>
      <trkpt lat="34.791392" lon="-83.943514"></trkpt>
      <trkpt lat="34.791405" lon="-83.943545"></trkpt>
      <trkpt lat="34.791402" lon="-83.943601"></trkpt>
      <trkpt lat="34.791376" lon="-83.943637"></trkpt>
      <trkpt lat="34.791332" lon="-83.943632"></trkpt>
      <trkpt lat="34.791282" lon="-83.94365"></trkpt>
      <trkpt lat="34.791248" lon="-83.943646"></trkpt>
      <trkpt lat="34.79119" lon="-83.943621"></trkpt>
      <trkpt lat="34.79118" lon="-83.943594"></trkpt>
      <trkpt lat="34.791191" lon="-83.943554"></trkpt>
      <trkpt lat="34.791159" lon="-83.943518"></trkpt>
      <trkpt lat="34.791078" lon="-83.943567"></trkpt>
      <trkpt lat="34.790946" lon="-83.943758"></trkpt>
      <trkpt lat="34.790754" lon="-83.943998"></trkpt>
      <trkpt lat="34.790658" lon="-83.944201"></trkpt>
      <trkpt lat="34.79057" lon="-83.944289"></trkpt>
      <trkpt lat="34.790458" lon="-83.944469"></trkpt>
      <trkpt lat="34.790364" lon="-83.944536"></trkpt>
      <trkpt lat="34.79027" lon="-83.94462"></trkpt>
      <trkpt lat="34.790242" lon="-83.944718"></trkpt>
      <trkpt lat="34.790132" lon="-83.944824"></trkpt>
      <trkpt lat="34.790035" lon="-83.944909"></trkpt>
      <trkpt lat="34.789973" lon="-83.944999"></trkpt>
      <trkpt lat="34.789853" lon="-83.94506"></trkpt>
      <trkpt lat="34.789815" lon="-83.945141"></trkpt>
      <trkpt lat="34.789723" lon="-83.94524"></trkpt>
      <trkpt lat="34.789645" lon="-83.945296"></trkpt>
      <trkpt lat="34.789608" lon="-83.945346"></trkpt>
      <trkpt lat="34.789501" lon="-83.945428"></trkpt>
      <trkpt lat="34.789424" lon="-83.945542"></trkpt>
      <trkpt lat="34.789348" lon="-83.94573"></trkpt>
      <trkpt lat="34.789335" lon="-83.945864"></trkpt>
      <trkpt lat="34.789281" lon="-83.945958"></trkpt>
      <trkpt lat="34.789222" lon="-83.94602"></trkpt>
      <trkpt lat="34.789156" lon="-83.946232"></trkpt>
      <trkpt lat="34.789111" lon="-83.946341"></trkpt>
      <trkpt lat="34.789058" lon="-83.946384"></trkpt>
      <trkpt lat="34.789022" lon="-83.94646"></trkpt>
      <trkpt lat="34.788998" lon="-83.94663"></trkpt>
      <trkpt lat="34.788947" lon="-83.946773"></trkpt>
      <trkpt lat="34.788877" lon="-83.946866"></trkpt>
      <trkpt lat="34.788865" lon="-83.946945"></trkpt>
      <trkpt lat="34.788818" lon="-83.947036"></trkpt>
      <trkpt lat="34.788803" lon="-83.94711"></trkpt>
      <trkpt lat="34.788813" lon="-83.947166"></trkpt>
      <trkpt lat="34.788768" lon="-83.94722"></trkpt>
      <trkpt lat="34.788724" lon="-83.947254"></trkpt>
      <trkpt lat="34.78868" lon="-83.94728"></trkpt>
      <trkpt lat="34.788649" lon="-83.947311"></trkpt>
      <trkpt lat="34.788649" lon="-83.947395"></trkpt>
      <trkpt lat="34.788692" lon="-83.947458"></trkpt>
      <trkpt lat="34.788659" lon="-83.947552"></trkpt>
      <trkpt lat="34.788672" lon="-83.947634"></trkpt>
      <trkpt lat="34.788696" lon="-83.947905"></trkpt>
      <trkpt lat="34.788681" lon="-83.948027"></trkpt>
      <trkpt lat="34.78861" lon="-83.948163"></trkpt>
      <trkpt lat="34.788587" lon="-83.948337"></trkpt>
      <trkpt lat="34.788523" lon="-83.948409"></trkpt>
      <trkpt lat="34.788477" lon="-83.948503"></trkpt>
      <trkpt lat="34.788486" lon="-83.948626"></trkpt>
      <trkpt lat="34.788445" lon="-83.948758"></trkpt>
      <trkpt lat="34.788361" lon="-83.949196"></trkpt>
      <trkpt lat="34.788359" lon="-83.949508"></trkpt>
      <trkpt lat="34.788378" lon="-83.949663"></trkpt>
      <trkpt lat="34.788287" lon="-83.949748"></trkpt>
      <trkpt lat="34.788266" lon="-83.949802"></trkpt>
      <trkpt lat="34.788264" lon="-83.949859"></trkpt>
      <trkpt lat="34.788233" lon="-83.94997"></trkpt>
      <trkpt lat="34.788181" lon="-83.950007"></trkpt>
      <trkpt lat="34.788155" lon="-83.950081"></trkpt>
      <trkpt lat="34.78808" lon="-83.950138"></trkpt>
      <trkpt lat="34.788037" lon="-83.950308"></trkpt>
      <trkpt lat="34.787962" lon="-83.950482"></trkpt>
      <trkpt lat="34.787843" lon="-83.950657"></trkpt>
      <trkpt lat="34.787765" lon="-83.950668"></trkpt>
      <trkpt lat="34.787739" lon="-83.950609"></trkpt>
      <trkpt lat="34.787708" lon="-83.950566"></trkpt>
      <trkpt lat="34.78768" lon="-83.950551"></trkpt>
      <trkpt lat="34.787651" lon="-83.950575"></trkpt>
      <trkpt lat="34.787602" lon="-83.950654"></trkpt>
      <trkpt lat="34.787533" lon="-83.950732"></trkpt>
      <trkpt lat="34.787524" lon="-83.950722"></trkpt>
      <trkpt lat="34.787534" lon="-83.950661"></trkpt>
      <trkpt lat="34.787521" lon="-83.950582"></trkpt>
      <trkpt lat="34.787549" lon="-83.950548"></trkpt>
      <trkpt lat="34.787583" lon="-83.950367"></trkpt>
      <trkpt lat="34.787571" lon="-83.950322"></trkpt>
      <trkpt lat="34.787614" lon="-83.950165"></trkpt>
      <trkpt lat="34.78761" lon="-83.949979"></trkpt>
      <trkpt lat="34.787585" lon="-83.949689"></trkpt>
      <trkpt lat="34.787582" lon="-83.949427"></trkpt>
      <trkpt lat="34.787474" lon="-83.949216"></trkpt>
      <trkpt lat="34.787421" lon="-83.949193"></trkpt>
      <trkpt lat="34.787367" lon="-83.949186"></trkpt>
      <trkpt lat="34.787226" lon="-83.949377"></trkpt>
      <trkpt lat="34.787122" lon="-83.949453"></trkpt>
      <trkpt lat="34.787037" lon="-83.949519"></trkpt>
      <trkpt lat="34.787021" lon="-83.949582"></trkpt>
      <trkpt lat="34.787037" lon="-83.949792"></trkpt>
      <trkpt lat="34.786981" lon="-83.949887"></trkpt>
      <trkpt lat="34.786901" lon="-83.949981"></trkpt>
      <trkpt lat="34.786826" lon="-83.950172"></trkpt>
      <trkpt lat="34.786725" lon="-83.950264"></trkpt>
      <trkpt lat="34.786693" lon="-83.950387"></trkpt>
      <trkpt lat="34.786636" lon="-83.950446"></trkpt>
      <trkpt lat="34.78659" lon="-83.950608"></trkpt>
      <trkpt lat="34.786561" lon="-83.950749"></trkpt>
      <trkpt lat="34.78654" lon="-83.95085"></trkpt>
      <trkpt lat="34.786549" lon="-83.950912"></trkpt>
      <trkpt lat="34.786495" lon="-83.950971"></trkpt>
      <trkpt lat="34.786455" lon="-83.951093"></trkpt>
      <trkpt lat="34.78646" lon="-83.951222"></trkpt>
      <trkpt lat="34.786493" lon="-83.951291"></trkpt>
      <trkpt lat="34.786486" lon="-83.951312"></trkpt>
      <trkpt lat="34.786423" lon="-83.951328"></trkpt>
      <trkpt lat="34.786396" lon="-83.951364"></trkpt>
      <trkpt lat="34.786381" lon="-83.951481"></trkpt>
      <trkpt lat="34.786378" lon="-83.951585"></trkpt>
      <trkpt lat="34.786397" lon="-83.951663"></trkpt>
      <trkpt lat="34.786384" lon="-83.951811"></trkpt>
      <trkpt lat="34.786341" lon="-83.951861"></trkpt>
      <trkpt lat="34.786306" lon="-83.951978"></trkpt>
      <trkpt lat="34.786232" lon="-83.952073"></trkpt>
      <trkpt lat="34.786169" lon="-83.952126"></trkpt>
      <trkpt lat="34.786101" lon="-83.952294"></trkpt>
      <trkpt lat="34.786055" lon="-83.952346"></trkpt>
      <trkpt lat="34.78604" lon="-83.952444"></trkpt>
      <trkpt lat="34.785972" lon="-83.952593"></trkpt>
      <trkpt lat="34.78597" lon="-83.952739"></trkpt>
      <trkpt lat="34.785936" lon="-83.952843"></trkpt>
      <trkpt lat="34.785913" lon="-83.952999"></trkpt>
      <trkpt lat="34.785892" lon="-83.95328"></trkpt>
      <trkpt lat="34.785932" lon="-83.953378"></trkpt>
      <trkpt lat="34.785942" lon="-83.953468"></trkpt>
      <trkpt lat="34.785951" lon="-83.953561"></trkpt>
    </trkseg>
    <trkseg>
      <trkpt lat="34.785951" lon="-83.953561"></trkpt>
      <trkpt lat="34.785952" lon="-83.953573"></trkpt>
      <trkpt lat="34.78593" lon="-83.953661"></trkpt>
      <trkpt lat="34.785873" lon="-83.953724"></trkpt>
      <trkpt lat="34.785776" lon="-83.953741"></trkpt>
      <trkpt lat="34.785717" lon="-83.953727"></trkpt>
      <trkpt lat="34.785587" lon="-83.953731"></trkpt>
      <trkpt lat="34.785532" lon="-83.953686"></trkpt>
      <trkpt lat="34.785477" lon="-83.953678"></trkpt>
      <trkpt lat="34.78536" lon="-83.953752"></trkpt>
      <trkpt lat="34.785307" lon="-83.953829"></trkpt>
      <trkpt lat="34.785288" lon="-83.953919"></trkpt>
      <trkpt lat="34.785217" lon="-83.953983"></trkpt>
      <trkpt lat="34.785146" lon="-83.954181"></trkpt>
      <trkpt lat="34.785144" lon="-83.954369"></trkpt>
      <trkpt lat="34.785083" lon="-83.954412"></trkpt>
      <trkpt lat="34.785059" lon="-83.954535"></trkpt>
      <trkpt lat="34.78496" lon="-83.954696"></trkpt>
      <trkpt lat="34.784722" lon="-83.95505"></trkpt>
      <trkpt lat="34.784564" lon="-83.95518"></trkpt>
      <trkpt lat="34.784448" lon="-83.955365"></trkpt>
      <trkpt lat="34.78437" lon="-83.955438"></trkpt>
      <trkpt lat="34.784306" lon="-83.955549"></trkpt>
      <trkpt lat="34.784309" lon="-83.955721"></trkpt>
      <trkpt lat="34.784264" lon="-83.955899"></trkpt>
      <trkpt lat="34.784222" lon="-83.956066"></trkpt>
      <trkpt lat="34.784164" lon="-83.956247"></trkpt>
      <trkpt lat="34.784081" lon="-83.956441"></trkpt>
      <trkpt lat="34.783956" lon="-83.956705"></trkpt>
      <trkpt lat="34.783675" lon="-83.957021"></trkpt>
      <trkpt lat="34.783402" lon="-83.957475"></trkpt>
      <trkpt lat="34.783052" lon="-83.957914"></trkpt>
      <trkpt lat="34.782847" lon="-83.958078"></trkpt>
      <trkpt lat="34.782704" lon="-83.958278"></trkpt>
      <trkpt lat="34.782568" lon="-83.958379"></trkpt>
      <trkpt lat="34.782481" lon="-83.9585"></trkpt>
      <trkpt lat="34.782438" lon="-83.958583"></trkpt>
    </trkseg>
  </trk>
  <trk><name>Day 4</name><desc>2026-10-18 — Morning pan, Roaring Fork Trail, off-trail down to CAMP-U on East Fork Coosa Creek</desc>
    <trkseg>
      <trkpt lat="34.782438" lon="-83.958583"></trkpt>
      <trkpt lat="34.782481" lon="-83.9585"></trkpt>
      <trkpt lat="34.782568" lon="-83.958379"></trkpt>
      <trkpt lat="34.782704" lon="-83.958278"></trkpt>
      <trkpt lat="34.782847" lon="-83.958078"></trkpt>
      <trkpt lat="34.783052" lon="-83.957914"></trkpt>
      <trkpt lat="34.783402" lon="-83.957475"></trkpt>
      <trkpt lat="34.783675" lon="-83.957021"></trkpt>
      <trkpt lat="34.783956" lon="-83.956705"></trkpt>
      <trkpt lat="34.784081" lon="-83.956441"></trkpt>
      <trkpt lat="34.784164" lon="-83.956247"></trkpt>
      <trkpt lat="34.784222" lon="-83.956066"></trkpt>
      <trkpt lat="34.784264" lon="-83.955899"></trkpt>
      <trkpt lat="34.784309" lon="-83.955721"></trkpt>
      <trkpt lat="34.784306" lon="-83.955549"></trkpt>
      <trkpt lat="34.78437" lon="-83.955438"></trkpt>
      <trkpt lat="34.784448" lon="-83.955365"></trkpt>
      <trkpt lat="34.784564" lon="-83.95518"></trkpt>
      <trkpt lat="34.784722" lon="-83.95505"></trkpt>
      <trkpt lat="34.78496" lon="-83.954696"></trkpt>
      <trkpt lat="34.785059" lon="-83.954535"></trkpt>
      <trkpt lat="34.785083" lon="-83.954412"></trkpt>
      <trkpt lat="34.785144" lon="-83.954369"></trkpt>
      <trkpt lat="34.785146" lon="-83.954181"></trkpt>
      <trkpt lat="34.785217" lon="-83.953983"></trkpt>
      <trkpt lat="34.785288" lon="-83.953919"></trkpt>
      <trkpt lat="34.785307" lon="-83.953829"></trkpt>
      <trkpt lat="34.78536" lon="-83.953752"></trkpt>
      <trkpt lat="34.785477" lon="-83.953678"></trkpt>
      <trkpt lat="34.785532" lon="-83.953686"></trkpt>
      <trkpt lat="34.785587" lon="-83.953731"></trkpt>
      <trkpt lat="34.785717" lon="-83.953727"></trkpt>
      <trkpt lat="34.785776" lon="-83.953741"></trkpt>
      <trkpt lat="34.785873" lon="-83.953724"></trkpt>
      <trkpt lat="34.78593" lon="-83.953661"></trkpt>
      <trkpt lat="34.785952" lon="-83.953573"></trkpt>
      <trkpt lat="34.785951" lon="-83.953561"></trkpt>
    </trkseg>
    <trkseg>
      <trkpt lat="34.785951" lon="-83.953561"></trkpt>
      <trkpt lat="34.785776" lon="-83.953741"></trkpt>
      <trkpt lat="34.785749" lon="-83.95389"></trkpt>
      <trkpt lat="34.785734" lon="-83.953979"></trkpt>
      <trkpt lat="34.785714" lon="-83.954062"></trkpt>
      <trkpt lat="34.785681" lon="-83.954236"></trkpt>
      <trkpt lat="34.785632" lon="-83.954544"></trkpt>
      <trkpt lat="34.785608" lon="-83.954902"></trkpt>
      <trkpt lat="34.785617" lon="-83.955109"></trkpt>
      <trkpt lat="34.78561" lon="-83.955283"></trkpt>
      <trkpt lat="34.785653" lon="-83.955395"></trkpt>
      <trkpt lat="34.785644" lon="-83.955558"></trkpt>
      <trkpt lat="34.785602" lon="-83.95573"></trkpt>
      <trkpt lat="34.785614" lon="-83.955948"></trkpt>
      <trkpt lat="34.785679" lon="-83.956204"></trkpt>
      <trkpt lat="34.785733" lon="-83.956431"></trkpt>
      <trkpt lat="34.785803" lon="-83.956558"></trkpt>
      <trkpt lat="34.785861" lon="-83.95675"></trkpt>
      <trkpt lat="34.785914" lon="-83.956916"></trkpt>
      <trkpt lat="34.785982" lon="-83.957097"></trkpt>
      <trkpt lat="34.78613" lon="-83.957174"></trkpt>
      <trkpt lat="34.786232" lon="-83.957173"></trkpt>
      <trkpt lat="34.786316" lon="-83.957156"></trkpt>
      <trkpt lat="34.786444" lon="-83.957123"></trkpt>
      <trkpt lat="34.786526" lon="-83.957107"></trkpt>
      <trkpt lat="34.786626" lon="-83.957115"></trkpt>
      <trkpt lat="34.786709" lon="-83.957143"></trkpt>
      <trkpt lat="34.786718" lon="-83.957212"></trkpt>
      <trkpt lat="34.78675" lon="-83.957289"></trkpt>
      <trkpt lat="34.786786" lon="-83.957489"></trkpt>
      <trkpt lat="34.786821" lon="-83.958207"></trkpt>
      <trkpt lat="34.786787" lon="-83.958284"></trkpt>
      <trkpt lat="34.786738" lon="-83.958458"></trkpt>
      <trkpt lat="34.78665" lon="-83.958599"></trkpt>
      <trkpt lat="34.78656" lon="-83.958721"></trkpt>
      <trkpt lat="34.786502" lon="-83.95888"></trkpt>
      <trkpt lat="34.786393" lon="-83.959149"></trkpt>
      <trkpt lat="34.786322" lon="-83.959327"></trkpt>
      <trkpt lat="34.786254" lon="-83.959552"></trkpt>
      <trkpt lat="34.786097" lon="-83.96005"></trkpt>
      <trkpt lat="34.786024" lon="-83.960296"></trkpt>
      <trkpt lat="34.785989" lon="-83.960554"></trkpt>
      <trkpt lat="34.78594" lon="-83.960805"></trkpt>
      <trkpt lat="34.785857" lon="-83.96106"></trkpt>
      <trkpt lat="34.785806" lon="-83.961266"></trkpt>
      <trkpt lat="34.785739" lon="-83.96153"></trkpt>
      <trkpt lat="34.785679" lon="-83.961741"></trkpt>
      <trkpt lat="34.785656" lon="-83.961919"></trkpt>
      <trkpt lat="34.785434" lon="-83.962391"></trkpt>
      <trkpt lat="34.785314" lon="-83.962607"></trkpt>
      <trkpt lat="34.785242" lon="-83.962801"></trkpt>
      <trkpt lat="34.785161" lon="-83.962994"></trkpt>
      <trkpt lat="34.785185" lon="-83.963149"></trkpt>
      <trkpt lat="34.785131" lon="-83.963329"></trkpt>
      <trkpt lat="34.784797" lon="-83.963445"></trkpt>
      <trkpt lat="34.784621" lon="-83.96371"></trkpt>
      <trkpt lat="34.784644" lon="-83.964005"></trkpt>
      <trkpt lat="34.784635" lon="-83.964249"></trkpt>
      <trkpt lat="34.784307" lon="-83.964453"></trkpt>
      <trkpt lat="34.784139" lon="-83.964645"></trkpt>
      <trkpt lat="34.784115" lon="-83.965139"></trkpt>
      <trkpt lat="34.784207" lon="-83.965328"></trkpt>
      <trkpt lat="34.784216" lon="-83.965597"></trkpt>
      <trkpt lat="34.784234" lon="-83.965845"></trkpt>
      <trkpt lat="34.784165" lon="-83.966029"></trkpt>
      <trkpt lat="34.784133" lon="-83.966364"></trkpt>
      <trkpt lat="34.784174" lon="-83.966647"></trkpt>
      <trkpt lat="34.784442" lon="-83.966802"></trkpt>
      <trkpt lat="34.784863" lon="-83.966728"></trkpt>
      <trkpt lat="34.785053" lon="-83.966753"></trkpt>
      <trkpt lat="34.78521" lon="-83.96694"></trkpt>
      <trkpt lat="34.785291" lon="-83.967049"></trkpt>
      <trkpt lat="34.785362" lon="-83.967176"></trkpt>
      <trkpt lat="34.785406" lon="-83.967335"></trkpt>
      <trkpt lat="34.785427" lon="-83.967487"></trkpt>
      <trkpt lat="34.785438" lon="-83.967781"></trkpt>
      <trkpt lat="34.785432" lon="-83.968146"></trkpt>
      <trkpt lat="34.785385" lon="-83.968498"></trkpt>
      <trkpt lat="34.785342" lon="-83.968813"></trkpt>
      <trkpt lat="34.785355" lon="-83.968998"></trkpt>
      <trkpt lat="34.785378" lon="-83.96924"></trkpt>
      <trkpt lat="34.785418" lon="-83.969418"></trkpt>
      <trkpt lat="34.785455" lon="-83.969811"></trkpt>
      <trkpt lat="34.785512" lon="-83.969995"></trkpt>
      <trkpt lat="34.785531" lon="-83.970178"></trkpt>
      <trkpt lat="34.785489" lon="-83.970433"></trkpt>
      <trkpt lat="34.785411" lon="-83.970701"></trkpt>
      <trkpt lat="34.785341" lon="-83.970871"></trkpt>
      <trkpt lat="34.785282" lon="-83.97103"></trkpt>
      <trkpt lat="34.785268" lon="-83.971229"></trkpt>
      <trkpt lat="34.785297" lon="-83.971386"></trkpt>
      <trkpt lat="34.785346" lon="-83.971607"></trkpt>
      <trkpt lat="34.785406" lon="-83.972111"></trkpt>
      <trkpt lat="34.785431" lon="-83.972285"></trkpt>
      <trkpt lat="34.78536" lon="-83.972409"></trkpt>
      <trkpt lat="34.785318" lon="-83.972527"></trkpt>
      <trkpt lat="34.785291" lon="-83.972656"></trkpt>
      <trkpt lat="34.785277" lon="-83.972776"></trkpt>
      <trkpt lat="34.785321" lon="-83.972843"></trkpt>
      <trkpt lat="34.785453" lon="-83.973023"></trkpt>
      <trkpt lat="34.785538" lon="-83.973193"></trkpt>
      <trkpt lat="34.785568" lon="-83.973341"></trkpt>
      <trkpt lat="34.785589" lon="-83.973448"></trkpt>
      <trkpt lat="34.785626" lon="-83.973534"></trkpt>
      <trkpt lat="34.78562" lon="-83.973764"></trkpt>
      <trkpt lat="34.785832" lon="-83.973909"></trkpt>
      <trkpt lat="34.785806" lon="-83.974029"></trkpt>
      <trkpt lat="34.785749" lon="-83.974201"></trkpt>
      <trkpt lat="34.785728" lon="-83.974519"></trkpt>
      <trkpt lat="34.78573" lon="-83.974707"></trkpt>
      <trkpt lat="34.785778" lon="-83.974931"></trkpt>
      <trkpt lat="34.785825" lon="-83.975119"></trkpt>
      <trkpt lat="34.78588" lon="-83.97528"></trkpt>
      <trkpt lat="34.785949" lon="-83.975465"></trkpt>
      <trkpt lat="34.786072" lon="-83.975714"></trkpt>
      <trkpt lat="34.786172" lon="-83.975877"></trkpt>
      <trkpt lat="34.786254" lon="-83.975991"></trkpt>
      <trkpt lat="34.786347" lon="-83.976117"></trkpt>
      <trkpt lat="34.786437" lon="-83.97624"></trkpt>
      <trkpt lat="34.786537" lon="-83.976319"></trkpt>
      <trkpt lat="34.786729" lon="-83.976377"></trkpt>
      <trkpt lat="34.786934" lon="-83.976368"></trkpt>
      <trkpt lat="34.787108" lon="-83.976338"></trkpt>
      <trkpt lat="34.78723" lon="-83.976368"></trkpt>
      <trkpt lat="34.787295" lon="-83.976437"></trkpt>
      <trkpt lat="34.787323" lon="-83.976525"></trkpt>
      <trkpt lat="34.787318" lon="-83.976767"></trkpt>
      <trkpt lat="34.787258" lon="-83.976898"></trkpt>
      <trkpt lat="34.787189" lon="-83.976982"></trkpt>
      <trkpt lat="34.78711" lon="-83.977055"></trkpt>
      <trkpt lat="34.787052" lon="-83.97716"></trkpt>
      <trkpt lat="34.786988" lon="-83.977396"></trkpt>
      <trkpt lat="34.786939" lon="-83.97757"></trkpt>
      <trkpt lat="34.786888" lon="-83.977791"></trkpt>
      <trkpt lat="34.786796" lon="-83.978103"></trkpt>
      <trkpt lat="34.786788" lon="-83.978603"></trkpt>
      <trkpt lat="34.78664" lon="-83.979185"></trkpt>
      <trkpt lat="34.786348" lon="-83.979715"></trkpt>
      <trkpt lat="34.786193" lon="-83.980349"></trkpt>
      <trkpt lat="34.785995" lon="-83.980944"></trkpt>
      <trkpt lat="34.785826" lon="-83.981166"></trkpt>
    </trkseg>
    <trkseg>
      <trkpt lat="34.785826" lon="-83.981166"></trkpt>
      <trkpt lat="34.789506" lon="-83.985797"></trkpt>
      <trkpt lat="34.789618" lon="-83.985708"></trkpt>
      <trkpt lat="34.789884" lon="-83.985519"></trkpt>
      <trkpt lat="34.790015" lon="-83.985207"></trkpt>
      <trkpt lat="34.790123" lon="-83.984981"></trkpt>
      <trkpt lat="34.790355" lon="-83.984803"></trkpt>
      <trkpt lat="34.790525" lon="-83.984617"></trkpt>
    </trkseg>
  </trk>
  <trk><name>Day 5</name><desc>2026-10-19 — Morning pan at CAMP-U, walk out to Owltown Gap, drive to Vogel</desc>
    <trkseg>
      <trkpt lat="34.790525" lon="-83.984617"></trkpt>
      <trkpt lat="34.790702" lon="-83.984367"></trkpt>
      <trkpt lat="34.790955" lon="-83.983998"></trkpt>
      <trkpt lat="34.791199" lon="-83.98364"></trkpt>
      <trkpt lat="34.791548" lon="-83.983431"></trkpt>
      <trkpt lat="34.791816" lon="-83.983347"></trkpt>
      <trkpt lat="34.792031" lon="-83.983191"></trkpt>
      <trkpt lat="34.792054" lon="-83.983095"></trkpt>
      <trkpt lat="34.79218" lon="-83.9829"></trkpt>
      <trkpt lat="34.792455" lon="-83.982721"></trkpt>
      <trkpt lat="34.792512" lon="-83.982539"></trkpt>
      <trkpt lat="34.792524" lon="-83.982327"></trkpt>
      <trkpt lat="34.79283" lon="-83.981977"></trkpt>
      <trkpt lat="34.792896" lon="-83.981805"></trkpt>
      <trkpt lat="34.79303" lon="-83.981588"></trkpt>
      <trkpt lat="34.793133" lon="-83.981521"></trkpt>
      <trkpt lat="34.793266" lon="-83.981262"></trkpt>
      <trkpt lat="34.793438" lon="-83.981129"></trkpt>
    </trkseg>
    <trkseg>
      <trkpt lat="34.793438" lon="-83.981129"></trkpt>
      <trkpt lat="34.793838" lon="-83.981083"></trkpt>
      <trkpt lat="34.793963" lon="-83.98102"></trkpt>
      <trkpt lat="34.793995" lon="-83.980902"></trkpt>
      <trkpt lat="34.794166" lon="-83.980769"></trkpt>
      <trkpt lat="34.794318" lon="-83.980541"></trkpt>
      <trkpt lat="34.794486" lon="-83.98027"></trkpt>
      <trkpt lat="34.794727" lon="-83.980135"></trkpt>
      <trkpt lat="34.794803" lon="-83.980026"></trkpt>
      <trkpt lat="34.794895" lon="-83.979853"></trkpt>
      <trkpt lat="34.795066" lon="-83.979741"></trkpt>
      <trkpt lat="34.795263" lon="-83.979586"></trkpt>
      <trkpt lat="34.795517" lon="-83.979598"></trkpt>
      <trkpt lat="34.79584" lon="-83.979208"></trkpt>
      <trkpt lat="34.796098" lon="-83.978904"></trkpt>
      <trkpt lat="34.796235" lon="-83.978794"></trkpt>
      <trkpt lat="34.796342" lon="-83.978557"></trkpt>
      <trkpt lat="34.796445" lon="-83.978468"></trkpt>
      <trkpt lat="34.796602" lon="-83.978441"></trkpt>
      <trkpt lat="34.796729" lon="-83.978299"></trkpt>
      <trkpt lat="34.796787" lon="-83.978191"></trkpt>
      <trkpt lat="34.79682" lon="-83.978095"></trkpt>
      <trkpt lat="34.796923" lon="-83.978027"></trkpt>
      <trkpt lat="34.797078" lon="-83.977948"></trkpt>
      <trkpt lat="34.79723" lon="-83.977741"></trkpt>
      <trkpt lat="34.797394" lon="-83.97764"></trkpt>
      <trkpt lat="34.797541" lon="-83.977581"></trkpt>
      <trkpt lat="34.797713" lon="-83.977594"></trkpt>
      <trkpt lat="34.797967" lon="-83.977502"></trkpt>
    </trkseg>
    <trkseg>
      <trkpt lat="34.798238" lon="-83.978252"></trkpt>
      <trkpt lat="34.798299" lon="-83.978022"></trkpt>
      <trkpt lat="34.798444" lon="-83.977652"></trkpt>
      <trkpt lat="34.798714" lon="-83.97722"></trkpt>
      <trkpt lat="34.798984" lon="-83.976772"></trkpt>
      <trkpt lat="34.799147" lon="-83.97632"></trkpt>
      <trkpt lat="34.79925" lon="-83.976146"></trkpt>
      <trkpt lat="34.799317" lon="-83.975884"></trkpt>
      <trkpt lat="34.79932" lon="-83.975646"></trkpt>
      <trkpt lat="34.799321" lon="-83.975526"></trkpt>
      <trkpt lat="34.799296" lon="-83.974789"></trkpt>
      <trkpt lat="34.799316" lon="-83.974488"></trkpt>
      <trkpt lat="34.799561" lon="-83.97428"></trkpt>
      <trkpt lat="34.800017" lon="-83.973894"></trkpt>
      <trkpt lat="34.800118" lon="-83.973663"></trkpt>
      <trkpt lat="34.800107" lon="-83.973461"></trkpt>
      <trkpt lat="34.800062" lon="-83.973284"></trkpt>
      <trkpt lat="34.80003" lon="-83.973058"></trkpt>
      <trkpt lat="34.800024" lon="-83.972847"></trkpt>
      <trkpt lat="34.800073" lon="-83.972659"></trkpt>
      <trkpt lat="34.800325" lon="-83.972301"></trkpt>
      <trkpt lat="34.800414" lon="-83.972079"></trkpt>
      <trkpt lat="34.80049" lon="-83.971662"></trkpt>
      <trkpt lat="34.800607" lon="-83.970984"></trkpt>
      <trkpt lat="34.800682" lon="-83.970779"></trkpt>
      <trkpt lat="34.800745" lon="-83.97059"></trkpt>
      <trkpt lat="34.800772" lon="-83.970361"></trkpt>
      <trkpt lat="34.80082" lon="-83.970132"></trkpt>
      <trkpt lat="34.800807" lon="-83.969968"></trkpt>
      <trkpt lat="34.800801" lon="-83.969898"></trkpt>
      <trkpt lat="34.800628" lon="-83.969393"></trkpt>
      <trkpt lat="34.800561" lon="-83.96912"></trkpt>
      <trkpt lat="34.800723" lon="-83.968667"></trkpt>
      <trkpt lat="34.80104" lon="-83.967942"></trkpt>
      <trkpt lat="34.801083" lon="-83.96777"></trkpt>
      <trkpt lat="34.801209" lon="-83.967489"></trkpt>
      <trkpt lat="34.801308" lon="-83.967137"></trkpt>
      <trkpt lat="34.801314" lon="-83.967098"></trkpt>
      <trkpt lat="34.801348" lon="-83.966892"></trkpt>
      <trkpt lat="34.801371" lon="-83.966777"></trkpt>
    </trkseg>
    <trkseg>
      <trkpt lat="34.801371" lon="-83.966777"></trkpt>
      <trkpt lat="34.801784" lon="-83.96449"></trkpt>
      <trkpt lat="34.802382" lon="-83.962016"></trkpt>
      <trkpt lat="34.802697" lon="-83.960336"></trkpt>
      <trkpt lat="34.802907" lon="-83.959095"></trkpt>
      <trkpt lat="34.803108" lon="-83.957513"></trkpt>
      <trkpt lat="34.803308" lon="-83.956471"></trkpt>
      <trkpt lat="34.803036" lon="-83.954811"></trkpt>
      <trkpt lat="34.8031" lon="-83.954184"></trkpt>
      <trkpt lat="34.803146" lon="-83.953722"></trkpt>
      <trkpt lat="34.803343" lon="-83.953089"></trkpt>
      <trkpt lat="34.803568" lon="-83.952766"></trkpt>
      <trkpt lat="34.803823" lon="-83.952665"></trkpt>
      <trkpt lat="34.804394" lon="-83.952654"></trkpt>
      <trkpt lat="34.804621" lon="-83.952762"></trkpt>
      <trkpt lat="34.804953" lon="-83.952919"></trkpt>
      <trkpt lat="34.805015" lon="-83.952913"></trkpt>
      <trkpt lat="34.805293" lon="-83.952885"></trkpt>
      <trkpt lat="34.805771" lon="-83.952603"></trkpt>
      <trkpt lat="34.80605" lon="-83.952657"></trkpt>
      <trkpt lat="34.806266" lon="-83.952598"></trkpt>
      <trkpt lat="34.806585" lon="-83.952171"></trkpt>
      <trkpt lat="34.807013" lon="-83.952075"></trkpt>
      <trkpt lat="34.807079" lon="-83.951881"></trkpt>
      <trkpt lat="34.807041" lon="-83.951388"></trkpt>
      <trkpt lat="34.807187" lon="-83.951069"></trkpt>
      <trkpt lat="34.807522" lon="-83.95078"></trkpt>
      <trkpt lat="34.807835" lon="-83.950608"></trkpt>
      <trkpt lat="34.807984" lon="-83.950535"></trkpt>
      <trkpt lat="34.808125" lon="-83.95061"></trkpt>
      <trkpt lat="34.808308" lon="-83.950972"></trkpt>
      <trkpt lat="34.808403" lon="-83.951092"></trkpt>
      <trkpt lat="34.80846" lon="-83.951163"></trkpt>
      <trkpt lat="34.808651" lon="-83.951117"></trkpt>
      <trkpt lat="34.808783" lon="-83.950972"></trkpt>
      <trkpt lat="34.808955" lon="-83.950908"></trkpt>
      <trkpt lat="34.809054" lon="-83.95102"></trkpt>
      <trkpt lat="34.809136" lon="-83.951208"></trkpt>
      <trkpt lat="34.809338" lon="-83.951431"></trkpt>
      <trkpt lat="34.80958" lon="-83.951404"></trkpt>
      <trkpt lat="34.809997" lon="-83.951079"></trkpt>
      <trkpt lat="34.810347" lon="-83.951045"></trkpt>
      <trkpt lat="34.810501" lon="-83.950967"></trkpt>
      <trkpt lat="34.810871" lon="-83.950575"></trkpt>
      <trkpt lat="34.811133" lon="-83.949982"></trkpt>
      <trkpt lat="34.811386" lon="-83.949591"></trkpt>
      <trkpt lat="34.811433" lon="-83.949522"></trkpt>
    </trkseg>
    <trkseg>
      <trkpt lat="34.811433" lon="-83.94952"></trkpt>
      <trkpt lat="34.811434" lon="-83.949446"></trkpt>
      <trkpt lat="34.811437" lon="-83.949349"></trkpt>
      <trkpt lat="34.81146" lon="-83.949238"></trkpt>
      <trkpt lat="34.811489" lon="-83.949141"></trkpt>
      <trkpt lat="34.811535" lon="-83.949048"></trkpt>
      <trkpt lat="34.81158" lon="-83.948954"></trkpt>
      <trkpt lat="34.811635" lon="-83.948867"></trkpt>
      <trkpt lat="34.811697" lon="-83.948789"></trkpt>
      <trkpt lat="34.811768" lon="-83.94872"></trkpt>
      <trkpt lat="34.811844" lon="-83.948663"></trkpt>
      <trkpt lat="34.811937" lon="-83.948577"></trkpt>
      <trkpt lat="34.812025" lon="-83.948505"></trkpt>
      <trkpt lat="34.812283" lon="-83.948311"></trkpt>
      <trkpt lat="34.81236" lon="-83.948258"></trkpt>
      <trkpt lat="34.812424" lon="-83.948188"></trkpt>
      <trkpt lat="34.812471" lon="-83.948106"></trkpt>
      <trkpt lat="34.812531" lon="-83.94802"></trkpt>
      <trkpt lat="34.812569" lon="-83.947919"></trkpt>
      <trkpt lat="34.812609" lon="-83.94782"></trkpt>
      <trkpt lat="34.812641" lon="-83.947678"></trkpt>
      <trkpt lat="34.812646" lon="-83.947594"></trkpt>
      <trkpt lat="34.812654" lon="-83.947486"></trkpt>
      <trkpt lat="34.812649" lon="-83.947383"></trkpt>
      <trkpt lat="34.812622" lon="-83.947177"></trkpt>
      <trkpt lat="34.812602" lon="-83.947057"></trkpt>
      <trkpt lat="34.812561" lon="-83.946822"></trkpt>
      <trkpt lat="34.812524" lon="-83.946705"></trkpt>
      <trkpt lat="34.812505" lon="-83.946601"></trkpt>
      <trkpt lat="34.812475" lon="-83.946504"></trkpt>
      <trkpt lat="34.812442" lon="-83.946382"></trkpt>
      <trkpt lat="34.812405" lon="-83.946185"></trkpt>
      <trkpt lat="34.812383" lon="-83.94605"></trkpt>
      <trkpt lat="34.812371" lon="-83.945928"></trkpt>
      <trkpt lat="34.81238" lon="-83.945771"></trkpt>
      <trkpt lat="34.81241" lon="-83.945656"></trkpt>
      <trkpt lat="34.812436" lon="-83.945541"></trkpt>
      <trkpt lat="34.812474" lon="-83.945438"></trkpt>
      <trkpt lat="34.812507" lon="-83.945349"></trkpt>
      <trkpt lat="34.812556" lon="-83.945265"></trkpt>
      <trkpt lat="34.812703" lon="-83.944961"></trkpt>
      <trkpt lat="34.81274" lon="-83.944894"></trkpt>
      <trkpt lat="34.812746" lon="-83.944883"></trkpt>
      <trkpt lat="34.812842" lon="-83.94468"></trkpt>
      <trkpt lat="34.812931" lon="-83.944477"></trkpt>
      <trkpt lat="34.812987" lon="-83.94427"></trkpt>
      <trkpt lat="34.813031" lon="-83.9441"></trkpt>
      <trkpt lat="34.813047" lon="-83.943993"></trkpt>
      <trkpt lat="34.813057" lon="-83.943927"></trkpt>
      <trkpt lat="34.813068" lon="-83.943728"></trkpt>
      <trkpt lat="34.813068" lon="-83.943619"></trkpt>
      <trkpt lat="34.813054" lon="-83.943411"></trkpt>
      <trkpt lat="34.813025" lon="-83.943199"></trkpt>
      <trkpt lat="34.812975" lon="-83.942997"></trkpt>
      <trkpt lat="34.812919" lon="-83.94278"></trkpt>
      <trkpt lat="34.812841" lon="-83.942482"></trkpt>
      <trkpt lat="34.812754" lon="-83.942102"></trkpt>
      <trkpt lat="34.812699" lon="-83.941872"></trkpt>
      <trkpt lat="34.812661" lon="-83.941678"></trkpt>
      <trkpt lat="34.812644" lon="-83.94157"></trkpt>
      <trkpt lat="34.81263" lon="-83.941461"></trkpt>
      <trkpt lat="34.812629" lon="-83.941358"></trkpt>
      <trkpt lat="34.812641" lon="-83.941258"></trkpt>
      <trkpt lat="34.812662" lon="-83.941133"></trkpt>
      <trkpt lat="34.812701" lon="-83.94102"></trkpt>
      <trkpt lat="34.812739" lon="-83.940935"></trkpt>
      <trkpt lat="34.812796" lon="-83.940843"></trkpt>
      <trkpt lat="34.81286" lon="-83.940752"></trkpt>
      <trkpt lat="34.812937" lon="-83.940661"></trkpt>
      <trkpt lat="34.812999" lon="-83.940595"></trkpt>
      <trkpt lat="34.813074" lon="-83.940523"></trkpt>
      <trkpt lat="34.813147" lon="-83.94045"></trkpt>
      <trkpt lat="34.813359" lon="-83.940253"></trkpt>
      <trkpt lat="34.813533" lon="-83.940073"></trkpt>
      <trkpt lat="34.813704" lon="-83.939885"></trkpt>
      <trkpt lat="34.813877" lon="-83.93967"></trkpt>
      <trkpt lat="34.814054" lon="-83.939406"></trkpt>
      <trkpt lat="34.814778" lon="-83.938241"></trkpt>
      <trkpt lat="34.815328" lon="-83.937384"></trkpt>
      <trkpt lat="34.816121" lon="-83.936091"></trkpt>
      <trkpt lat="34.816254" lon="-83.93584"></trkpt>
      <trkpt lat="34.81631" lon="-83.935763"></trkpt>
      <trkpt lat="34.816653" lon="-83.935267"></trkpt>
      <trkpt lat="34.816784" lon="-83.934981"></trkpt>
      <trkpt lat="34.816813" lon="-83.934878"></trkpt>
      <trkpt lat="34.816835" lon="-83.934772"></trkpt>
      <trkpt lat="34.816849" lon="-83.934664"></trkpt>
      <trkpt lat="34.816858" lon="-83.934473"></trkpt>
      <trkpt lat="34.816998" lon="-83.93369"></trkpt>
      <trkpt lat="34.817045" lon="-83.933479"></trkpt>
      <trkpt lat="34.817104" lon="-83.933272"></trkpt>
      <trkpt lat="34.817173" lon="-83.933071"></trkpt>
      <trkpt lat="34.817254" lon="-83.932875"></trkpt>
      <trkpt lat="34.817344" lon="-83.932686"></trkpt>
      <trkpt lat="34.817445" lon="-83.932505"></trkpt>
      <trkpt lat="34.817498" lon="-83.93242"></trkpt>
      <trkpt lat="34.817632" lon="-83.932226"></trkpt>
      <trkpt lat="34.818195" lon="-83.931269"></trkpt>
      <trkpt lat="34.818966" lon="-83.930008"></trkpt>
      <trkpt lat="34.819032" lon="-83.92989"></trkpt>
      <trkpt lat="34.819098" lon="-83.929777"></trkpt>
      <trkpt lat="34.819153" lon="-83.929681"></trkpt>
      <trkpt lat="34.819226" lon="-83.929569"></trkpt>
      <trkpt lat="34.819265" lon="-83.92951"></trkpt>
      <trkpt lat="34.819316" lon="-83.92942"></trkpt>
      <trkpt lat="34.819407" lon="-83.929232"></trkpt>
      <trkpt lat="34.819526" lon="-83.928849"></trkpt>
      <trkpt lat="34.819559" lon="-83.928726"></trkpt>
      <trkpt lat="34.819599" lon="-83.928558"></trkpt>
      <trkpt lat="34.819605" lon="-83.928197"></trkpt>
      <trkpt lat="34.819593" lon="-83.927692"></trkpt>
      <trkpt lat="34.819581" lon="-83.927091"></trkpt>
      <trkpt lat="34.81958" lon="-83.926779"></trkpt>
      <trkpt lat="34.819611" lon="-83.926194"></trkpt>
      <trkpt lat="34.81964" lon="-83.925977"></trkpt>
      <trkpt lat="34.81966" lon="-83.925849"></trkpt>
      <trkpt lat="34.81986" lon="-83.925847"></trkpt>
      <trkpt lat="34.820758" lon="-83.925849"></trkpt>
      <trkpt lat="34.821093" lon="-83.925829"></trkpt>
      <trkpt lat="34.821311" lon="-83.92583"></trkpt>
      <trkpt lat="34.821428" lon="-83.925848"></trkpt>
      <trkpt lat="34.821588" lon="-83.925919"></trkpt>
      <trkpt lat="34.821706" lon="-83.926002"></trkpt>
      <trkpt lat="34.821778" lon="-83.92604"></trkpt>
      <trkpt lat="34.822031" lon="-83.926252"></trkpt>
      <trkpt lat="34.82217" lon="-83.926287"></trkpt>
      <trkpt lat="34.822316" lon="-83.926306"></trkpt>
      <trkpt lat="34.822467" lon="-83.926316"></trkpt>
      <trkpt lat="34.822555" lon="-83.926287"></trkpt>
      <trkpt lat="34.822639" lon="-83.926253"></trkpt>
      <trkpt lat="34.822715" lon="-83.926219"></trkpt>
      <trkpt lat="34.822883" lon="-83.92607"></trkpt>
      <trkpt lat="34.822943" lon="-83.926016"></trkpt>
      <trkpt lat="34.82317" lon="-83.925922"></trkpt>
      <trkpt lat="34.823323" lon="-83.925895"></trkpt>
      <trkpt lat="34.823477" lon="-83.925895"></trkpt>
      <trkpt lat="34.823634" lon="-83.925901"></trkpt>
      <trkpt lat="34.823977" lon="-83.925998"></trkpt>
      <trkpt lat="34.824165" lon="-83.926086"></trkpt>
      <trkpt lat="34.824358" lon="-83.926152"></trkpt>
      <trkpt lat="34.824497" lon="-83.926183"></trkpt>
      <trkpt lat="34.824661" lon="-83.926128"></trkpt>
      <trkpt lat="34.82473" lon="-83.926022"></trkpt>
      <trkpt lat="34.824972" lon="-83.925738"></trkpt>
      <trkpt lat="34.82525" lon="-83.92552"></trkpt>
      <trkpt lat="34.825469" lon="-83.925442"></trkpt>
      <trkpt lat="34.825894" lon="-83.925331"></trkpt>
      <trkpt lat="34.826089" lon="-83.92523"></trkpt>
      <trkpt lat="34.826139" lon="-83.925109"></trkpt>
      <trkpt lat="34.826155" lon="-83.924828"></trkpt>
      <trkpt lat="34.826169" lon="-83.924706"></trkpt>
      <trkpt lat="34.826229" lon="-83.924486"></trkpt>
      <trkpt lat="34.826267" lon="-83.924424"></trkpt>
      <trkpt lat="34.826317" lon="-83.924331"></trkpt>
      <trkpt lat="34.826365" lon="-83.924282"></trkpt>
      <trkpt lat="34.826258" lon="-83.92413"></trkpt>
      <trkpt lat="34.826097" lon="-83.923824"></trkpt>
      <trkpt lat="34.825908" lon="-83.923398"></trkpt>
      <trkpt lat="34.825806" lon="-83.923179"></trkpt>
      <trkpt lat="34.825801" lon="-83.923037"></trkpt>
      <trkpt lat="34.825746" lon="-83.922955"></trkpt>
      <trkpt lat="34.825518" lon="-83.922609"></trkpt>
      <trkpt lat="34.825316" lon="-83.922245"></trkpt>
      <trkpt lat="34.824955" lon="-83.921573"></trkpt>
      <trkpt lat="34.824678" lon="-83.921053"></trkpt>
      <trkpt lat="34.824493" lon="-83.920678"></trkpt>
      <trkpt lat="34.82437" lon="-83.920398"></trkpt>
      <trkpt lat="34.824265" lon="-83.920131"></trkpt>
      <trkpt lat="34.82413" lon="-83.919586"></trkpt>
      <trkpt lat="34.824076" lon="-83.919305"></trkpt>
      <trkpt lat="34.824026" lon="-83.918926"></trkpt>
      <trkpt lat="34.824005" lon="-83.918618"></trkpt>
      <trkpt lat="34.823997" lon="-83.918362"></trkpt>
      <trkpt lat="34.824034" lon="-83.917698"></trkpt>
      <trkpt lat="34.824076" lon="-83.917389"></trkpt>
      <trkpt lat="34.824119" lon="-83.917181"></trkpt>
      <trkpt lat="34.824178" lon="-83.91692"></trkpt>
      <trkpt lat="34.824261" lon="-83.916608"></trkpt>
      <trkpt lat="34.824418" lon="-83.91618"></trkpt>
      <trkpt lat="34.825008" lon="-83.915072"></trkpt>
      <trkpt lat="34.82564" lon="-83.914032"></trkpt>
      <trkpt lat="34.825644" lon="-83.914025"></trkpt>
      <trkpt lat="34.825966" lon="-83.913508"></trkpt>
      <trkpt lat="34.826256" lon="-83.912989"></trkpt>
      <trkpt lat="34.826421" lon="-83.912698"></trkpt>
      <trkpt lat="34.826548" lon="-83.912402"></trkpt>
      <trkpt lat="34.826636" lon="-83.912222"></trkpt>
      <trkpt lat="34.82675" lon="-83.911735"></trkpt>
      <trkpt lat="34.826735" lon="-83.911232"></trkpt>
      <trkpt lat="34.826616" lon="-83.910834"></trkpt>
      <trkpt lat="34.826455" lon="-83.910508"></trkpt>
      <trkpt lat="34.826325" lon="-83.910342"></trkpt>
      <trkpt lat="34.825984" lon="-83.909907"></trkpt>
      <trkpt lat="34.825762" lon="-83.909553"></trkpt>
      <trkpt lat="34.825598" lon="-83.909344"></trkpt>
      <trkpt lat="34.825335" lon="-83.909007"></trkpt>
      <trkpt lat="34.824715" lon="-83.908212"></trkpt>
      <trkpt lat="34.824616" lon="-83.908086"></trkpt>
      <trkpt lat="34.823956" lon="-83.907091"></trkpt>
      <trkpt lat="34.823393" lon="-83.90602"></trkpt>
      <trkpt lat="34.823178" lon="-83.905623"></trkpt>
      <trkpt lat="34.822904" lon="-83.905276"></trkpt>
      <trkpt lat="34.822509" lon="-83.904813"></trkpt>
      <trkpt lat="34.822317" lon="-83.90465"></trkpt>
      <trkpt lat="34.822142" lon="-83.9045"></trkpt>
      <trkpt lat="34.821823" lon="-83.904328"></trkpt>
      <trkpt lat="34.821306" lon="-83.904048"></trkpt>
      <trkpt lat="34.82099" lon="-83.903896"></trkpt>
      <trkpt lat="34.820338" lon="-83.903572"></trkpt>
      <trkpt lat="34.81944" lon="-83.903071"></trkpt>
      <trkpt lat="34.819155" lon="-83.902937"></trkpt>
      <trkpt lat="34.818685" lon="-83.902683"></trkpt>
      <trkpt lat="34.817858" lon="-83.902256"></trkpt>
      <trkpt lat="34.817637" lon="-83.902142"></trkpt>
      <trkpt lat="34.817471" lon="-83.902076"></trkpt>
      <trkpt lat="34.817259" lon="-83.901985"></trkpt>
      <trkpt lat="34.817214" lon="-83.901966"></trkpt>
      <trkpt lat="34.816951" lon="-83.901862"></trkpt>
      <trkpt lat="34.816794" lon="-83.901802"></trkpt>
      <trkpt lat="34.816645" lon="-83.901765"></trkpt>
      <trkpt lat="34.816385" lon="-83.9017"></trkpt>
      <trkpt lat="34.816322" lon="-83.901686"></trkpt>
      <trkpt lat="34.81604" lon="-83.901625"></trkpt>
      <trkpt lat="34.815574" lon="-83.901589"></trkpt>
      <trkpt lat="34.814957" lon="-83.901517"></trkpt>
      <trkpt lat="34.814138" lon="-83.901403"></trkpt>
      <trkpt lat="34.813584" lon="-83.90133"></trkpt>
      <trkpt lat="34.81188" lon="-83.901103"></trkpt>
      <trkpt lat="34.811113" lon="-83.901006"></trkpt>
      <trkpt lat="34.810493" lon="-83.900931"></trkpt>
      <trkpt lat="34.809766" lon="-83.90084"></trkpt>
      <trkpt lat="34.809167" lon="-83.900783"></trkpt>
      <trkpt lat="34.808726" lon="-83.900734"></trkpt>
      <trkpt lat="34.808383" lon="-83.900724"></trkpt>
      <trkpt lat="34.808204" lon="-83.900695"></trkpt>
      <trkpt lat="34.807642" lon="-83.900616"></trkpt>
      <trkpt lat="34.807123" lon="-83.900534"></trkpt>
      <trkpt lat="34.806652" lon="-83.900455"></trkpt>
      <trkpt lat="34.806303" lon="-83.900398"></trkpt>
      <trkpt lat="34.805957" lon="-83.900339"></trkpt>
      <trkpt lat="34.805651" lon="-83.900271"></trkpt>
      <trkpt lat="34.805394" lon="-83.900187"></trkpt>
      <trkpt lat="34.80507" lon="-83.900022"></trkpt>
      <trkpt lat="34.804156" lon="-83.899279"></trkpt>
      <trkpt lat="34.803732" lon="-83.898875"></trkpt>
      <trkpt lat="34.80343" lon="-83.898603"></trkpt>
      <trkpt lat="34.802861" lon="-83.898072"></trkpt>
      <trkpt lat="34.802501" lon="-83.897743"></trkpt>
      <trkpt lat="34.802227" lon="-83.897484"></trkpt>
      <trkpt lat="34.801784" lon="-83.897079"></trkpt>
      <trkpt lat="34.801325" lon="-83.896642"></trkpt>
      <trkpt lat="34.800745" lon="-83.896164"></trkpt>
      <trkpt lat="34.80044" lon="-83.895933"></trkpt>
      <trkpt lat="34.799914" lon="-83.895583"></trkpt>
      <trkpt lat="34.799179" lon="-83.895148"></trkpt>
      <trkpt lat="34.79849" lon="-83.894857"></trkpt>
      <trkpt lat="34.797891" lon="-83.894585"></trkpt>
      <trkpt lat="34.796463" lon="-83.893985"></trkpt>
      <trkpt lat="34.795904" lon="-83.893779"></trkpt>
      <trkpt lat="34.795494" lon="-83.893711"></trkpt>
      <trkpt lat="34.795232" lon="-83.893683"></trkpt>
      <trkpt lat="34.795003" lon="-83.893693"></trkpt>
      <trkpt lat="34.794871" lon="-83.893699"></trkpt>
      <trkpt lat="34.794664" lon="-83.893727"></trkpt>
      <trkpt lat="34.793827" lon="-83.893993"></trkpt>
      <trkpt lat="34.793351" lon="-83.894186"></trkpt>
      <trkpt lat="34.792987" lon="-83.894364"></trkpt>
      <trkpt lat="34.79264" lon="-83.894642"></trkpt>
      <trkpt lat="34.792361" lon="-83.894966"></trkpt>
      <trkpt lat="34.792146" lon="-83.895309"></trkpt>
      <trkpt lat="34.792044" lon="-83.89552"></trkpt>
      <trkpt lat="34.792006" lon="-83.895612"></trkpt>
      <trkpt lat="34.791957" lon="-83.895738"></trkpt>
      <trkpt lat="34.791906" lon="-83.895891"></trkpt>
      <trkpt lat="34.791873" lon="-83.896023"></trkpt>
      <trkpt lat="34.79184" lon="-83.896178"></trkpt>
      <trkpt lat="34.791813" lon="-83.896336"></trkpt>
      <trkpt lat="34.791795" lon="-83.896478"></trkpt>
      <trkpt lat="34.791782" lon="-83.89662"></trkpt>
      <trkpt lat="34.791774" lon="-83.896886"></trkpt>
      <trkpt lat="34.791782" lon="-83.899705"></trkpt>
      <trkpt lat="34.791785" lon="-83.900448"></trkpt>
      <trkpt lat="34.791787" lon="-83.90125"></trkpt>
      <trkpt lat="34.791778" lon="-83.901377"></trkpt>
      <trkpt lat="34.791758" lon="-83.901637"></trkpt>
      <trkpt lat="34.791729" lon="-83.901852"></trkpt>
      <trkpt lat="34.791708" lon="-83.90226"></trkpt>
      <trkpt lat="34.791634" lon="-83.902758"></trkpt>
      <trkpt lat="34.791543" lon="-83.903993"></trkpt>
      <trkpt lat="34.791535" lon="-83.904223"></trkpt>
      <trkpt lat="34.791535" lon="-83.90444"></trkpt>
      <trkpt lat="34.791577" lon="-83.904524"></trkpt>
      <trkpt lat="34.791649" lon="-83.904664"></trkpt>
      <trkpt lat="34.791741" lon="-83.904802"></trkpt>
      <trkpt lat="34.791837" lon="-83.904972"></trkpt>
      <trkpt lat="34.791929" lon="-83.905243"></trkpt>
      <trkpt lat="34.792051" lon="-83.905681"></trkpt>
      <trkpt lat="34.792191" lon="-83.906196"></trkpt>
      <trkpt lat="34.792221" lon="-83.906562"></trkpt>
      <trkpt lat="34.792263" lon="-83.906817"></trkpt>
      <trkpt lat="34.792309" lon="-83.906986"></trkpt>
      <trkpt lat="34.79237" lon="-83.907171"></trkpt>
      <trkpt lat="34.79241" lon="-83.907357"></trkpt>
      <trkpt lat="34.792417" lon="-83.907605"></trkpt>
      <trkpt lat="34.792395" lon="-83.907879"></trkpt>
      <trkpt lat="34.792355" lon="-83.908213"></trkpt>
      <trkpt lat="34.792349" lon="-83.908546"></trkpt>
      <trkpt lat="34.792369" lon="-83.908776"></trkpt>
      <trkpt lat="34.792396" lon="-83.908997"></trkpt>
      <trkpt lat="34.792458" lon="-83.909233"></trkpt>
      <trkpt lat="34.792604" lon="-83.909706"></trkpt>
      <trkpt lat="34.792681" lon="-83.909976"></trkpt>
      <trkpt lat="34.792736" lon="-83.910213"></trkpt>
      <trkpt lat="34.792778" lon="-83.910476"></trkpt>
      <trkpt lat="34.792848" lon="-83.91073"></trkpt>
      <trkpt lat="34.793055" lon="-83.911176"></trkpt>
      <trkpt lat="34.793101" lon="-83.911283"></trkpt>
      <trkpt lat="34.79319" lon="-83.911451"></trkpt>
      <trkpt lat="34.793243" lon="-83.911587"></trkpt>
      <trkpt lat="34.793301" lon="-83.911716"></trkpt>
      <trkpt lat="34.793495" lon="-83.912125"></trkpt>
      <trkpt lat="34.793669" lon="-83.912496"></trkpt>
      <trkpt lat="34.793647" lon="-83.913027"></trkpt>
      <trkpt lat="34.793637" lon="-83.913558"></trkpt>
      <trkpt lat="34.793606" lon="-83.913819"></trkpt>
      <trkpt lat="34.793448" lon="-83.914106"></trkpt>
      <trkpt lat="34.793253" lon="-83.914343"></trkpt>
      <trkpt lat="34.793044" lon="-83.914535"></trkpt>
      <trkpt lat="34.792955" lon="-83.91469"></trkpt>
      <trkpt lat="34.792842" lon="-83.914947"></trkpt>
      <trkpt lat="34.792742" lon="-83.915271"></trkpt>
      <trkpt lat="34.792494" lon="-83.915553"></trkpt>
      <trkpt lat="34.792211" lon="-83.915843"></trkpt>
      <trkpt lat="34.791944" lon="-83.916155"></trkpt>
      <trkpt lat="34.791762" lon="-83.916417"></trkpt>
      <trkpt lat="34.7917" lon="-83.91661"></trkpt>
      <trkpt lat="34.791666" lon="-83.9168"></trkpt>
      <trkpt lat="34.791653" lon="-83.917055"></trkpt>
      <trkpt lat="34.791753" lon="-83.917447"></trkpt>
      <trkpt lat="34.791823" lon="-83.917721"></trkpt>
      <trkpt lat="34.791806" lon="-83.917888"></trkpt>
      <trkpt lat="34.791758" lon="-83.918046"></trkpt>
      <trkpt lat="34.791647" lon="-83.918219"></trkpt>
      <trkpt lat="34.791356" lon="-83.918484"></trkpt>
      <trkpt lat="34.790845" lon="-83.919078"></trkpt>
      <trkpt lat="34.790576" lon="-83.919427"></trkpt>
      <trkpt lat="34.790369" lon="-83.919813"></trkpt>
      <trkpt lat="34.790195" lon="-83.920201"></trkpt>
      <trkpt lat="34.79009" lon="-83.92043"></trkpt>
      <trkpt lat="34.789972" lon="-83.920551"></trkpt>
      <trkpt lat="34.789717" lon="-83.920691"></trkpt>
      <trkpt lat="34.789403" lon="-83.920844"></trkpt>
      <trkpt lat="34.789029" lon="-83.921035"></trkpt>
      <trkpt lat="34.78881" lon="-83.92117"></trkpt>
      <trkpt lat="34.788677" lon="-83.921271"></trkpt>
      <trkpt lat="34.78841" lon="-83.921478"></trkpt>
      <trkpt lat="34.78816" lon="-83.921751"></trkpt>
      <trkpt lat="34.78791" lon="-83.922084"></trkpt>
      <trkpt lat="34.787785" lon="-83.922337"></trkpt>
      <trkpt lat="34.787665" lon="-83.922626"></trkpt>
      <trkpt lat="34.787584" lon="-83.922955"></trkpt>
      <trkpt lat="34.787474" lon="-83.923196"></trkpt>
      <trkpt lat="34.787302" lon="-83.923355"></trkpt>
      <trkpt lat="34.787058" lon="-83.923523"></trkpt>
      <trkpt lat="34.786682" lon="-83.923772"></trkpt>
      <trkpt lat="34.786535" lon="-83.923973"></trkpt>
      <trkpt lat="34.786458" lon="-83.924327"></trkpt>
      <trkpt lat="34.786422" lon="-83.924668"></trkpt>
      <trkpt lat="34.78641" lon="-83.924856"></trkpt>
    </trkseg>
    <trkseg>
      <trkpt lat="34.78641" lon="-83.924856"></trkpt>
      <trkpt lat="34.786422" lon="-83.924668"></trkpt>
      <trkpt lat="34.786458" lon="-83.924327"></trkpt>
      <trkpt lat="34.786535" lon="-83.923973"></trkpt>
      <trkpt lat="34.786682" lon="-83.923772"></trkpt>
      <trkpt lat="34.787058" lon="-83.923523"></trkpt>
      <trkpt lat="34.787302" lon="-83.923355"></trkpt>
      <trkpt lat="34.787474" lon="-83.923196"></trkpt>
      <trkpt lat="34.787584" lon="-83.922955"></trkpt>
      <trkpt lat="34.787665" lon="-83.922626"></trkpt>
      <trkpt lat="34.787785" lon="-83.922337"></trkpt>
      <trkpt lat="34.78791" lon="-83.922084"></trkpt>
      <trkpt lat="34.78816" lon="-83.921751"></trkpt>
      <trkpt lat="34.78841" lon="-83.921478"></trkpt>
      <trkpt lat="34.788677" lon="-83.921271"></trkpt>
      <trkpt lat="34.78881" lon="-83.92117"></trkpt>
      <trkpt lat="34.789029" lon="-83.921035"></trkpt>
      <trkpt lat="34.789403" lon="-83.920844"></trkpt>
      <trkpt lat="34.789717" lon="-83.920691"></trkpt>
      <trkpt lat="34.789972" lon="-83.920551"></trkpt>
      <trkpt lat="34.79009" lon="-83.92043"></trkpt>
      <trkpt lat="34.790195" lon="-83.920201"></trkpt>
      <trkpt lat="34.790369" lon="-83.919813"></trkpt>
      <trkpt lat="34.790576" lon="-83.919427"></trkpt>
      <trkpt lat="34.790845" lon="-83.919078"></trkpt>
      <trkpt lat="34.791356" lon="-83.918484"></trkpt>
      <trkpt lat="34.791647" lon="-83.918219"></trkpt>
      <trkpt lat="34.791758" lon="-83.918046"></trkpt>
      <trkpt lat="34.791806" lon="-83.917888"></trkpt>
      <trkpt lat="34.791823" lon="-83.917721"></trkpt>
      <trkpt lat="34.791753" lon="-83.917447"></trkpt>
      <trkpt lat="34.791653" lon="-83.917055"></trkpt>
      <trkpt lat="34.791666" lon="-83.9168"></trkpt>
      <trkpt lat="34.7917" lon="-83.91661"></trkpt>
      <trkpt lat="34.791762" lon="-83.916417"></trkpt>
      <trkpt lat="34.791944" lon="-83.916155"></trkpt>
      <trkpt lat="34.792211" lon="-83.915843"></trkpt>
      <trkpt lat="34.792494" lon="-83.915553"></trkpt>
      <trkpt lat="34.792742" lon="-83.915271"></trkpt>
      <trkpt lat="34.792842" lon="-83.914947"></trkpt>
      <trkpt lat="34.792955" lon="-83.91469"></trkpt>
      <trkpt lat="34.793044" lon="-83.914535"></trkpt>
      <trkpt lat="34.793253" lon="-83.914343"></trkpt>
      <trkpt lat="34.793448" lon="-83.914106"></trkpt>
      <trkpt lat="34.793606" lon="-83.913819"></trkpt>
      <trkpt lat="34.793637" lon="-83.913558"></trkpt>
      <trkpt lat="34.793647" lon="-83.913027"></trkpt>
      <trkpt lat="34.793669" lon="-83.912496"></trkpt>
      <trkpt lat="34.793495" lon="-83.912125"></trkpt>
      <trkpt lat="34.793301" lon="-83.911716"></trkpt>
      <trkpt lat="34.793243" lon="-83.911587"></trkpt>
      <trkpt lat="34.79319" lon="-83.911451"></trkpt>
      <trkpt lat="34.793101" lon="-83.911283"></trkpt>
      <trkpt lat="34.793055" lon="-83.911176"></trkpt>
      <trkpt lat="34.792848" lon="-83.91073"></trkpt>
      <trkpt lat="34.792778" lon="-83.910476"></trkpt>
      <trkpt lat="34.792736" lon="-83.910213"></trkpt>
      <trkpt lat="34.792681" lon="-83.909976"></trkpt>
      <trkpt lat="34.792604" lon="-83.909706"></trkpt>
      <trkpt lat="34.792458" lon="-83.909233"></trkpt>
      <trkpt lat="34.792396" lon="-83.908997"></trkpt>
      <trkpt lat="34.792369" lon="-83.908776"></trkpt>
      <trkpt lat="34.792349" lon="-83.908546"></trkpt>
      <trkpt lat="34.792355" lon="-83.908213"></trkpt>
      <trkpt lat="34.792395" lon="-83.907879"></trkpt>
      <trkpt lat="34.792417" lon="-83.907605"></trkpt>
      <trkpt lat="34.79241" lon="-83.907357"></trkpt>
      <trkpt lat="34.79237" lon="-83.907171"></trkpt>
      <trkpt lat="34.792309" lon="-83.906986"></trkpt>
      <trkpt lat="34.792263" lon="-83.906817"></trkpt>
      <trkpt lat="34.792221" lon="-83.906562"></trkpt>
      <trkpt lat="34.792191" lon="-83.906196"></trkpt>
      <trkpt lat="34.792051" lon="-83.905681"></trkpt>
      <trkpt lat="34.791929" lon="-83.905243"></trkpt>
      <trkpt lat="34.791837" lon="-83.904972"></trkpt>
      <trkpt lat="34.791741" lon="-83.904802"></trkpt>
      <trkpt lat="34.791649" lon="-83.904664"></trkpt>
      <trkpt lat="34.791577" lon="-83.904524"></trkpt>
      <trkpt lat="34.791535" lon="-83.90444"></trkpt>
      <trkpt lat="34.791535" lon="-83.904223"></trkpt>
      <trkpt lat="34.791543" lon="-83.903993"></trkpt>
      <trkpt lat="34.791634" lon="-83.902758"></trkpt>
      <trkpt lat="34.791708" lon="-83.90226"></trkpt>
      <trkpt lat="34.791729" lon="-83.901852"></trkpt>
      <trkpt lat="34.79152" lon="-83.90279"></trkpt>
      <trkpt lat="34.791372" lon="-83.903367"></trkpt>
      <trkpt lat="34.791261" lon="-83.903696"></trkpt>
      <trkpt lat="34.791155" lon="-83.903964"></trkpt>
      <trkpt lat="34.790986" lon="-83.904252"></trkpt>
      <trkpt lat="34.790556" lon="-83.904755"></trkpt>
      <trkpt lat="34.790118" lon="-83.905178"></trkpt>
      <trkpt lat="34.789811" lon="-83.905389"></trkpt>
      <trkpt lat="34.789267" lon="-83.905488"></trkpt>
      <trkpt lat="34.78891" lon="-83.905558"></trkpt>
      <trkpt lat="34.788461" lon="-83.905794"></trkpt>
      <trkpt lat="34.788199" lon="-83.905993"></trkpt>
      <trkpt lat="34.78792" lon="-83.906133"></trkpt>
      <trkpt lat="34.787659" lon="-83.906144"></trkpt>
      <trkpt lat="34.78745" lon="-83.906086"></trkpt>
      <trkpt lat="34.78716" lon="-83.906105"></trkpt>
      <trkpt lat="34.786848" lon="-83.906269"></trkpt>
      <trkpt lat="34.786551" lon="-83.906441"></trkpt>
      <trkpt lat="34.78617" lon="-83.906629"></trkpt>
      <trkpt lat="34.785905" lon="-83.906683"></trkpt>
      <trkpt lat="34.785236" lon="-83.906865"></trkpt>
      <trkpt lat="34.784817" lon="-83.906946"></trkpt>
      <trkpt lat="34.784653" lon="-83.907004"></trkpt>
      <trkpt lat="34.784355" lon="-83.906929"></trkpt>
      <trkpt lat="34.784192" lon="-83.906824"></trkpt>
      <trkpt lat="34.783886" lon="-83.906662"></trkpt>
      <trkpt lat="34.783688" lon="-83.906621"></trkpt>
      <trkpt lat="34.783465" lon="-83.906636"></trkpt>
      <trkpt lat="34.783209" lon="-83.906747"></trkpt>
      <trkpt lat="34.782914" lon="-83.90698"></trkpt>
      <trkpt lat="34.78276" lon="-83.907297"></trkpt>
      <trkpt lat="34.782654" lon="-83.907608"></trkpt>
      <trkpt lat="34.782605" lon="-83.908029"></trkpt>
      <trkpt lat="34.782611" lon="-83.908515"></trkpt>
      <trkpt lat="34.782589" lon="-83.90873"></trkpt>
      <trkpt lat="34.782535" lon="-83.908883"></trkpt>
      <trkpt lat="34.782466" lon="-83.909026"></trkpt>
      <trkpt lat="34.782266" lon="-83.909227"></trkpt>
      <trkpt lat="34.78182" lon="-83.909579"></trkpt>
      <trkpt lat="34.781587" lon="-83.909665"></trkpt>
      <trkpt lat="34.781499" lon="-83.909684"></trkpt>
      <trkpt lat="34.78141" lon="-83.909696"></trkpt>
      <trkpt lat="34.781326" lon="-83.909691"></trkpt>
      <trkpt lat="34.781242" lon="-83.909678"></trkpt>
      <trkpt lat="34.780861" lon="-83.909543"></trkpt>
      <trkpt lat="34.780166" lon="-83.909254"></trkpt>
      <trkpt lat="34.779432" lon="-83.908944"></trkpt>
      <trkpt lat="34.779146" lon="-83.908883"></trkpt>
      <trkpt lat="34.778745" lon="-83.908843"></trkpt>
      <trkpt lat="34.778377" lon="-83.908833"></trkpt>
      <trkpt lat="34.778011" lon="-83.908854"></trkpt>
      <trkpt lat="34.777656" lon="-83.908862"></trkpt>
      <trkpt lat="34.77731" lon="-83.908905"></trkpt>
      <trkpt lat="34.777126" lon="-83.90897"></trkpt>
      <trkpt lat="34.776914" lon="-83.909086"></trkpt>
      <trkpt lat="34.77672" lon="-83.909219"></trkpt>
      <trkpt lat="34.776487" lon="-83.909425"></trkpt>
      <trkpt lat="34.776159" lon="-83.909666"></trkpt>
      <trkpt lat="34.775979" lon="-83.909769"></trkpt>
      <trkpt lat="34.775757" lon="-83.909864"></trkpt>
      <trkpt lat="34.77563" lon="-83.909911"></trkpt>
      <trkpt lat="34.775372" lon="-83.909967"></trkpt>
      <trkpt lat="34.775188" lon="-83.910031"></trkpt>
      <trkpt lat="34.775068" lon="-83.910097"></trkpt>
      <trkpt lat="34.774926" lon="-83.910173"></trkpt>
      <trkpt lat="34.774737" lon="-83.910289"></trkpt>
      <trkpt lat="34.774577" lon="-83.910407"></trkpt>
      <trkpt lat="34.774314" lon="-83.910616"></trkpt>
      <trkpt lat="34.774151" lon="-83.910739"></trkpt>
      <trkpt lat="34.773749" lon="-83.91103"></trkpt>
      <trkpt lat="34.773683" lon="-83.911094"></trkpt>
      <trkpt lat="34.773617" lon="-83.911173"></trkpt>
      <trkpt lat="34.773564" lon="-83.911267"></trkpt>
      <trkpt lat="34.77353" lon="-83.911349"></trkpt>
      <trkpt lat="34.773513" lon="-83.911421"></trkpt>
      <trkpt lat="34.773499" lon="-83.911516"></trkpt>
      <trkpt lat="34.773482" lon="-83.911669"></trkpt>
      <trkpt lat="34.773471" lon="-83.911926"></trkpt>
      <trkpt lat="34.773457" lon="-83.912287"></trkpt>
      <trkpt lat="34.773459" lon="-83.912644"></trkpt>
      <trkpt lat="34.773406" lon="-83.912958"></trkpt>
      <trkpt lat="34.773356" lon="-83.913117"></trkpt>
      <trkpt lat="34.773265" lon="-83.913301"></trkpt>
      <trkpt lat="34.773201" lon="-83.913405"></trkpt>
      <trkpt lat="34.773099" lon="-83.913486"></trkpt>
      <trkpt lat="34.772905" lon="-83.913585"></trkpt>
      <trkpt lat="34.77276" lon="-83.913619"></trkpt>
      <trkpt lat="34.772555" lon="-83.913675"></trkpt>
      <trkpt lat="34.772319" lon="-83.913727"></trkpt>
      <trkpt lat="34.772145" lon="-83.913819"></trkpt>
      <trkpt lat="34.772081" lon="-83.913883"></trkpt>
      <trkpt lat="34.772019" lon="-83.913959"></trkpt>
      <trkpt lat="34.77186" lon="-83.914225"></trkpt>
      <trkpt lat="34.77146" lon="-83.914828"></trkpt>
      <trkpt lat="34.771341" lon="-83.914971"></trkpt>
      <trkpt lat="34.77123" lon="-83.915096"></trkpt>
      <trkpt lat="34.77088" lon="-83.915469"></trkpt>
      <trkpt lat="34.770627" lon="-83.91565"></trkpt>
      <trkpt lat="34.770406" lon="-83.915732"></trkpt>
      <trkpt lat="34.770193" lon="-83.915786"></trkpt>
      <trkpt lat="34.769528" lon="-83.9159"></trkpt>
      <trkpt lat="34.769321" lon="-83.915939"></trkpt>
      <trkpt lat="34.769074" lon="-83.916055"></trkpt>
      <trkpt lat="34.768964" lon="-83.916124"></trkpt>
      <trkpt lat="34.768869" lon="-83.916223"></trkpt>
      <trkpt lat="34.768801" lon="-83.916318"></trkpt>
      <trkpt lat="34.768712" lon="-83.916492"></trkpt>
      <trkpt lat="34.768559" lon="-83.916892"></trkpt>
      <trkpt lat="34.768414" lon="-83.91711"></trkpt>
      <trkpt lat="34.768145" lon="-83.917312"></trkpt>
      <trkpt lat="34.767765" lon="-83.917509"></trkpt>
      <trkpt lat="34.767815" lon="-83.917652"></trkpt>
      <trkpt lat="34.767815" lon="-83.917706"></trkpt>
      <trkpt lat="34.767791" lon="-83.917759"></trkpt>
      <trkpt lat="34.767743" lon="-83.917803"></trkpt>
      <trkpt lat="34.767658" lon="-83.917864"></trkpt>
      <trkpt lat="34.767611" lon="-83.917912"></trkpt>
      <trkpt lat="34.767579" lon="-83.91798"></trkpt>
      <trkpt lat="34.767566" lon="-83.918047"></trkpt>
      <trkpt lat="34.767562" lon="-83.918132"></trkpt>
      <trkpt lat="34.767633" lon="-83.918429"></trkpt>
      <trkpt lat="34.76764" lon="-83.918528"></trkpt>
      <trkpt lat="34.767627" lon="-83.91865"></trkpt>
      <trkpt lat="34.767558" lon="-83.918794"></trkpt>
      <trkpt lat="34.767508" lon="-83.918913"></trkpt>
      <trkpt lat="34.767445" lon="-83.919078"></trkpt>
      <trkpt lat="34.767428" lon="-83.919128"></trkpt>
      <trkpt lat="34.767398" lon="-83.919287"></trkpt>
      <trkpt lat="34.767375" lon="-83.919483"></trkpt>
      <trkpt lat="34.767371" lon="-83.919674"></trkpt>
      <trkpt lat="34.767381" lon="-83.919815"></trkpt>
      <trkpt lat="34.767357" lon="-83.919935"></trkpt>
      <trkpt lat="34.767297" lon="-83.920067"></trkpt>
      <trkpt lat="34.767144" lon="-83.920319"></trkpt>
      <trkpt lat="34.766878" lon="-83.920659"></trkpt>
      <trkpt lat="34.766449" lon="-83.921297"></trkpt>
      <trkpt lat="34.766138" lon="-83.922002"></trkpt>
      <trkpt lat="34.765903" lon="-83.922417"></trkpt>
      <trkpt lat="34.765762" lon="-83.922618"></trkpt>
      <trkpt lat="34.765605" lon="-83.922861"></trkpt>
      <trkpt lat="34.765569" lon="-83.923011"></trkpt>
      <trkpt lat="34.765569" lon="-83.923182"></trkpt>
      <trkpt lat="34.765611" lon="-83.923318"></trkpt>
      <trkpt lat="34.765689" lon="-83.923465"></trkpt>
      <trkpt lat="34.765747" lon="-83.923565"></trkpt>
      <trkpt lat="34.765708" lon="-83.923773"></trkpt>
      <trkpt lat="34.765718" lon="-83.923789"></trkpt>
      <trkpt lat="34.765842" lon="-83.923994"></trkpt>
      <trkpt lat="34.76589" lon="-83.924073"></trkpt>
      <trkpt lat="34.765907" lon="-83.924082"></trkpt>
      <trkpt lat="34.766032" lon="-83.924147"></trkpt>
      <trkpt lat="34.76589" lon="-83.92435"></trkpt>
      <trkpt lat="34.765562" lon="-83.924681"></trkpt>
      <trkpt lat="34.765472" lon="-83.924781"></trkpt>
      <trkpt lat="34.765526" lon="-83.924829"></trkpt>
      <trkpt lat="34.765587" lon="-83.924848"></trkpt>
      <trkpt lat="34.765763" lon="-83.924858"></trkpt>
      <trkpt lat="34.765816" lon="-83.924878"></trkpt>
      <trkpt lat="34.765739" lon="-83.924988"></trkpt>
      <trkpt lat="34.765678" lon="-83.925062"></trkpt>
    </trkseg>
  </trk>
</gpx>
